customer_no,enquiry_dt,enq_purpose,enq_amt
CUST100000,2022-03-06,Auto Loan,74526.45
CUST100000,2021-10-01,Credit Card,14140.28
CUST100000,2022-07-10,Personal Loan,42421.89
CUST100000,2022-11-04,Unsecured Others,20395.33
CUST100000,2021-03-31,Auto Loan,70666.4
CUST100001,2021-07-25,Credit Card,67810.24
CUST100001,2021-06-30,Credit Card,155157.78
CUST100001,2021-07-01,Auto Loan,130586.97
CUST100001,2021-10-03,Personal Loan,112943.26
CUST100002,2021-09-12,Home Loan,16857.71
CUST100002,2021-06-18,Home Loan,82876.95
CUST100002,2022-03-05,Credit Card,48096.08
CUST100003,2021-12-03,Credit Card,115164.91
CUST100003,2021-12-10,Credit Card,94370.37
CUST100003,2022-06-16,Home Loan,132644.01
CUST100003,2021-05-12,Home Loan,23127.77
CUST100003,2022-03-02,Personal Loan,17786.62
CUST100004,2021-03-11,Personal Loan,114737.36
CUST100004,2021-11-20,Auto Loan,129578.32
CUST100004,2022-10-27,Unsecured Others,156352.33
CUST100004,2022-05-21,Personal Loan,92621.28
CUST100005,2021-07-27,Unsecured Others,143068.91
CUST100005,2021-08-21,Unsecured Others,81245.68
CUST100006,2021-04-28,Auto Loan,19834.58
CUST100006,2021-04-20,Auto Loan,169560.09
CUST100006,2021-07-16,Auto Loan,102652.15
CUST100006,2021-02-12,Auto Loan,55451.98
CUST100007,2022-05-04,Personal Loan,84725.4
CUST100007,2022-09-05,Auto Loan,130073.66
CUST100007,2022-06-01,Unsecured Others,91560.88
CUST100007,2022-11-08,Credit Card,132255.37
CUST100007,2022-08-03,Unsecured Others,7820.02
CUST100007,2022-02-11,Personal Loan,120024.56
CUST100008,2022-03-02,Home Loan,12242.64
CUST100008,2022-08-13,Credit Card,105866.08
CUST100008,2022-04-05,Home Loan,24794.16
CUST100008,2022-05-10,Home Loan,62013.55
CUST100008,2021-01-21,Credit Card,56988.37
CUST100008,2021-10-29,Credit Card,88802.25
CUST100009,2022-04-19,Auto Loan,80286.37
CUST100009,2022-11-11,Personal Loan,9629.98
CUST100010,2022-11-26,Personal Loan,40773.36
CUST100010,2022-03-01,Personal Loan,152464.1
CUST100010,2021-09-09,Home Loan,129780.96
CUST100011,2022-05-19,Unsecured Others,147690.74
CUST100011,2022-05-21,Home Loan,140614.56
CUST100011,2022-02-03,Credit Card,61346.25
CUST100011,2022-01-28,Personal Loan,15477.96
CUST100011,2022-09-23,Home Loan,157897.74
CUST100012,2022-12-10,Home Loan,137350.9
CUST100012,2022-06-22,Auto Loan,81396.37
CUST100013,2022-10-27,Personal Loan,157001.84
CUST100013,2021-01-16,Unsecured Others,100354.07
CUST100013,2022-03-12,Personal Loan,25807.33
CUST100014,2021-10-14,Credit Card,107075.41
CUST100014,2021-04-17,Personal Loan,162823.78
CUST100014,2022-10-05,Unsecured Others,143253.9
CUST100014,2022-05-03,Personal Loan,14417.26
CUST100014,2022-06-07,Auto Loan,40494.09
CUST100014,2022-02-11,Home Loan,101286.0
CUST100014,2022-09-27,Credit Card,69405.39
CUST100015,2021-03-27,Auto Loan,27150.42
CUST100015,2021-06-19,Unsecured Others,197595.37
CUST100016,2021-04-27,Auto Loan,79057.23
CUST100016,2021-12-06,Personal Loan,52050.99
CUST100017,2021-03-12,Credit Card,56803.42
CUST100017,2021-01-11,Personal Loan,167550.9
CUST100017,2022-06-05,Personal Loan,61624.48
CUST100017,2021-10-23,Home Loan,56943.53
CUST100017,2022-02-16,Unsecured Others,6793.59
CUST100017,2021-07-16,Personal Loan,112551.99
CUST100017,2022-11-12,Unsecured Others,124695.18
CUST100018,2022-06-12,Home Loan,168876.99
CUST100019,2022-04-03,Auto Loan,175498.4
CUST100019,2022-07-02,Auto Loan,160005.33
CUST100019,2021-05-18,Unsecured Others,105445.98
CUST100019,2022-03-05,Home Loan,58221.78
CUST100019,2022-04-01,Personal Loan,61096.18
CUST100021,2022-06-04,Credit Card,62171.87
CUST100021,2021-10-11,Credit Card,133026.62
CUST100021,2021-11-07,Unsecured Others,163618.16
CUST100021,2022-04-09,Unsecured Others,137545.62
CUST100022,2022-05-21,Unsecured Others,146855.11
CUST100022,2021-07-23,Credit Card,94518.43
CUST100022,2022-06-12,Auto Loan,117956.35
CUST100022,2021-08-20,Home Loan,153724.62
CUST100022,2022-06-01,Personal Loan,10282.14
CUST100022,2022-06-08,Personal Loan,99115.09
CUST100023,2021-08-19,Home Loan,72157.84
CUST100023,2021-11-20,Personal Loan,173580.16
CUST100023,2021-07-31,Auto Loan,122332.6
CUST100023,2022-12-02,Personal Loan,58524.9
CUST100023,2021-06-22,Credit Card,72140.85
CUST100023,2021-08-22,Credit Card,126316.29
CUST100025,2022-09-27,Auto Loan,44911.94
CUST100025,2022-01-08,Home Loan,69060.72
CUST100025,2022-10-19,Home Loan,155460.68
CUST100025,2021-04-10,Home Loan,140917.18
CUST100025,2021-03-07,Auto Loan,186830.46
CUST100025,2021-01-14,Home Loan,33140.43
CUST100025,2021-05-28,Auto Loan,159416.06
CUST100026,2022-04-07,Auto Loan,17769.36
CUST100026,2021-09-29,Auto Loan,190705.79
CUST100026,2021-08-07,Personal Loan,36094.59
CUST100026,2021-11-06,Unsecured Others,150098.24
CUST100026,2022-09-09,Home Loan,197284.33
CUST100026,2021-03-22,Auto Loan,115210.29
CUST100026,2022-07-28,Personal Loan,45363.56
CUST100027,2021-10-27,Personal Loan,68514.67
CUST100028,2022-11-19,Unsecured Others,155979.6
CUST100028,2021-05-06,Credit Card,64305.27
CUST100028,2022-06-16,Personal Loan,127781.22
CUST100028,2021-08-24,Home Loan,163522.56
CUST100028,2021-04-18,Home Loan,151654.18
CUST100028,2021-04-01,Unsecured Others,37893.85
CUST100028,2021-02-01,Home Loan,142129.28
CUST100029,2021-10-15,Credit Card,171857.6
CUST100029,2022-02-02,Credit Card,100421.05
CUST100029,2021-02-26,Credit Card,65712.59
CUST100029,2022-03-09,Home Loan,10524.03
CUST100030,2021-08-27,Auto Loan,115256.36
CUST100030,2021-07-12,Credit Card,107373.35
CUST100030,2022-11-21,Home Loan,105270.44
CUST100031,2021-09-10,Personal Loan,177007.14
CUST100031,2021-03-11,Credit Card,22554.68
CUST100032,2021-03-28,Auto Loan,130080.46
CUST100032,2021-03-27,Home Loan,111854.68
CUST100032,2021-11-25,Credit Card,84440.59
CUST100032,2021-10-14,Home Loan,53303.77
CUST100032,2021-06-13,Unsecured Others,14206.11
CUST100032,2021-04-02,Personal Loan,113065.6
CUST100034,2022-10-10,Credit Card,60616.34
CUST100034,2021-09-20,Unsecured Others,146046.69
CUST100034,2021-11-11,Unsecured Others,48832.61
CUST100034,2021-05-11,Home Loan,11505.15
CUST100034,2022-04-02,Credit Card,138027.51
CUST100035,2022-08-14,Home Loan,138593.77
CUST100035,2022-07-13,Unsecured Others,135835.95
CUST100035,2022-06-05,Personal Loan,144638.5
CUST100035,2021-08-18,Unsecured Others,7758.56
CUST100036,2022-08-20,Home Loan,165084.39
CUST100036,2022-05-14,Credit Card,65082.73
CUST100036,2022-01-05,Auto Loan,29665.83
CUST100036,2021-01-29,Auto Loan,36295.44
CUST100037,2021-08-06,Unsecured Others,170527.62
CUST100037,2021-05-03,Home Loan,165500.48
CUST100037,2021-01-15,Unsecured Others,175309.48
CUST100038,2021-09-19,Personal Loan,28442.8
CUST100038,2022-12-20,Personal Loan,87138.93
CUST100038,2021-04-02,Credit Card,39268.23
CUST100038,2021-12-10,Home Loan,176616.96
CUST100038,2022-02-01,Auto Loan,68818.98
CUST100039,2021-06-30,Personal Loan,187216.56
CUST100039,2022-02-10,Auto Loan,37488.57
CUST100040,2021-09-20,Personal Loan,141841.53
CUST100040,2022-01-16,Personal Loan,54343.18
CUST100040,2021-12-20,Credit Card,12406.8
CUST100040,2021-05-28,Personal Loan,160320.71
CUST100040,2021-02-09,Personal Loan,6155.86
CUST100041,2021-01-02,Personal Loan,168709.65
CUST100041,2021-07-31,Unsecured Others,173395.61
CUST100041,2021-12-15,Auto Loan,185374.88
CUST100041,2021-02-04,Auto Loan,47646.12
CUST100041,2021-06-01,Credit Card,30817.86
CUST100041,2021-01-11,Personal Loan,49596.04
CUST100042,2022-02-18,Credit Card,196261.3
CUST100042,2021-06-04,Credit Card,63286.18
CUST100042,2021-11-09,Unsecured Others,17872.43
CUST100042,2021-04-17,Personal Loan,140025.38
CUST100043,2021-03-08,Home Loan,112677.78
CUST100043,2022-07-17,Credit Card,148245.64
CUST100043,2022-08-05,Personal Loan,14604.88
CUST100043,2022-09-01,Credit Card,28455.07
CUST100043,2022-05-31,Auto Loan,192038.92
CUST100044,2022-02-09,Credit Card,131047.14
CUST100044,2022-04-05,Unsecured Others,135003.34
CUST100044,2022-02-22,Personal Loan,156979.88
CUST100044,2022-09-04,Home Loan,127705.47
CUST100044,2022-08-26,Home Loan,54515.63
CUST100045,2022-07-05,Unsecured Others,11383.39
CUST100045,2022-09-03,Personal Loan,93845.98
CUST100045,2021-09-12,Home Loan,62036.31
CUST100045,2021-02-26,Home Loan,11583.09
CUST100045,2021-02-23,Credit Card,101085.63
CUST100045,2022-06-29,Auto Loan,71168.98
CUST100046,2021-04-27,Auto Loan,53605.72
CUST100046,2021-06-08,Home Loan,90358.54
CUST100046,2022-02-15,Home Loan,73726.9
CUST100046,2021-05-20,Home Loan,53176.12
CUST100046,2022-01-19,Unsecured Others,180287.27
CUST100047,2021-07-19,Unsecured Others,175306.29
CUST100047,2022-07-24,Unsecured Others,139966.09
CUST100047,2022-03-04,Auto Loan,62230.79
CUST100047,2021-04-22,Home Loan,81550.23
CUST100047,2021-05-13,Auto Loan,54697.0
CUST100048,2021-07-14,Unsecured Others,46799.95
CUST100049,2021-03-14,Auto Loan,192423.78
CUST100049,2022-01-11,Personal Loan,23066.94
CUST100049,2021-08-14,Unsecured Others,180895.19
CUST100049,2021-04-02,Home Loan,145547.24
CUST100049,2021-04-08,Home Loan,197254.26
CUST100049,2022-02-04,Unsecured Others,185796.27
CUST100050,2022-04-25,Home Loan,65808.4
CUST100050,2021-09-11,Credit Card,198721.05
CUST100050,2021-04-19,Personal Loan,18951.52
CUST100050,2021-12-11,Home Loan,152450.36
CUST100050,2021-07-03,Personal Loan,155974.62
CUST100051,2021-07-18,Unsecured Others,178746.86
CUST100051,2021-05-28,Home Loan,72133.03
CUST100051,2022-08-12,Credit Card,159156.76
CUST100051,2022-03-28,Personal Loan,160639.15
CUST100051,2021-10-15,Personal Loan,151329.2
CUST100051,2022-01-16,Home Loan,176474.21
CUST100051,2022-06-10,Home Loan,191140.24
CUST100052,2022-01-29,Home Loan,137332.17
CUST100053,2022-09-11,Credit Card,58805.13
CUST100053,2022-09-02,Credit Card,59794.97
CUST100053,2022-02-08,Home Loan,100842.94
CUST100054,2021-01-15,Credit Card,138687.58
CUST100054,2022-08-04,Unsecured Others,115296.67
CUST100054,2022-04-26,Home Loan,161917.03
CUST100054,2021-06-27,Home Loan,199347.46
CUST100054,2022-06-26,Home Loan,70426.57
CUST100055,2021-08-08,Credit Card,196047.38
CUST100055,2022-02-10,Unsecured Others,56887.79
CUST100055,2022-01-22,Auto Loan,184646.06
CUST100056,2021-07-07,Home Loan,182910.5
CUST100057,2022-06-15,Auto Loan,21063.52
CUST100057,2021-07-02,Unsecured Others,108461.78
CUST100057,2022-03-07,Home Loan,162336.89
CUST100057,2021-11-08,Home Loan,25404.62
CUST100058,2022-03-08,Personal Loan,90439.92
CUST100058,2021-04-21,Credit Card,49575.06
CUST100058,2021-10-16,Auto Loan,180719.67
CUST100058,2022-05-13,Personal Loan,185570.28
CUST100058,2021-05-31,Personal Loan,85550.29
CUST100059,2021-12-13,Personal Loan,172456.31
CUST100059,2021-08-02,Personal Loan,22664.35
CUST100059,2021-04-18,Unsecured Others,66145.22
CUST100059,2021-03-29,Auto Loan,27995.7
CUST100059,2022-09-16,Credit Card,187727.98
CUST100060,2022-12-19,Unsecured Others,174978.22
CUST100061,2021-05-27,Personal Loan,28195.0
CUST100062,2021-10-06,Home Loan,37602.35
CUST100062,2021-11-16,Personal Loan,14243.35
CUST100062,2022-09-27,Personal Loan,66615.5
CUST100062,2022-04-10,Auto Loan,190062.86
CUST100063,2021-08-22,Personal Loan,74531.13
CUST100063,2022-08-12,Credit Card,71246.06
CUST100063,2021-05-19,Credit Card,43263.51
CUST100063,2021-10-16,Auto Loan,5214.85
CUST100063,2022-10-16,Personal Loan,101029.21
CUST100063,2022-10-29,Auto Loan,168298.26
CUST100064,2022-10-13,Personal Loan,61082.9
CUST100064,2021-04-28,Credit Card,38407.84
CUST100064,2022-07-26,Personal Loan,116203.55
CUST100065,2021-07-06,Credit Card,177357.39
CUST100065,2022-01-02,Unsecured Others,81765.57
CUST100066,2022-07-07,Credit Card,59766.84
CUST100066,2022-05-25,Personal Loan,180125.16
CUST100066,2021-02-01,Personal Loan,161699.97
CUST100066,2022-06-05,Credit Card,131616.52
CUST100066,2022-05-04,Personal Loan,172798.53
CUST100067,2022-09-07,Home Loan,69059.85
CUST100067,2022-08-05,Unsecured Others,134322.29
CUST100067,2022-05-12,Credit Card,33671.27
CUST100068,2021-03-05,Personal Loan,178740.73
CUST100068,2021-02-20,Home Loan,189099.98
CUST100069,2021-03-21,Home Loan,50093.53
CUST100069,2022-08-06,Unsecured Others,111211.27
CUST100069,2021-03-09,Credit Card,77899.5
CUST100070,2022-10-09,Home Loan,100528.58
CUST100070,2021-06-03,Auto Loan,123099.86
CUST100071,2022-09-24,Credit Card,192444.82
CUST100071,2022-12-11,Personal Loan,176299.38
CUST100071,2022-01-23,Auto Loan,145520.73
CUST100071,2022-06-02,Auto Loan,115157.98
CUST100072,2022-05-05,Personal Loan,49164.13
CUST100072,2021-07-24,Home Loan,156839.35
CUST100072,2022-03-19,Credit Card,143196.63
CUST100072,2021-02-02,Personal Loan,184329.92
CUST100072,2022-05-06,Credit Card,16704.28
CUST100072,2021-10-29,Personal Loan,10069.62
CUST100074,2022-10-20,Unsecured Others,75837.08
CUST100074,2021-01-03,Auto Loan,167885.07
CUST100074,2022-03-06,Home Loan,68968.32
CUST100074,2022-10-24,Auto Loan,143847.11
CUST100075,2022-05-06,Home Loan,199436.45
CUST100075,2021-06-14,Unsecured Others,61716.98
CUST100076,2021-06-24,Credit Card,57548.25
CUST100076,2021-07-07,Home Loan,145676.98
CUST100076,2021-04-30,Personal Loan,107966.35
CUST100076,2021-05-10,Home Loan,122550.37
CUST100076,2022-04-01,Credit Card,91803.68
CUST100076,2022-12-08,Home Loan,106159.67
CUST100077,2021-05-05,Unsecured Others,26330.7
CUST100078,2022-07-07,Auto Loan,191476.43
CUST100078,2022-11-03,Personal Loan,135257.01
CUST100079,2021-10-02,Personal Loan,196106.8
CUST100079,2021-11-06,Home Loan,130410.7
CUST100079,2022-11-02,Personal Loan,14839.74
CUST100079,2021-10-16,Unsecured Others,73767.83
CUST100079,2021-08-11,Credit Card,84106.89
CUST100080,2021-12-13,Auto Loan,158193.05
CUST100080,2022-03-01,Home Loan,152710.41
CUST100080,2022-03-07,Personal Loan,72857.65
CUST100081,2022-08-21,Personal Loan,181509.79
CUST100081,2021-04-28,Auto Loan,126924.74
CUST100081,2022-08-28,Auto Loan,6291.06
CUST100081,2022-11-03,Credit Card,159319.77
CUST100081,2022-07-21,Auto Loan,65512.42
CUST100082,2022-11-06,Unsecured Others,198004.87
CUST100082,2022-06-22,Auto Loan,61490.78
CUST100082,2022-11-20,Unsecured Others,168550.24
CUST100082,2022-02-22,Auto Loan,163828.34
CUST100082,2022-12-14,Credit Card,89953.86
CUST100084,2022-11-30,Auto Loan,55768.2
CUST100084,2022-12-17,Personal Loan,191848.52
CUST100084,2022-03-23,Unsecured Others,126165.32
CUST100084,2022-07-13,Auto Loan,84609.89
CUST100085,2021-10-03,Personal Loan,73927.0
CUST100085,2021-02-06,Credit Card,117587.15
CUST100085,2022-03-14,Credit Card,104192.51
CUST100086,2021-03-07,Unsecured Others,120131.44
CUST100086,2021-11-17,Credit Card,74131.56
CUST100086,2022-11-03,Credit Card,67043.63
CUST100086,2022-12-05,Auto Loan,77962.15
CUST100087,2022-04-21,Unsecured Others,119354.19
CUST100087,2021-06-28,Unsecured Others,190733.69
CUST100087,2022-07-01,Unsecured Others,48483.86
CUST100087,2022-12-19,Home Loan,106799.43
CUST100087,2022-08-27,Auto Loan,65465.48
CUST100087,2021-04-22,Home Loan,98303.58
CUST100088,2022-07-13,Auto Loan,188843.53
CUST100088,2022-06-08,Auto Loan,146365.5
CUST100088,2021-05-08,Unsecured Others,21816.24
CUST100088,2022-01-16,Credit Card,61930.45
CUST100088,2021-08-27,Personal Loan,108540.72
CUST100089,2022-09-22,Credit Card,55191.96
CUST100089,2022-04-09,Credit Card,91776.8
CUST100089,2021-01-21,Auto Loan,168222.85
CUST100089,2022-03-15,Auto Loan,104721.9
CUST100089,2022-04-28,Auto Loan,171668.47
CUST100091,2021-02-04,Auto Loan,132013.65
CUST100092,2021-10-23,Unsecured Others,171849.81
CUST100092,2021-12-10,Home Loan,67170.18
CUST100093,2021-11-12,Auto Loan,120703.08
CUST100093,2022-08-31,Auto Loan,48291.25
CUST100094,2022-04-04,Personal Loan,109085.86
CUST100095,2022-07-16,Home Loan,183116.65
CUST100095,2022-10-29,Home Loan,135268.12
CUST100095,2022-10-18,Unsecured Others,43496.38
CUST100097,2021-05-04,Credit Card,13848.06
CUST100097,2022-02-06,Home Loan,68324.7
CUST100097,2021-01-25,Home Loan,38784.5
CUST100097,2021-01-24,Home Loan,184111.76
CUST100097,2021-04-25,Home Loan,196922.7
CUST100097,2021-03-26,Auto Loan,89294.92
CUST100097,2022-06-29,Credit Card,26147.92
CUST100098,2021-05-04,Unsecured Others,23983.38
CUST100098,2022-04-15,Home Loan,180737.49
CUST100099,2022-12-15,Personal Loan,101653.21
CUST100099,2021-06-28,Home Loan,46289.62
CUST100099,2021-01-13,Unsecured Others,69244.69
CUST100099,2021-08-15,Home Loan,7845.4
CUST100100,2021-08-13,Home Loan,49545.3
CUST100100,2021-03-19,Home Loan,77841.32
CUST100100,2021-10-24,Personal Loan,109815.27
CUST100100,2021-09-20,Personal Loan,165953.9
CUST100101,2022-04-13,Auto Loan,87374.94
CUST100101,2021-10-01,Personal Loan,106439.07
CUST100101,2022-08-30,Credit Card,31032.81
CUST100101,2021-11-08,Personal Loan,131414.02
CUST100101,2021-09-02,Unsecured Others,156514.34
CUST100101,2022-06-24,Unsecured Others,5841.85
CUST100101,2021-09-29,Unsecured Others,187450.08
CUST100102,2021-08-07,Personal Loan,83232.64
CUST100102,2021-04-02,Unsecured Others,71159.01
CUST100102,2021-10-27,Unsecured Others,63289.2
CUST100102,2021-01-28,Unsecured Others,57976.26
CUST100102,2021-01-07,Personal Loan,16648.84
CUST100102,2022-12-23,Home Loan,10536.88
CUST100102,2021-04-21,Auto Loan,131779.32
CUST100103,2021-01-26,Personal Loan,166962.98
CUST100103,2021-12-01,Home Loan,121646.95
CUST100103,2021-01-13,Unsecured Others,127628.56
CUST100103,2022-03-25,Home Loan,101409.69
CUST100103,2022-09-22,Unsecured Others,120054.15
CUST100103,2022-07-21,Credit Card,155348.16
CUST100104,2022-12-17,Home Loan,156266.7
CUST100104,2021-12-24,Home Loan,95800.16
CUST100104,2021-03-15,Personal Loan,164758.75
CUST100104,2021-09-14,Unsecured Others,5094.12
CUST100104,2022-09-19,Unsecured Others,195753.29
CUST100105,2022-12-27,Home Loan,30973.2
CUST100105,2021-04-01,Credit Card,71857.28
CUST100105,2021-04-16,Home Loan,72211.42
CUST100105,2021-04-13,Auto Loan,23852.45
CUST100105,2021-07-16,Auto Loan,189725.5
CUST100105,2022-10-01,Unsecured Others,36989.81
CUST100105,2021-08-08,Home Loan,70685.44
CUST100106,2022-07-02,Home Loan,7753.56
CUST100106,2021-02-25,Personal Loan,96801.0
CUST100106,2021-11-09,Credit Card,155726.54
CUST100106,2021-04-29,Credit Card,87101.42
CUST100106,2022-12-16,Unsecured Others,165388.68
CUST100107,2022-08-10,Credit Card,187732.55
CUST100107,2022-04-04,Credit Card,149496.2
CUST100107,2022-07-29,Credit Card,20864.86
CUST100107,2022-12-24,Credit Card,155620.68
CUST100107,2022-08-18,Personal Loan,107383.91
CUST100107,2021-04-22,Home Loan,84551.43
CUST100107,2022-08-22,Unsecured Others,65644.9
CUST100108,2022-05-23,Unsecured Others,26060.92
CUST100108,2021-02-09,Auto Loan,45892.13
CUST100108,2021-10-25,Personal Loan,189305.35
CUST100109,2022-08-24,Personal Loan,26818.86
CUST100109,2022-05-22,Unsecured Others,167673.92
CUST100109,2021-11-20,Unsecured Others,162252.26
CUST100109,2022-11-01,Home Loan,165585.53
CUST100109,2021-05-23,Home Loan,156680.77
CUST100109,2022-11-08,Credit Card,191315.8
CUST100109,2022-05-03,Personal Loan,110845.03
CUST100111,2021-11-01,Personal Loan,183264.96
CUST100111,2022-10-15,Credit Card,190054.0
CUST100111,2021-06-07,Credit Card,104333.37
CUST100111,2021-05-28,Credit Card,144412.78
CUST100111,2022-05-17,Personal Loan,123157.77
CUST100111,2022-04-02,Home Loan,75327.63
CUST100111,2022-12-16,Unsecured Others,45469.35
CUST100113,2022-12-26,Personal Loan,17688.56
CUST100114,2022-02-20,Personal Loan,26383.17
CUST100114,2021-04-29,Personal Loan,127647.19
CUST100114,2022-06-20,Unsecured Others,183350.53
CUST100114,2021-10-10,Auto Loan,138459.9
CUST100114,2022-05-24,Personal Loan,89370.58
CUST100114,2022-02-18,Personal Loan,110462.21
CUST100115,2021-10-15,Personal Loan,96135.7
CUST100115,2022-09-21,Credit Card,121147.57
CUST100115,2022-12-11,Unsecured Others,64009.52
CUST100115,2021-12-29,Home Loan,68236.89
CUST100115,2022-01-19,Personal Loan,173842.65
CUST100115,2021-09-18,Credit Card,166956.61
CUST100115,2022-01-24,Unsecured Others,15863.04
CUST100116,2021-05-22,Unsecured Others,165312.41
CUST100116,2022-05-27,Credit Card,197429.08
CUST100117,2021-01-18,Auto Loan,48904.47
CUST100117,2022-11-21,Auto Loan,144234.3
CUST100117,2022-11-10,Home Loan,189463.87
CUST100117,2022-08-01,Unsecured Others,79950.78
CUST100117,2021-01-05,Auto Loan,126171.8
CUST100118,2022-06-06,Personal Loan,187302.64
CUST100118,2023-01-01,Credit Card,169512.62
CUST100119,2021-01-17,Home Loan,169972.76
CUST100119,2021-12-05,Auto Loan,115398.61
CUST100119,2022-10-18,Personal Loan,86494.66
CUST100120,2022-09-08,Home Loan,122610.09
CUST100120,2021-04-05,Auto Loan,18769.8
CUST100120,2022-05-22,Credit Card,62916.27
CUST100120,2021-08-27,Credit Card,51465.73
CUST100120,2022-08-17,Credit Card,183383.76
CUST100120,2021-08-30,Auto Loan,162639.19
CUST100120,2022-02-11,Auto Loan,51978.02
CUST100121,2021-01-22,Home Loan,144711.06
CUST100121,2021-04-18,Credit Card,115425.12
CUST100121,2021-05-25,Credit Card,85849.2
CUST100121,2022-01-21,Auto Loan,174761.11
CUST100121,2022-03-01,Personal Loan,47094.91
CUST100121,2021-05-25,Home Loan,166608.77
CUST100121,2022-01-29,Personal Loan,198990.79
CUST100122,2022-08-30,Personal Loan,133295.81
CUST100122,2021-07-26,Credit Card,74988.14
CUST100122,2021-08-27,Unsecured Others,44140.12
CUST100122,2022-05-17,Unsecured Others,38487.49
CUST100123,2022-06-24,Credit Card,62664.64
CUST100123,2022-12-23,Credit Card,101012.59
CUST100123,2021-04-27,Home Loan,176605.98
CUST100123,2021-08-24,Personal Loan,62170.66
CUST100124,2021-03-20,Credit Card,141173.77
CUST100125,2022-05-14,Personal Loan,72888.45
CUST100125,2021-03-02,Auto Loan,9893.34
CUST100125,2022-02-06,Auto Loan,82515.15
CUST100125,2021-09-29,Personal Loan,68464.18
CUST100125,2022-10-31,Home Loan,171281.74
CUST100125,2021-05-12,Credit Card,62887.06
CUST100127,2021-08-06,Personal Loan,105545.39
CUST100127,2021-06-16,Credit Card,44172.18
CUST100127,2022-10-19,Auto Loan,133184.0
CUST100127,2022-02-08,Personal Loan,28047.77
CUST100127,2022-10-13,Credit Card,110092.75
CUST100127,2021-10-18,Credit Card,171257.95
CUST100128,2021-08-20,Credit Card,47014.81
CUST100128,2021-08-31,Personal Loan,93136.02
CUST100128,2021-06-22,Auto Loan,85504.2
CUST100128,2022-11-13,Personal Loan,78224.28
CUST100128,2022-12-01,Unsecured Others,120487.97
CUST100128,2022-05-11,Personal Loan,48314.39
CUST100129,2021-05-13,Auto Loan,153738.37
CUST100130,2022-04-22,Home Loan,51961.17
CUST100130,2022-05-05,Auto Loan,160425.7
CUST100130,2022-06-28,Auto Loan,185914.78
CUST100130,2022-12-09,Credit Card,58980.54
CUST100130,2022-06-26,Credit Card,164532.11
CUST100130,2022-08-28,Unsecured Others,77508.52
CUST100131,2021-01-11,Home Loan,128310.69
CUST100132,2022-08-02,Auto Loan,168285.83
CUST100132,2022-07-21,Home Loan,192218.31
CUST100132,2022-09-21,Personal Loan,58913.93
CUST100132,2022-07-05,Home Loan,175181.19
CUST100132,2022-05-13,Credit Card,127301.51
CUST100133,2022-12-12,Auto Loan,191844.93
CUST100133,2022-06-01,Credit Card,183751.5
CUST100133,2022-10-16,Personal Loan,71434.92
CUST100133,2022-08-26,Credit Card,65469.27
CUST100133,2022-01-26,Personal Loan,18227.4
CUST100133,2021-08-23,Unsecured Others,182299.34
CUST100134,2022-07-08,Credit Card,116640.11
CUST100134,2022-12-25,Unsecured Others,179179.49
CUST100134,2022-06-17,Unsecured Others,118731.92
CUST100134,2022-11-16,Personal Loan,119213.22
CUST100134,2021-05-01,Auto Loan,176939.84
CUST100134,2021-04-01,Auto Loan,197975.0
CUST100135,2022-09-30,Personal Loan,139010.69
CUST100135,2022-10-24,Credit Card,15701.43
CUST100137,2022-03-24,Auto Loan,181245.51
CUST100137,2022-12-11,Home Loan,24856.32
CUST100138,2022-09-29,Auto Loan,127004.62
CUST100138,2022-08-15,Home Loan,122777.54
CUST100138,2021-07-12,Personal Loan,181132.0
CUST100138,2022-12-22,Credit Card,42930.14
CUST100138,2022-11-03,Credit Card,93309.95
CUST100138,2021-12-08,Personal Loan,170267.32
CUST100138,2021-11-18,Home Loan,65008.1
CUST100139,2021-08-23,Unsecured Others,181012.12
CUST100139,2022-06-15,Personal Loan,167399.77
CUST100139,2022-02-16,Auto Loan,31834.79
CUST100139,2021-04-10,Unsecured Others,80751.47
CUST100139,2022-08-24,Unsecured Others,5698.85
CUST100139,2022-06-10,Personal Loan,29918.97
CUST100140,2021-01-28,Home Loan,59018.07
CUST100140,2022-01-22,Personal Loan,71005.48
CUST100140,2022-12-19,Unsecured Others,165535.91
CUST100140,2022-05-08,Credit Card,104727.23
CUST100140,2021-08-22,Credit Card,49115.09
CUST100141,2021-10-24,Personal Loan,145092.16
CUST100141,2021-01-25,Credit Card,132958.45
CUST100141,2021-08-08,Home Loan,139865.26
CUST100141,2021-12-22,Credit Card,86657.77
CUST100141,2021-06-27,Credit Card,167048.46
CUST100141,2021-03-02,Home Loan,48031.1
CUST100141,2022-03-14,Unsecured Others,173983.96
CUST100142,2021-10-09,Unsecured Others,196712.01
CUST100142,2021-02-20,Home Loan,53674.03
CUST100143,2021-10-25,Credit Card,113604.51
CUST100143,2021-03-17,Unsecured Others,7377.11
CUST100143,2022-04-06,Auto Loan,96802.51
CUST100143,2022-03-04,Auto Loan,126363.06
CUST100143,2022-07-10,Home Loan,104421.58
CUST100143,2021-12-25,Auto Loan,10748.49
CUST100145,2021-08-19,Unsecured Others,147435.96
CUST100145,2021-09-18,Home Loan,135607.83
CUST100145,2021-06-13,Auto Loan,162453.42
CUST100145,2021-02-10,Home Loan,70550.27
CUST100145,2022-02-02,Home Loan,176254.46
CUST100146,2021-06-08,Home Loan,127576.97
CUST100147,2022-02-04,Auto Loan,163478.34
CUST100147,2021-12-13,Auto Loan,139643.69
CUST100147,2022-07-21,Credit Card,164360.03
CUST100147,2022-08-26,Auto Loan,104882.12
CUST100147,2021-04-09,Home Loan,68547.68
CUST100147,2022-09-13,Auto Loan,27944.38
CUST100147,2021-05-16,Personal Loan,110728.11
CUST100148,2022-03-18,Unsecured Others,126905.61
CUST100149,2021-10-03,Unsecured Others,55584.48
CUST100149,2022-01-15,Credit Card,22123.34
CUST100149,2022-04-11,Personal Loan,80960.14
CUST100149,2022-08-18,Personal Loan,43369.47
CUST100149,2022-11-10,Unsecured Others,121446.52
CUST100149,2022-05-02,Personal Loan,25794.23
CUST100149,2021-06-21,Auto Loan,40143.93
CUST100150,2021-11-14,Home Loan,6513.27
CUST100150,2021-02-04,Personal Loan,108221.91
CUST100150,2022-04-08,Home Loan,38077.92
CUST100150,2021-06-02,Personal Loan,91332.7
CUST100150,2021-05-26,Auto Loan,92352.93
CUST100150,2022-05-06,Unsecured Others,178130.62
CUST100150,2021-10-28,Auto Loan,82950.71
CUST100152,2021-10-28,Credit Card,188603.33
CUST100152,2022-11-17,Auto Loan,116666.79
CUST100152,2022-10-30,Personal Loan,128729.17
CUST100152,2021-02-24,Home Loan,187354.93
CUST100152,2021-12-29,Auto Loan,55376.44
CUST100153,2021-07-06,Auto Loan,79468.2
CUST100155,2022-07-08,Unsecured Others,20092.35
CUST100155,2021-08-04,Personal Loan,18930.15
CUST100155,2021-12-11,Credit Card,110960.07
CUST100156,2021-01-20,Auto Loan,61888.48
CUST100156,2021-05-11,Personal Loan,84143.68
CUST100156,2022-03-15,Personal Loan,72192.87
CUST100157,2022-08-11,Credit Card,63093.59
CUST100157,2021-07-15,Unsecured Others,31491.16
CUST100157,2021-11-14,Unsecured Others,88583.19
CUST100157,2021-01-11,Auto Loan,120904.47
CUST100157,2022-10-06,Personal Loan,28692.66
CUST100157,2021-09-26,Unsecured Others,158917.8
CUST100158,2021-07-10,Home Loan,107487.25
CUST100158,2022-05-06,Unsecured Others,168533.97
CUST100158,2022-07-19,Auto Loan,74376.34
CUST100159,2022-05-06,Credit Card,135197.54
CUST100159,2021-04-17,Auto Loan,69480.32
CUST100159,2022-10-24,Credit Card,149259.24
CUST100159,2022-10-21,Auto Loan,45721.3
CUST100159,2022-12-30,Home Loan,20231.46
CUST100159,2022-12-07,Home Loan,180089.11
CUST100159,2022-10-08,Personal Loan,19133.21
CUST100160,2022-01-17,Unsecured Others,117226.35
CUST100160,2022-04-22,Personal Loan,181836.13
CUST100160,2022-03-30,Unsecured Others,118207.14
CUST100160,2022-10-16,Personal Loan,53809.46
CUST100161,2022-03-29,Home Loan,100437.25
CUST100163,2022-04-23,Credit Card,112978.5
CUST100163,2021-06-10,Home Loan,199335.0
CUST100163,2022-08-28,Credit Card,86608.03
CUST100163,2022-09-07,Home Loan,149866.75
CUST100163,2021-09-22,Auto Loan,60254.9
CUST100164,2021-07-02,Personal Loan,14009.72
CUST100164,2022-10-13,Home Loan,60379.35
CUST100164,2022-10-02,Unsecured Others,147303.45
CUST100164,2022-01-13,Personal Loan,120705.87
CUST100164,2021-02-15,Credit Card,50238.76
CUST100164,2022-05-22,Credit Card,163379.55
CUST100165,2022-05-13,Credit Card,153436.75
CUST100165,2021-11-17,Home Loan,80068.59
CUST100165,2022-11-24,Home Loan,154055.31
CUST100165,2021-08-28,Home Loan,39383.21
CUST100165,2021-01-31,Personal Loan,155961.12
CUST100166,2021-02-08,Home Loan,16283.95
CUST100166,2021-03-03,Credit Card,54008.38
CUST100167,2022-09-14,Credit Card,100877.73
CUST100167,2021-04-06,Unsecured Others,150962.67
CUST100167,2022-05-01,Auto Loan,170352.04
CUST100168,2021-05-10,Personal Loan,108013.15
CUST100168,2021-04-11,Credit Card,130067.86
CUST100168,2022-05-14,Auto Loan,103602.79
CUST100168,2021-10-22,Credit Card,109900.67
CUST100168,2021-06-10,Auto Loan,25493.26
CUST100168,2021-08-08,Unsecured Others,72642.1
CUST100168,2022-03-25,Home Loan,189306.03
CUST100169,2022-01-11,Credit Card,113380.25
CUST100169,2021-09-08,Personal Loan,47277.59
CUST100169,2021-05-08,Unsecured Others,26254.76
CUST100169,2021-07-20,Auto Loan,125620.72
CUST100169,2021-10-05,Credit Card,187053.85
CUST100169,2022-10-08,Auto Loan,146879.56
CUST100169,2021-08-12,Credit Card,189409.54
CUST100170,2021-12-20,Home Loan,176535.95
CUST100170,2022-07-18,Auto Loan,189521.91
CUST100170,2022-08-31,Personal Loan,124284.57
CUST100170,2021-04-28,Credit Card,107227.34
CUST100170,2022-05-20,Home Loan,185670.49
CUST100170,2022-03-04,Auto Loan,184040.7
CUST100172,2021-08-27,Personal Loan,179656.7
CUST100172,2022-07-20,Personal Loan,81244.34
CUST100172,2021-11-03,Home Loan,91594.24
CUST100172,2022-03-13,Credit Card,166752.73
CUST100172,2022-01-16,Credit Card,25205.38
CUST100173,2022-01-08,Credit Card,72815.76
CUST100173,2021-08-02,Personal Loan,23872.02
CUST100173,2021-03-11,Personal Loan,137082.03
CUST100174,2021-06-05,Unsecured Others,149464.87
CUST100174,2022-04-08,Home Loan,153077.21
CUST100174,2021-05-09,Home Loan,138723.31
CUST100174,2022-01-22,Personal Loan,28727.01
CUST100174,2021-03-23,Auto Loan,42811.48
CUST100174,2022-11-29,Personal Loan,57803.02
CUST100175,2021-01-04,Unsecured Others,54468.03
CUST100176,2021-02-19,Home Loan,47742.86
CUST100176,2022-11-05,Auto Loan,104753.19
CUST100176,2022-01-13,Unsecured Others,174441.94
CUST100176,2022-11-15,Unsecured Others,137728.96
CUST100176,2021-09-06,Auto Loan,5696.42
CUST100176,2021-06-11,Home Loan,120118.78
CUST100177,2021-09-04,Credit Card,183411.79
CUST100178,2022-07-26,Credit Card,171376.86
CUST100178,2021-02-21,Home Loan,94659.94
CUST100179,2022-01-15,Unsecured Others,116793.96
CUST100179,2021-12-16,Home Loan,113115.69
CUST100179,2022-12-10,Credit Card,154278.04
CUST100179,2021-05-23,Auto Loan,103174.39
CUST100179,2022-01-09,Credit Card,85297.61
CUST100180,2022-08-22,Personal Loan,136551.86
CUST100180,2021-11-05,Credit Card,31814.36
CUST100180,2021-11-27,Home Loan,197481.16
CUST100180,2021-05-15,Personal Loan,169057.12
CUST100180,2021-11-04,Auto Loan,113150.01
CUST100180,2022-01-12,Auto Loan,193841.56
CUST100180,2021-09-29,Personal Loan,15769.97
CUST100181,2022-07-27,Unsecured Others,52107.9
CUST100181,2021-06-07,Credit Card,152856.17
CUST100181,2021-10-10,Auto Loan,141256.92
CUST100181,2021-11-23,Home Loan,73203.19
CUST100182,2021-06-03,Credit Card,163802.89
CUST100182,2021-04-11,Unsecured Others,32067.3
CUST100182,2022-03-16,Personal Loan,110094.68
CUST100182,2022-07-12,Personal Loan,188903.02
CUST100182,2022-06-08,Unsecured Others,94124.62
CUST100182,2021-12-23,Credit Card,72180.91
CUST100183,2021-02-05,Auto Loan,177236.08
CUST100183,2021-07-03,Credit Card,183029.3
CUST100183,2021-12-31,Home Loan,145381.5
CUST100183,2021-07-13,Credit Card,36830.3
CUST100184,2021-07-19,Unsecured Others,135935.41
CUST100185,2022-01-12,Unsecured Others,40068.88
CUST100185,2021-01-27,Unsecured Others,185490.89
CUST100185,2021-01-25,Credit Card,120525.13
CUST100185,2021-03-21,Credit Card,19961.42
CUST100185,2022-05-13,Unsecured Others,133485.88
CUST100186,2021-07-08,Home Loan,164901.7
CUST100186,2021-05-22,Credit Card,133991.97
CUST100186,2022-04-07,Unsecured Others,78770.7
CUST100186,2022-10-23,Personal Loan,191759.25
CUST100186,2021-08-21,Unsecured Others,147967.6
CUST100186,2022-04-26,Auto Loan,127505.04
CUST100187,2022-05-29,Auto Loan,139441.77
CUST100188,2022-12-14,Auto Loan,134005.14
CUST100188,2021-09-10,Personal Loan,140047.8
CUST100188,2021-02-19,Unsecured Others,99370.72
CUST100188,2021-02-13,Home Loan,5471.59
CUST100188,2022-07-09,Auto Loan,117095.03
CUST100188,2022-03-28,Personal Loan,120787.56
CUST100188,2021-12-16,Credit Card,177189.65
CUST100189,2021-11-20,Personal Loan,53255.14
CUST100189,2022-02-16,Auto Loan,63311.65
CUST100189,2021-11-24,Unsecured Others,50694.66
CUST100189,2022-09-26,Unsecured Others,49955.87
CUST100189,2022-03-02,Auto Loan,27664.4
CUST100190,2022-08-11,Unsecured Others,73894.2
CUST100190,2021-07-08,Personal Loan,154321.58
CUST100190,2021-06-30,Personal Loan,133402.54
CUST100190,2021-11-10,Personal Loan,114685.03
CUST100190,2021-04-29,Personal Loan,132022.75
CUST100191,2021-07-02,Unsecured Others,194846.69
CUST100191,2022-05-31,Unsecured Others,95585.35
CUST100191,2022-10-18,Personal Loan,176456.42
CUST100191,2022-06-07,Home Loan,87303.29
CUST100191,2021-10-30,Credit Card,119877.55
CUST100191,2021-12-31,Personal Loan,130393.58
CUST100193,2021-02-04,Auto Loan,157460.31
CUST100195,2022-12-15,Unsecured Others,77279.01
CUST100195,2021-01-16,Unsecured Others,168169.66
CUST100195,2021-01-02,Home Loan,70736.14
CUST100195,2022-11-29,Personal Loan,125895.82
CUST100195,2022-08-12,Credit Card,137858.6
CUST100195,2022-04-13,Credit Card,187186.86
CUST100197,2022-03-07,Personal Loan,128703.63
CUST100197,2021-04-08,Auto Loan,70416.07
CUST100197,2022-03-09,Credit Card,108772.51
CUST100197,2022-07-12,Credit Card,50215.04
CUST100197,2022-11-06,Auto Loan,31908.9
CUST100197,2022-08-01,Credit Card,128849.2
CUST100197,2022-01-08,Home Loan,181505.14
CUST100199,2021-01-25,Personal Loan,153855.11
CUST100200,2022-02-13,Auto Loan,68402.55
CUST100200,2022-11-09,Home Loan,19791.23
CUST100200,2022-02-08,Credit Card,163642.57
CUST100200,2021-07-13,Unsecured Others,59371.62
CUST100201,2022-04-21,Credit Card,34419.57
CUST100201,2022-07-21,Auto Loan,26543.68
CUST100201,2022-04-10,Personal Loan,13317.0
CUST100203,2022-05-28,Credit Card,100180.94
CUST100203,2021-05-24,Home Loan,49220.37
CUST100203,2021-07-29,Credit Card,191651.82
CUST100203,2022-08-20,Unsecured Others,122181.6
CUST100203,2021-01-28,Auto Loan,49002.28
CUST100203,2022-07-29,Home Loan,165406.88
CUST100204,2021-10-14,Credit Card,81880.82
CUST100204,2022-12-30,Credit Card,154777.37
CUST100204,2021-06-12,Credit Card,28292.59
CUST100204,2021-05-12,Auto Loan,178769.52
CUST100204,2022-09-08,Unsecured Others,38976.15
CUST100205,2021-04-10,Unsecured Others,12103.8
CUST100206,2022-10-15,Personal Loan,179951.28
CUST100206,2021-08-21,Unsecured Others,87416.97
CUST100207,2022-10-15,Personal Loan,13981.62
CUST100207,2022-05-07,Auto Loan,151413.83
CUST100207,2022-05-15,Auto Loan,127385.99
CUST100207,2021-05-25,Credit Card,115851.53
CUST100207,2022-07-28,Unsecured Others,22940.86
CUST100208,2022-01-04,Unsecured Others,27616.6
CUST100208,2022-09-12,Unsecured Others,41661.36
CUST100208,2021-10-12,Home Loan,153096.1
CUST100208,2021-03-19,Auto Loan,193686.79
CUST100208,2022-05-13,Home Loan,173258.25
CUST100209,2021-05-24,Credit Card,18373.88
CUST100209,2022-06-03,Home Loan,193192.33
CUST100209,2022-11-04,Credit Card,7656.04
CUST100210,2021-07-14,Credit Card,198652.2
CUST100210,2021-04-08,Auto Loan,159419.75
CUST100210,2022-02-05,Home Loan,63531.56
CUST100210,2022-12-20,Home Loan,56917.61
CUST100210,2021-11-30,Home Loan,113210.81
CUST100210,2021-07-28,Auto Loan,154789.53
CUST100213,2022-04-20,Personal Loan,196002.04
CUST100213,2022-06-17,Unsecured Others,75373.81
CUST100214,2021-01-30,Unsecured Others,169535.32
CUST100215,2021-02-25,Credit Card,134124.88
CUST100215,2021-12-30,Home Loan,83773.6
CUST100215,2022-10-19,Personal Loan,75192.88
CUST100217,2021-07-13,Home Loan,81212.68
CUST100217,2021-05-21,Personal Loan,197835.09
CUST100217,2022-07-11,Auto Loan,144839.65
CUST100217,2021-04-27,Unsecured Others,172770.92
CUST100217,2022-12-26,Auto Loan,12649.19
CUST100218,2021-03-23,Credit Card,115664.54
CUST100218,2022-09-19,Home Loan,163668.19
CUST100218,2021-12-17,Home Loan,15963.83
CUST100218,2022-02-05,Unsecured Others,102764.69
CUST100218,2022-05-25,Unsecured Others,88110.18
CUST100218,2022-07-16,Unsecured Others,127955.87
CUST100219,2021-12-20,Unsecured Others,105894.44
CUST100219,2021-09-24,Unsecured Others,13926.07
CUST100219,2021-11-06,Unsecured Others,49845.73
CUST100220,2021-03-12,Credit Card,96717.24
CUST100220,2021-11-25,Auto Loan,97358.69
CUST100220,2022-06-27,Personal Loan,95351.62
CUST100220,2021-06-27,Personal Loan,175251.71
CUST100221,2022-04-09,Auto Loan,176018.96
CUST100221,2021-11-14,Home Loan,145699.53
CUST100221,2021-05-15,Personal Loan,160370.15
CUST100221,2022-03-05,Personal Loan,11714.43
CUST100221,2021-05-29,Unsecured Others,134384.93
CUST100221,2021-03-24,Credit Card,184501.16
CUST100222,2022-10-02,Personal Loan,21445.58
CUST100222,2022-02-07,Unsecured Others,143053.21
CUST100222,2022-12-27,Personal Loan,153598.9
CUST100222,2021-08-24,Auto Loan,71311.92
CUST100222,2021-06-03,Unsecured Others,183074.92
CUST100223,2022-05-30,Auto Loan,170173.23
CUST100223,2022-08-05,Auto Loan,160011.48
CUST100223,2022-08-29,Home Loan,6760.96
CUST100223,2022-11-09,Auto Loan,102400.65
CUST100223,2022-05-04,Home Loan,19321.21
CUST100224,2021-04-25,Unsecured Others,87544.23
CUST100224,2021-04-08,Home Loan,192675.71
CUST100224,2021-11-20,Home Loan,59737.5
CUST100224,2022-11-30,Credit Card,186331.52
CUST100224,2021-06-11,Personal Loan,182231.64
CUST100225,2021-01-27,Unsecured Others,71252.38
CUST100225,2021-11-02,Auto Loan,29097.81
CUST100225,2022-02-17,Unsecured Others,130797.06
CUST100225,2022-01-04,Auto Loan,40919.25
CUST100225,2021-03-14,Home Loan,135951.07
CUST100226,2022-10-27,Personal Loan,153812.81
CUST100226,2022-12-10,Auto Loan,97843.77
CUST100226,2022-09-10,Personal Loan,189685.0
CUST100226,2021-01-22,Unsecured Others,44733.4
CUST100226,2022-01-06,Auto Loan,182151.5
CUST100227,2022-11-28,Home Loan,135124.65
CUST100227,2022-11-05,Personal Loan,69354.37
CUST100227,2022-12-18,Personal Loan,6687.56
CUST100228,2021-08-05,Personal Loan,168072.39
CUST100228,2022-10-16,Personal Loan,62988.02
CUST100228,2022-04-15,Credit Card,66599.69
CUST100229,2021-12-27,Personal Loan,54612.55
CUST100229,2022-04-25,Personal Loan,39184.59
CUST100229,2021-08-28,Credit Card,158124.94
CUST100231,2021-08-22,Personal Loan,180249.67
CUST100231,2022-10-23,Home Loan,125165.91
CUST100231,2022-11-18,Unsecured Others,117881.15
CUST100232,2022-11-16,Home Loan,194777.96
CUST100232,2021-01-05,Personal Loan,7094.55
CUST100232,2021-01-14,Home Loan,178520.84
CUST100232,2022-04-18,Personal Loan,115749.7
CUST100232,2022-11-25,Credit Card,129237.77
CUST100232,2022-02-18,Unsecured Others,57528.3
CUST100233,2021-10-13,Home Loan,198212.15
CUST100233,2022-12-22,Auto Loan,99789.42
CUST100233,2022-01-03,Home Loan,195743.63
CUST100233,2022-03-03,Unsecured Others,88563.36
CUST100233,2022-02-15,Unsecured Others,99748.68
CUST100233,2022-04-13,Auto Loan,178484.15
CUST100234,2021-01-17,Personal Loan,85287.01
CUST100234,2021-03-30,Home Loan,154514.14
CUST100234,2022-06-20,Home Loan,178777.14
CUST100234,2022-07-12,Personal Loan,90873.38
CUST100234,2021-09-06,Home Loan,167413.77
CUST100234,2021-09-02,Credit Card,148777.26
CUST100234,2022-04-09,Unsecured Others,110721.43
CUST100235,2022-10-19,Auto Loan,151416.05
CUST100235,2021-02-26,Personal Loan,177321.37
CUST100235,2021-10-09,Unsecured Others,134104.15
CUST100235,2022-01-24,Credit Card,118329.21
CUST100235,2022-01-22,Home Loan,194342.38
CUST100235,2021-01-18,Credit Card,118486.33
CUST100235,2021-01-13,Unsecured Others,81723.88
CUST100236,2021-09-04,Auto Loan,90708.31
CUST100236,2021-12-29,Auto Loan,139425.07
CUST100236,2021-05-01,Home Loan,85992.45
CUST100236,2022-06-14,Home Loan,182431.38
CUST100236,2021-02-04,Auto Loan,60299.71
CUST100237,2022-02-27,Credit Card,125079.06
CUST100237,2021-08-21,Auto Loan,182961.81
CUST100237,2021-12-21,Personal Loan,169858.36
CUST100237,2022-06-29,Home Loan,150393.09
CUST100237,2022-09-15,Credit Card,91810.34
CUST100238,2021-09-26,Personal Loan,43957.19
CUST100238,2021-09-11,Home Loan,73562.07
CUST100239,2022-04-18,Unsecured Others,149225.82
CUST100239,2021-10-31,Unsecured Others,67438.76
CUST100239,2021-09-19,Auto Loan,38524.28
CUST100239,2021-12-02,Home Loan,56260.34
CUST100239,2021-11-22,Auto Loan,154774.73
CUST100239,2022-01-12,Credit Card,89606.59
CUST100239,2022-05-20,Auto Loan,61816.91
CUST100241,2021-03-22,Unsecured Others,104114.32
CUST100241,2022-11-29,Home Loan,21810.4
CUST100241,2021-06-02,Credit Card,189491.99
CUST100242,2022-10-25,Personal Loan,30640.96
CUST100242,2021-10-20,Credit Card,14373.15
CUST100243,2021-12-11,Credit Card,36768.23
CUST100243,2022-08-04,Home Loan,30507.83
CUST100243,2021-07-11,Auto Loan,83612.25
CUST100243,2022-07-01,Auto Loan,116026.64
CUST100243,2021-01-31,Auto Loan,46077.51
CUST100243,2022-06-14,Personal Loan,170391.38
CUST100244,2022-06-26,Personal Loan,62991.55
CUST100244,2021-04-06,Home Loan,156105.36
CUST100244,2021-09-30,Auto Loan,120526.92
CUST100244,2021-12-21,Personal Loan,171866.67
CUST100244,2021-04-04,Auto Loan,138651.57
CUST100244,2022-02-20,Home Loan,105768.45
CUST100245,2021-07-01,Personal Loan,14289.45
CUST100245,2021-01-12,Auto Loan,69609.97
CUST100245,2021-08-13,Personal Loan,128081.39
CUST100245,2022-09-07,Home Loan,152377.39
CUST100245,2022-10-04,Unsecured Others,185510.43
CUST100246,2021-08-02,Credit Card,45236.13
CUST100246,2021-02-04,Home Loan,190425.62
CUST100246,2022-10-01,Credit Card,107287.26
CUST100246,2021-11-14,Auto Loan,141686.97
CUST100246,2021-08-13,Auto Loan,163722.08
CUST100246,2021-04-17,Credit Card,133617.82
CUST100247,2021-09-12,Home Loan,157932.15
CUST100247,2021-09-08,Home Loan,131753.32
CUST100247,2021-11-19,Personal Loan,133851.31
CUST100247,2021-01-21,Home Loan,125566.61
CUST100247,2022-01-12,Credit Card,34852.77
CUST100247,2021-02-17,Personal Loan,86491.4
CUST100247,2021-12-13,Home Loan,100059.96
CUST100249,2021-01-07,Auto Loan,50827.14
CUST100249,2021-12-10,Personal Loan,18916.03
CUST100250,2022-11-10,Auto Loan,110607.91
CUST100250,2021-06-27,Unsecured Others,139948.11
CUST100250,2021-03-02,Home Loan,12828.68
CUST100250,2022-12-28,Credit Card,10018.66
CUST100250,2022-10-31,Home Loan,77030.08
CUST100250,2021-02-22,Home Loan,29578.05
CUST100250,2022-03-24,Auto Loan,45368.52
CUST100251,2021-01-18,Unsecured Others,70842.22
CUST100251,2021-07-28,Credit Card,54245.9
CUST100251,2021-12-25,Auto Loan,162494.97
CUST100251,2022-01-09,Personal Loan,122821.23
CUST100251,2021-11-03,Credit Card,52747.37
CUST100252,2022-04-17,Home Loan,91814.32
CUST100252,2022-09-02,Unsecured Others,131565.91
CUST100252,2022-03-23,Credit Card,33371.04
CUST100252,2022-03-04,Home Loan,49612.84
CUST100252,2021-02-23,Unsecured Others,102454.15
CUST100252,2022-02-27,Credit Card,180870.58
CUST100252,2022-10-25,Auto Loan,47406.42
CUST100253,2021-11-12,Home Loan,30593.06
CUST100253,2022-12-17,Home Loan,148110.82
CUST100253,2021-08-25,Auto Loan,74891.73
CUST100254,2022-03-14,Unsecured Others,67581.56
CUST100254,2022-10-07,Personal Loan,70851.21
CUST100254,2022-05-22,Auto Loan,17996.95
CUST100254,2021-02-06,Credit Card,54968.68
CUST100254,2021-11-13,Personal Loan,79977.34
CUST100255,2022-03-19,Home Loan,120410.91
CUST100256,2022-05-04,Auto Loan,114057.37
CUST100256,2022-03-07,Unsecured Others,199922.79
CUST100256,2021-08-08,Home Loan,198302.78
CUST100256,2022-03-14,Home Loan,101745.31
CUST100256,2021-09-27,Credit Card,175094.3
CUST100257,2021-08-22,Personal Loan,35969.31
CUST100259,2022-04-30,Personal Loan,161128.39
CUST100259,2021-03-27,Home Loan,16964.43
CUST100259,2022-09-26,Unsecured Others,161252.58
CUST100259,2021-05-31,Personal Loan,119712.37
CUST100259,2021-10-21,Home Loan,38195.73
CUST100260,2021-03-12,Credit Card,131863.37
CUST100260,2022-04-05,Credit Card,64142.6
CUST100260,2021-01-21,Auto Loan,198771.43
CUST100260,2021-03-14,Personal Loan,198208.81
CUST100260,2021-08-13,Home Loan,143773.86
CUST100260,2022-12-25,Personal Loan,70953.39
CUST100260,2021-05-31,Auto Loan,7088.58
CUST100261,2021-08-25,Credit Card,74354.33
CUST100261,2022-04-15,Unsecured Others,87436.81
CUST100261,2022-07-02,Home Loan,82894.59
CUST100262,2021-08-23,Unsecured Others,12712.45
CUST100262,2021-04-19,Personal Loan,193188.24
CUST100262,2021-07-09,Credit Card,102336.94
CUST100263,2022-02-27,Credit Card,106454.34
CUST100263,2022-12-29,Auto Loan,48873.41
CUST100263,2022-10-16,Auto Loan,123173.09
CUST100263,2022-02-28,Auto Loan,157117.54
CUST100263,2021-10-08,Home Loan,143548.59
CUST100264,2022-09-09,Personal Loan,119273.15
CUST100264,2021-05-27,Personal Loan,130953.85
CUST100264,2022-02-04,Personal Loan,146428.72
CUST100264,2021-04-04,Auto Loan,37436.58
CUST100264,2021-07-30,Unsecured Others,25485.07
CUST100264,2021-06-07,Credit Card,117902.91
CUST100265,2022-03-04,Home Loan,191276.92
CUST100265,2021-11-13,Home Loan,136065.85
CUST100265,2021-04-30,Credit Card,53941.87
CUST100265,2021-08-08,Unsecured Others,135431.43
CUST100265,2021-11-29,Home Loan,62065.17
CUST100265,2022-06-27,Unsecured Others,89894.59
CUST100266,2022-11-07,Personal Loan,112469.59
CUST100267,2021-03-17,Auto Loan,37215.84
CUST100267,2022-10-05,Home Loan,126474.05
CUST100268,2022-10-09,Credit Card,38974.69
CUST100268,2021-06-09,Unsecured Others,190832.9
CUST100268,2022-11-09,Personal Loan,178905.43
CUST100269,2021-02-19,Auto Loan,164987.9
CUST100269,2022-03-26,Unsecured Others,59297.84
CUST100269,2021-04-08,Unsecured Others,37348.95
CUST100269,2022-11-04,Credit Card,66223.62
CUST100269,2022-05-28,Home Loan,38337.81
CUST100269,2022-03-12,Auto Loan,94696.83
CUST100269,2021-05-04,Unsecured Others,185816.9
CUST100270,2022-12-17,Personal Loan,195860.29
CUST100270,2021-08-24,Auto Loan,177791.02
CUST100270,2022-05-12,Unsecured Others,126521.45
CUST100270,2021-09-17,Auto Loan,199785.9
CUST100270,2021-12-10,Personal Loan,147047.38
CUST100270,2022-05-31,Credit Card,130313.67
CUST100271,2021-04-14,Personal Loan,49330.62
CUST100271,2021-11-06,Credit Card,39987.5
CUST100271,2021-05-11,Personal Loan,60639.65
CUST100271,2022-05-31,Home Loan,18306.49
CUST100271,2022-09-30,Unsecured Others,80567.78
CUST100271,2022-03-23,Personal Loan,68535.3
CUST100272,2021-08-28,Personal Loan,82070.3
CUST100272,2022-02-24,Personal Loan,10548.04
CUST100272,2022-04-24,Credit Card,36412.36
CUST100272,2021-12-16,Home Loan,31741.27
CUST100273,2022-02-21,Credit Card,72650.64
CUST100273,2021-09-16,Credit Card,79290.8
CUST100274,2021-01-27,Credit Card,86872.89
CUST100274,2021-05-10,Credit Card,42136.15
CUST100274,2022-01-20,Auto Loan,177631.36
CUST100274,2022-01-05,Home Loan,152817.66
CUST100275,2022-08-08,Unsecured Others,116075.51
CUST100275,2021-06-09,Personal Loan,10461.2
CUST100275,2022-09-18,Auto Loan,128189.86
CUST100276,2022-09-08,Unsecured Others,138175.81
CUST100276,2021-11-26,Home Loan,13383.94
CUST100276,2022-03-09,Credit Card,114997.24
CUST100277,2022-03-29,Credit Card,180934.63
CUST100277,2022-05-11,Credit Card,91754.87
CUST100277,2021-03-27,Unsecured Others,144277.46
CUST100277,2022-04-01,Personal Loan,68407.97
CUST100277,2021-10-28,Credit Card,148268.87
CUST100278,2022-02-09,Credit Card,79791.1
CUST100278,2022-12-17,Auto Loan,147971.74
CUST100279,2021-11-16,Home Loan,12397.21
CUST100279,2021-09-27,Credit Card,189277.96
CUST100280,2022-02-18,Unsecured Others,69755.58
CUST100280,2021-02-10,Home Loan,198050.72
CUST100280,2022-08-26,Unsecured Others,171895.2
CUST100280,2021-11-30,Home Loan,178252.51
CUST100280,2021-05-19,Personal Loan,165383.8
CUST100280,2022-08-20,Home Loan,44673.0
CUST100280,2021-04-11,Credit Card,171318.13
CUST100281,2022-02-14,Personal Loan,143123.98
CUST100281,2021-12-10,Personal Loan,160443.35
CUST100281,2021-01-14,Home Loan,10264.73
CUST100281,2021-07-05,Home Loan,132546.82
CUST100282,2022-11-28,Personal Loan,8296.46
CUST100282,2022-02-09,Home Loan,21128.02
CUST100282,2021-07-22,Personal Loan,146124.5
CUST100282,2021-09-04,Personal Loan,119215.02
CUST100284,2022-01-20,Home Loan,13271.45
CUST100284,2021-04-04,Credit Card,124996.22
CUST100285,2021-07-03,Personal Loan,187589.91
CUST100285,2022-08-22,Personal Loan,50704.31
CUST100285,2022-05-18,Credit Card,138001.8
CUST100285,2022-03-13,Home Loan,171135.28
CUST100285,2022-07-04,Credit Card,120894.14
CUST100285,2021-05-02,Credit Card,128887.6
CUST100287,2021-01-25,Home Loan,55615.24
CUST100288,2022-01-29,Credit Card,23287.05
CUST100288,2022-04-30,Unsecured Others,131720.09
CUST100288,2022-08-14,Personal Loan,186711.87
CUST100288,2021-02-14,Unsecured Others,184972.01
CUST100288,2021-11-20,Unsecured Others,98703.13
CUST100288,2022-12-02,Personal Loan,102169.48
CUST100288,2022-10-15,Auto Loan,129158.27
CUST100289,2022-07-21,Unsecured Others,15858.45
CUST100289,2022-04-23,Unsecured Others,9067.49
CUST100289,2022-02-11,Unsecured Others,49355.87
CUST100290,2021-12-13,Home Loan,102016.63
CUST100291,2022-08-19,Unsecured Others,36199.8
CUST100291,2021-03-07,Credit Card,27222.92
CUST100291,2021-11-24,Unsecured Others,43165.01
CUST100292,2022-08-22,Home Loan,22996.38
CUST100292,2022-09-15,Unsecured Others,165097.81
CUST100292,2021-03-28,Credit Card,118259.69
CUST100293,2021-10-23,Unsecured Others,35142.42
CUST100293,2022-09-20,Unsecured Others,73020.31
CUST100293,2022-11-17,Home Loan,49703.98
CUST100293,2022-01-31,Unsecured Others,11766.18
CUST100293,2021-06-21,Unsecured Others,77528.02
CUST100293,2022-06-01,Credit Card,72283.64
CUST100293,2022-06-06,Personal Loan,150906.19
CUST100294,2021-03-26,Personal Loan,93900.02
CUST100294,2021-09-04,Home Loan,26843.73
CUST100294,2021-03-03,Auto Loan,192491.91
CUST100294,2021-02-03,Credit Card,148125.89
CUST100295,2022-09-09,Personal Loan,101875.88
CUST100295,2021-02-28,Credit Card,177315.23
CUST100295,2022-08-25,Personal Loan,112082.59
CUST100296,2021-01-12,Unsecured Others,98189.25
CUST100296,2022-10-16,Unsecured Others,67113.14
CUST100297,2021-01-10,Credit Card,169259.7
CUST100297,2021-10-18,Auto Loan,99810.38
CUST100297,2022-04-13,Unsecured Others,196490.1
CUST100297,2021-09-23,Home Loan,27545.16
CUST100298,2021-10-03,Credit Card,74931.45
CUST100298,2021-02-18,Credit Card,130155.45
CUST100298,2021-01-22,Credit Card,41465.23
CUST100298,2021-05-10,Auto Loan,58388.21
CUST100298,2022-10-11,Unsecured Others,34592.71
CUST100299,2022-03-21,Auto Loan,34793.97
CUST100299,2022-08-03,Credit Card,113028.01
CUST100299,2022-02-20,Personal Loan,65339.37
CUST100299,2022-09-08,Home Loan,79876.41
CUST100299,2021-09-14,Personal Loan,150730.1
CUST100299,2021-07-17,Personal Loan,118970.17
CUST100300,2021-07-29,Auto Loan,16125.89
CUST100300,2021-03-28,Credit Card,72213.33
CUST100300,2022-03-28,Unsecured Others,88932.97
CUST100300,2022-04-22,Home Loan,10697.58
CUST100300,2022-08-04,Personal Loan,133176.42
CUST100300,2021-09-07,Credit Card,138911.72
CUST100302,2021-08-14,Auto Loan,126556.83
CUST100302,2022-01-27,Auto Loan,130471.63
CUST100302,2021-09-14,Unsecured Others,62341.35
CUST100302,2022-02-12,Auto Loan,165464.35
CUST100303,2021-03-16,Personal Loan,173429.48
CUST100303,2022-11-15,Auto Loan,41680.94
CUST100303,2021-11-07,Unsecured Others,157129.24
CUST100303,2021-09-23,Auto Loan,58605.98
CUST100303,2021-07-05,Home Loan,42616.87
CUST100304,2022-01-12,Personal Loan,130956.38
CUST100304,2022-02-13,Auto Loan,54980.3
CUST100304,2022-01-23,Credit Card,186656.36
CUST100304,2022-07-27,Auto Loan,146598.68
CUST100304,2021-05-14,Personal Loan,159612.82
CUST100304,2021-12-22,Personal Loan,149703.24
CUST100304,2022-12-04,Unsecured Others,17084.94
CUST100305,2022-05-20,Credit Card,23297.33
CUST100305,2021-03-30,Auto Loan,91164.41
CUST100305,2021-02-22,Unsecured Others,83600.41
CUST100305,2021-01-20,Auto Loan,68689.5
CUST100305,2022-04-15,Unsecured Others,186248.78
CUST100305,2021-06-14,Unsecured Others,193199.51
CUST100305,2021-06-28,Personal Loan,125784.49
CUST100306,2022-10-30,Auto Loan,142785.2
CUST100306,2022-11-29,Auto Loan,143247.45
CUST100306,2022-07-17,Auto Loan,123556.08
CUST100306,2022-12-16,Unsecured Others,48431.99
CUST100307,2021-02-09,Credit Card,130582.39
CUST100307,2021-08-13,Home Loan,148422.55
CUST100308,2022-02-21,Personal Loan,96072.32
CUST100308,2022-10-31,Auto Loan,120455.97
CUST100308,2021-05-13,Personal Loan,106032.41
CUST100309,2021-03-21,Auto Loan,28913.22
CUST100310,2022-03-30,Home Loan,133738.59
CUST100310,2021-10-02,Personal Loan,84755.76
CUST100310,2022-02-03,Auto Loan,195710.13
CUST100310,2021-10-06,Unsecured Others,141385.85
CUST100311,2021-01-02,Auto Loan,15240.61
CUST100312,2021-01-19,Unsecured Others,182045.76
CUST100312,2022-11-01,Unsecured Others,14752.66
CUST100312,2021-09-10,Personal Loan,40147.64
CUST100312,2021-10-23,Personal Loan,55225.75
CUST100312,2021-08-24,Auto Loan,27636.41
CUST100312,2022-12-07,Personal Loan,34805.93
CUST100312,2021-12-04,Personal Loan,117046.75
CUST100314,2021-02-17,Credit Card,30340.39
CUST100314,2021-01-30,Auto Loan,194200.13
CUST100314,2021-05-17,Personal Loan,39030.61
CUST100315,2022-12-08,Unsecured Others,99578.31
CUST100315,2022-07-07,Credit Card,93915.88
CUST100316,2021-07-11,Unsecured Others,81422.17
CUST100316,2022-11-16,Auto Loan,161133.88
CUST100316,2021-04-14,Home Loan,19742.2
CUST100316,2021-01-17,Personal Loan,21475.42
CUST100316,2021-05-25,Auto Loan,107669.4
CUST100316,2021-07-02,Auto Loan,161195.65
CUST100316,2022-07-18,Personal Loan,69571.39
CUST100317,2021-10-21,Auto Loan,117831.52
CUST100317,2022-04-03,Auto Loan,83106.18
CUST100317,2021-01-15,Credit Card,146622.4
CUST100317,2022-02-25,Auto Loan,15745.62
CUST100317,2022-02-22,Personal Loan,26253.09
CUST100318,2022-06-22,Personal Loan,49017.28
CUST100318,2021-10-02,Home Loan,106980.71
CUST100318,2022-05-07,Personal Loan,189818.67
CUST100318,2021-07-16,Credit Card,49018.46
CUST100318,2021-10-04,Personal Loan,199297.5
CUST100319,2022-01-20,Credit Card,23799.58
CUST100319,2021-09-07,Unsecured Others,136123.35
CUST100319,2022-02-18,Personal Loan,61258.83
CUST100319,2022-09-12,Credit Card,138780.85
CUST100319,2022-01-03,Home Loan,115744.28
CUST100319,2022-10-20,Personal Loan,72873.72
CUST100320,2021-10-04,Unsecured Others,85185.44
CUST100320,2022-08-11,Home Loan,118403.57
CUST100320,2021-12-09,Home Loan,87382.25
CUST100320,2021-05-12,Unsecured Others,9036.06
CUST100322,2021-06-28,Personal Loan,192981.24
CUST100322,2021-05-07,Home Loan,88981.79
CUST100322,2022-02-26,Personal Loan,38327.92
CUST100322,2021-04-14,Auto Loan,139556.23
CUST100322,2021-10-26,Unsecured Others,178084.61
CUST100323,2021-05-22,Auto Loan,159674.61
CUST100324,2022-10-03,Credit Card,181979.19
CUST100324,2022-05-03,Credit Card,103189.35
CUST100324,2022-02-11,Unsecured Others,91560.01
CUST100324,2021-06-10,Personal Loan,112855.82
CUST100324,2022-06-06,Auto Loan,146594.21
CUST100324,2022-12-27,Home Loan,172409.08
CUST100325,2021-05-25,Home Loan,151069.25
CUST100325,2022-07-28,Credit Card,142615.91
CUST100325,2022-09-21,Unsecured Others,157971.62
CUST100325,2022-10-26,Credit Card,25372.91
CUST100325,2021-10-20,Unsecured Others,23021.82
CUST100325,2021-01-06,Auto Loan,65931.87
CUST100325,2021-07-02,Credit Card,38082.07
CUST100326,2022-03-19,Unsecured Others,60501.39
CUST100326,2021-02-18,Unsecured Others,56768.45
CUST100326,2022-03-12,Personal Loan,127618.78
CUST100327,2021-06-28,Credit Card,118482.99
CUST100327,2022-07-17,Home Loan,17239.09
CUST100327,2022-01-24,Auto Loan,58936.22
CUST100327,2021-12-21,Personal Loan,119039.88
CUST100327,2021-03-01,Home Loan,91207.06
CUST100327,2022-04-19,Auto Loan,96266.9
CUST100327,2022-01-17,Home Loan,51976.21
CUST100328,2022-01-28,Personal Loan,175467.18
CUST100328,2022-05-28,Home Loan,47537.37
CUST100328,2022-09-23,Personal Loan,62869.11
CUST100328,2022-11-19,Personal Loan,73454.32
CUST100328,2022-09-01,Personal Loan,23085.09
CUST100328,2022-03-19,Auto Loan,108407.51
CUST100328,2021-08-23,Personal Loan,182787.78
CUST100329,2021-01-03,Unsecured Others,163420.38
CUST100329,2021-09-07,Home Loan,101110.26
CUST100329,2021-06-14,Home Loan,97038.03
CUST100329,2021-01-07,Personal Loan,130580.53
CUST100329,2022-01-17,Personal Loan,192246.98
CUST100329,2022-02-05,Unsecured Others,107830.59
CUST100329,2022-09-15,Personal Loan,17893.4
CUST100330,2022-06-29,Auto Loan,21304.58
CUST100330,2022-02-25,Home Loan,77169.31
CUST100330,2022-02-23,Home Loan,9816.46
CUST100331,2021-09-30,Home Loan,144177.99
CUST100331,2021-01-22,Home Loan,172665.59
CUST100331,2022-04-06,Home Loan,182607.97
CUST100331,2022-02-25,Home Loan,168511.43
CUST100331,2022-11-30,Auto Loan,151891.77
CUST100332,2021-10-05,Unsecured Others,5491.88
CUST100332,2021-04-19,Personal Loan,5385.55
CUST100333,2021-08-04,Personal Loan,81044.71
CUST100334,2021-07-08,Auto Loan,95632.14
CUST100334,2021-09-21,Unsecured Others,79338.95
CUST100334,2022-01-12,Personal Loan,158089.2
CUST100334,2022-12-22,Credit Card,90713.98
CUST100334,2022-10-28,Credit Card,93452.44
CUST100335,2022-03-19,Home Loan,180936.66
CUST100335,2022-09-15,Unsecured Others,95037.58
CUST100335,2022-04-29,Auto Loan,164944.77
CUST100335,2022-07-12,Credit Card,123876.63
CUST100335,2021-01-19,Credit Card,69299.55
CUST100335,2022-10-29,Home Loan,72899.81
CUST100335,2021-07-09,Unsecured Others,53736.7
CUST100336,2021-07-19,Auto Loan,43337.88
CUST100336,2022-05-05,Auto Loan,145428.75
CUST100337,2022-01-11,Unsecured Others,7026.75
CUST100337,2022-12-14,Credit Card,8412.15
CUST100337,2022-02-15,Credit Card,194062.22
CUST100337,2021-10-03,Auto Loan,135607.46
CUST100337,2021-04-03,Home Loan,189547.26
CUST100338,2021-08-10,Credit Card,141571.7
CUST100338,2022-10-30,Personal Loan,160836.18
CUST100338,2022-04-08,Unsecured Others,199924.57
CUST100338,2022-10-29,Auto Loan,25453.05
CUST100338,2021-12-06,Personal Loan,45331.2
CUST100339,2021-01-08,Unsecured Others,11027.76
CUST100339,2021-03-02,Auto Loan,27285.34
CUST100339,2022-03-21,Unsecured Others,182723.17
CUST100339,2022-10-24,Auto Loan,100303.77
CUST100339,2022-08-08,Personal Loan,30438.13
CUST100340,2021-10-08,Personal Loan,113495.72
CUST100340,2022-08-08,Personal Loan,14598.24
CUST100340,2022-11-05,Unsecured Others,138398.74
CUST100341,2022-06-28,Auto Loan,73141.01
CUST100342,2021-02-14,Auto Loan,91472.41
CUST100342,2021-07-08,Auto Loan,167542.19
CUST100343,2022-01-10,Home Loan,23359.63
CUST100343,2022-08-22,Unsecured Others,98316.36
CUST100344,2022-10-14,Credit Card,41595.08
CUST100344,2022-03-30,Auto Loan,10865.12
CUST100344,2021-08-20,Unsecured Others,150304.98
CUST100344,2021-01-21,Credit Card,34701.45
CUST100344,2021-11-19,Personal Loan,29682.26
CUST100345,2022-08-03,Home Loan,49896.67
CUST100345,2022-01-06,Auto Loan,67058.71
CUST100345,2022-11-11,Auto Loan,30268.76
CUST100345,2021-05-23,Unsecured Others,198668.99
CUST100346,2022-06-29,Unsecured Others,51601.16
CUST100346,2022-04-29,Personal Loan,139733.2
CUST100347,2021-01-25,Unsecured Others,188678.91
CUST100347,2022-10-18,Home Loan,158192.37
CUST100347,2021-01-18,Credit Card,107062.88
CUST100347,2021-03-14,Unsecured Others,45075.7
CUST100347,2021-06-30,Unsecured Others,78338.86
CUST100348,2021-09-28,Home Loan,89099.09
CUST100348,2022-07-05,Credit Card,37654.67
CUST100348,2022-11-17,Auto Loan,65121.41
CUST100348,2021-05-21,Unsecured Others,194143.85
CUST100349,2021-09-29,Auto Loan,176530.71
CUST100349,2021-11-01,Personal Loan,68201.17
CUST100349,2021-02-05,Personal Loan,100800.59
CUST100349,2021-02-13,Home Loan,150774.05
CUST100349,2021-04-28,Personal Loan,86745.8
CUST100349,2022-04-05,Auto Loan,131799.72
CUST100349,2022-07-21,Unsecured Others,110729.15
CUST100350,2021-08-14,Personal Loan,30489.77
CUST100350,2022-08-20,Credit Card,144225.37
CUST100350,2021-08-12,Unsecured Others,12457.51
CUST100351,2021-08-18,Home Loan,16531.87
CUST100351,2021-05-21,Personal Loan,140071.1
CUST100351,2022-10-08,Auto Loan,138921.84
CUST100351,2022-01-30,Personal Loan,91140.26
CUST100351,2022-10-28,Auto Loan,63164.57
CUST100351,2022-01-22,Auto Loan,187784.13
CUST100351,2022-10-05,Home Loan,91668.39
CUST100352,2022-07-22,Credit Card,110052.12
CUST100352,2021-07-01,Personal Loan,110465.24
CUST100352,2021-06-09,Auto Loan,69057.05
CUST100352,2021-01-17,Auto Loan,139507.06
CUST100352,2022-04-01,Auto Loan,51159.56
CUST100352,2021-06-08,Auto Loan,56017.93
CUST100352,2022-10-09,Unsecured Others,101190.42
CUST100353,2022-08-17,Home Loan,73684.14
CUST100353,2022-12-05,Auto Loan,198721.26
CUST100353,2022-06-06,Unsecured Others,185816.56
CUST100353,2021-11-22,Auto Loan,59686.0
CUST100353,2021-03-30,Credit Card,51745.28
CUST100353,2021-07-12,Auto Loan,99819.11
CUST100353,2021-01-02,Home Loan,112074.05
CUST100355,2022-03-24,Unsecured Others,96882.9
CUST100355,2022-01-06,Home Loan,102944.42
CUST100355,2022-03-11,Home Loan,182527.4
CUST100355,2021-05-11,Auto Loan,188904.51
CUST100355,2021-04-17,Auto Loan,142561.77
CUST100355,2022-08-25,Credit Card,117733.93
CUST100356,2021-08-01,Personal Loan,117034.58
CUST100356,2022-05-09,Home Loan,145647.58
CUST100356,2021-08-03,Credit Card,41199.46
CUST100356,2021-08-21,Personal Loan,176993.07
CUST100356,2022-02-10,Personal Loan,167420.43
CUST100356,2021-01-15,Credit Card,102869.52
CUST100357,2022-01-15,Personal Loan,18940.97
CUST100357,2021-04-30,Credit Card,80235.53
CUST100357,2022-09-12,Unsecured Others,59387.11
CUST100357,2022-03-01,Home Loan,60711.03
CUST100357,2021-06-09,Unsecured Others,102126.45
CUST100360,2021-06-03,Home Loan,156279.47
CUST100361,2021-01-12,Personal Loan,110939.39
CUST100361,2021-07-04,Unsecured Others,152383.11
CUST100361,2022-12-25,Home Loan,121130.31
CUST100361,2021-03-09,Auto Loan,148729.36
CUST100361,2022-03-21,Credit Card,10243.34
CUST100362,2022-07-31,Auto Loan,125870.12
CUST100362,2021-04-30,Personal Loan,73730.39
CUST100362,2021-07-09,Credit Card,97486.08
CUST100363,2022-09-05,Personal Loan,190004.74
CUST100363,2021-12-07,Credit Card,109897.91
CUST100363,2021-03-22,Credit Card,13573.38
CUST100363,2021-05-17,Credit Card,76143.94
CUST100363,2021-01-24,Credit Card,160637.01
CUST100363,2021-11-02,Personal Loan,170847.55
CUST100363,2021-02-21,Unsecured Others,47053.19
CUST100366,2021-08-08,Personal Loan,36149.78
CUST100366,2021-03-23,Unsecured Others,127421.26
CUST100366,2022-01-12,Home Loan,116998.38
CUST100366,2022-10-23,Personal Loan,180202.13
CUST100367,2022-11-27,Auto Loan,26603.0
CUST100367,2021-07-01,Home Loan,176706.51
CUST100367,2022-09-12,Unsecured Others,167296.6
CUST100367,2022-11-28,Auto Loan,142392.22
CUST100368,2021-05-09,Credit Card,118251.38
CUST100368,2022-07-04,Personal Loan,63451.84
CUST100368,2022-10-27,Home Loan,59104.57
CUST100369,2022-04-28,Auto Loan,81637.02
CUST100369,2021-04-08,Auto Loan,187370.49
CUST100369,2021-10-15,Personal Loan,62171.65
CUST100369,2021-04-28,Personal Loan,63667.83
CUST100369,2021-05-09,Auto Loan,30471.13
CUST100369,2021-03-20,Unsecured Others,34418.25
CUST100369,2022-07-12,Auto Loan,35503.95
CUST100370,2022-08-30,Home Loan,7532.61
CUST100370,2021-05-30,Home Loan,44759.91
CUST100370,2022-01-22,Auto Loan,60437.41
CUST100370,2021-08-26,Personal Loan,196994.06
CUST100370,2022-03-09,Home Loan,194037.73
CUST100370,2021-01-09,Personal Loan,118061.82
CUST100370,2021-05-07,Home Loan,158385.41
CUST100371,2021-01-09,Auto Loan,177175.91
CUST100371,2021-08-20,Credit Card,17380.62
CUST100371,2022-04-04,Home Loan,152627.97
CUST100371,2022-04-06,Auto Loan,43326.24
CUST100371,2022-12-21,Credit Card,13781.88
CUST100371,2022-09-17,Personal Loan,150582.97
CUST100372,2021-10-04,Credit Card,171565.24
CUST100372,2022-06-25,Unsecured Others,157728.13
CUST100372,2021-04-28,Auto Loan,89331.06
CUST100372,2021-03-31,Home Loan,45510.06
CUST100372,2021-04-19,Credit Card,193960.93
CUST100372,2022-01-15,Personal Loan,21709.75
CUST100372,2021-02-02,Unsecured Others,192040.34
CUST100374,2021-03-27,Unsecured Others,45520.35
CUST100374,2021-03-30,Home Loan,161783.91
CUST100374,2021-03-13,Personal Loan,51205.21
CUST100374,2022-10-18,Auto Loan,88436.49
CUST100374,2021-07-23,Home Loan,194479.41
CUST100375,2022-07-03,Credit Card,166378.54
CUST100375,2022-09-18,Personal Loan,39729.98
CUST100375,2021-07-09,Auto Loan,32782.17
CUST100375,2022-01-26,Unsecured Others,85991.6
CUST100375,2021-08-31,Home Loan,187455.95
CUST100376,2021-01-09,Credit Card,35739.55
CUST100376,2022-03-04,Credit Card,52226.21
CUST100377,2022-04-24,Unsecured Others,171880.63
CUST100377,2021-07-09,Auto Loan,145207.61
CUST100377,2021-03-29,Home Loan,32004.78
CUST100378,2021-08-20,Personal Loan,39344.98
CUST100378,2022-12-24,Personal Loan,92651.6
CUST100378,2022-10-30,Home Loan,134993.92
CUST100378,2021-08-19,Credit Card,100728.17
CUST100378,2022-05-17,Personal Loan,120167.13
CUST100380,2021-12-18,Personal Loan,176599.17
CUST100380,2022-07-01,Unsecured Others,93808.69
CUST100380,2021-05-21,Home Loan,69277.62
CUST100380,2022-07-23,Home Loan,82464.27
CUST100381,2022-02-10,Home Loan,79193.27
CUST100381,2021-04-01,Home Loan,20182.41
CUST100381,2022-06-02,Home Loan,161608.5
CUST100381,2022-06-30,Credit Card,34092.94
CUST100381,2021-01-10,Home Loan,186398.14
CUST100381,2022-09-02,Auto Loan,184820.45
CUST100381,2022-10-07,Home Loan,31384.07
CUST100383,2021-08-07,Home Loan,10102.67
CUST100383,2021-11-13,Unsecured Others,154610.34
CUST100383,2021-08-29,Personal Loan,37835.2
CUST100383,2022-12-16,Personal Loan,105346.06
CUST100383,2022-05-17,Credit Card,44746.95
CUST100383,2022-03-22,Unsecured Others,8744.53
CUST100385,2022-05-26,Credit Card,151182.11
CUST100385,2021-08-29,Credit Card,50703.05
CUST100385,2021-10-21,Credit Card,15529.3
CUST100385,2022-07-13,Home Loan,139284.14
CUST100385,2022-10-07,Auto Loan,5932.13
CUST100385,2022-12-20,Auto Loan,9790.22
CUST100385,2022-11-02,Credit Card,150669.4
CUST100387,2021-09-03,Personal Loan,38045.34
CUST100387,2021-07-26,Personal Loan,159698.28
CUST100387,2021-05-18,Auto Loan,168999.89
CUST100387,2022-08-18,Personal Loan,138794.87
CUST100387,2022-02-13,Unsecured Others,34970.71
CUST100389,2022-02-26,Auto Loan,83848.73
CUST100389,2021-02-15,Credit Card,104297.78
CUST100390,2021-01-30,Auto Loan,173902.45
CUST100390,2022-07-22,Home Loan,37550.28
CUST100390,2022-03-31,Credit Card,30247.05
CUST100390,2022-06-24,Credit Card,120100.4
CUST100391,2021-06-09,Unsecured Others,23743.86
CUST100391,2021-02-13,Auto Loan,101728.12
CUST100391,2021-09-12,Unsecured Others,98407.74
CUST100391,2022-04-24,Credit Card,169786.49
CUST100391,2021-01-08,Auto Loan,103156.15
CUST100391,2022-10-08,Auto Loan,125434.55
CUST100391,2021-02-21,Credit Card,62222.96
CUST100392,2021-05-20,Home Loan,95206.64
CUST100392,2021-04-12,Personal Loan,148968.31
CUST100392,2022-04-25,Home Loan,178938.6
CUST100392,2021-05-07,Home Loan,16909.97
CUST100392,2022-12-01,Home Loan,157167.39
CUST100393,2021-06-13,Auto Loan,178652.94
CUST100393,2022-07-30,Personal Loan,57594.08
CUST100394,2022-07-31,Credit Card,150407.62
CUST100395,2021-03-22,Home Loan,193500.81
CUST100395,2022-09-27,Home Loan,92454.79
CUST100395,2021-12-23,Unsecured Others,150163.13
CUST100395,2021-05-06,Unsecured Others,15226.28
CUST100395,2022-07-23,Credit Card,56593.91
CUST100396,2021-02-26,Personal Loan,11446.11
CUST100396,2021-03-30,Auto Loan,168970.17
CUST100396,2021-04-11,Home Loan,96056.06
CUST100396,2021-04-08,Auto Loan,141729.92
CUST100396,2021-07-30,Personal Loan,150360.72
CUST100397,2022-02-10,Credit Card,99180.4
CUST100397,2021-03-12,Personal Loan,184783.21
CUST100397,2021-10-24,Credit Card,129106.04
CUST100397,2022-02-12,Credit Card,197253.9
CUST100397,2021-05-15,Unsecured Others,30743.47
CUST100397,2021-07-27,Credit Card,174493.46
CUST100398,2022-01-19,Credit Card,129544.33
CUST100398,2021-12-06,Home Loan,188541.53
CUST100399,2022-09-06,Personal Loan,183790.07
CUST100399,2021-12-26,Unsecured Others,90335.21
CUST100399,2021-08-14,Home Loan,119365.51
CUST100400,2021-10-10,Personal Loan,147217.78
CUST100402,2021-02-23,Personal Loan,34744.26
CUST100402,2022-03-15,Home Loan,67367.14
CUST100402,2022-09-16,Credit Card,110487.41
CUST100402,2021-01-25,Auto Loan,157148.75
CUST100403,2021-12-25,Unsecured Others,168093.65
CUST100403,2021-11-14,Credit Card,76759.94
CUST100403,2022-06-04,Credit Card,182076.56
CUST100403,2022-11-30,Unsecured Others,179446.3
CUST100403,2021-12-14,Auto Loan,11619.05
CUST100403,2021-10-13,Unsecured Others,18689.99
CUST100403,2022-04-22,Unsecured Others,117776.85
CUST100405,2022-12-16,Home Loan,64927.91
CUST100406,2022-01-16,Home Loan,16445.43
CUST100406,2021-07-30,Credit Card,60380.91
CUST100406,2022-05-31,Unsecured Others,189215.0
CUST100406,2021-09-02,Unsecured Others,8278.52
CUST100406,2022-06-01,Auto Loan,141848.06
CUST100407,2022-08-14,Auto Loan,81776.37
CUST100408,2022-11-27,Unsecured Others,65961.57
CUST100408,2022-04-11,Personal Loan,94556.69
CUST100408,2021-10-20,Auto Loan,175799.38
CUST100409,2022-07-02,Home Loan,150620.22
CUST100409,2021-02-05,Home Loan,193433.43
CUST100409,2022-04-07,Personal Loan,55522.65
CUST100409,2021-07-10,Credit Card,164673.87
CUST100409,2021-07-11,Home Loan,89321.84
CUST100411,2022-08-12,Home Loan,67546.62
CUST100411,2022-08-23,Credit Card,126054.28
CUST100411,2022-10-24,Unsecured Others,163832.58
CUST100411,2021-06-12,Unsecured Others,47106.74
CUST100411,2021-10-10,Unsecured Others,76813.44
CUST100411,2021-11-15,Personal Loan,167058.56
CUST100412,2022-05-01,Personal Loan,166828.56
CUST100412,2022-05-21,Unsecured Others,50809.12
CUST100413,2022-04-05,Home Loan,136100.8
CUST100413,2022-10-16,Auto Loan,80270.42
CUST100413,2021-06-04,Home Loan,156083.11
CUST100413,2022-04-13,Personal Loan,129604.7
CUST100415,2021-02-22,Personal Loan,188809.07
CUST100415,2022-05-24,Home Loan,132838.39
CUST100415,2021-04-21,Credit Card,164351.7
CUST100415,2021-02-27,Unsecured Others,99912.5
CUST100415,2022-12-02,Personal Loan,70178.8
CUST100415,2022-06-28,Personal Loan,197191.07
CUST100415,2021-11-28,Personal Loan,175494.33
CUST100416,2021-10-04,Home Loan,68445.38
CUST100416,2021-01-27,Auto Loan,189674.82
CUST100416,2021-11-08,Unsecured Others,187083.16
CUST100416,2022-11-19,Unsecured Others,167378.15
CUST100416,2021-10-03,Personal Loan,33900.47
CUST100417,2021-03-04,Auto Loan,167818.66
CUST100417,2021-12-20,Personal Loan,154651.46
CUST100417,2021-08-14,Unsecured Others,129700.7
CUST100418,2021-05-26,Home Loan,123833.1
CUST100418,2021-03-01,Auto Loan,175465.08
CUST100418,2021-07-08,Home Loan,144394.17
CUST100418,2021-04-08,Unsecured Others,102840.67
CUST100418,2021-03-14,Auto Loan,26451.95
CUST100418,2021-01-25,Unsecured Others,154224.3
CUST100419,2022-03-15,Unsecured Others,56702.96
CUST100419,2022-10-09,Personal Loan,148294.19
CUST100419,2021-03-17,Personal Loan,7506.6
CUST100419,2021-04-16,Personal Loan,14917.75
CUST100419,2022-01-04,Home Loan,52848.64
CUST100420,2021-11-23,Credit Card,103943.21
CUST100420,2021-02-20,Unsecured Others,186433.9
CUST100420,2022-06-05,Home Loan,188505.2
CUST100420,2021-03-07,Personal Loan,76938.45
CUST100420,2022-05-21,Auto Loan,50551.42
CUST100420,2022-10-09,Home Loan,61998.05
CUST100421,2022-01-17,Personal Loan,175586.91
CUST100421,2022-08-02,Personal Loan,151251.76
CUST100421,2022-05-17,Personal Loan,135772.8
CUST100421,2022-05-08,Home Loan,125655.49
CUST100421,2021-01-26,Auto Loan,140865.77
CUST100422,2022-06-02,Home Loan,21667.69
CUST100422,2022-02-21,Credit Card,119724.4
CUST100423,2021-06-10,Unsecured Others,119875.69
CUST100423,2021-07-02,Personal Loan,152792.45
CUST100423,2022-04-29,Credit Card,163892.02
CUST100423,2021-12-20,Home Loan,10751.6
CUST100423,2021-10-25,Credit Card,171201.92
CUST100424,2022-11-27,Auto Loan,180764.45
CUST100424,2022-08-27,Home Loan,142919.75
CUST100424,2021-05-15,Credit Card,30097.17
CUST100425,2021-02-23,Unsecured Others,20974.54
CUST100427,2021-01-05,Personal Loan,47492.31
CUST100427,2022-07-07,Personal Loan,44075.68
CUST100427,2021-07-03,Unsecured Others,139819.54
CUST100427,2021-07-19,Credit Card,50376.71
CUST100427,2021-02-12,Home Loan,105770.27
CUST100427,2022-12-16,Home Loan,166247.45
CUST100427,2021-02-27,Personal Loan,182394.23
CUST100428,2021-11-28,Auto Loan,176770.77
CUST100428,2021-09-26,Home Loan,105446.32
CUST100429,2022-11-01,Home Loan,107361.93
CUST100429,2021-12-23,Auto Loan,183196.03
CUST100429,2021-12-14,Auto Loan,20137.66
CUST100429,2022-01-10,Personal Loan,107698.95
CUST100429,2021-09-27,Home Loan,131385.7
CUST100429,2022-03-13,Unsecured Others,148020.46
CUST100429,2022-01-20,Personal Loan,12365.21
CUST100430,2022-05-06,Credit Card,121061.31
CUST100430,2021-11-04,Credit Card,166006.05
CUST100430,2022-01-29,Unsecured Others,99901.81
CUST100430,2022-08-10,Unsecured Others,135331.81
CUST100430,2022-04-30,Personal Loan,105785.09
CUST100430,2021-02-19,Auto Loan,18614.68
CUST100431,2022-04-08,Personal Loan,61253.18
CUST100431,2021-10-16,Credit Card,199375.36
CUST100431,2021-03-14,Personal Loan,151479.15
CUST100431,2021-07-07,Personal Loan,36537.82
CUST100432,2022-05-30,Personal Loan,183142.23
CUST100432,2021-05-25,Auto Loan,163371.17
CUST100432,2021-11-21,Unsecured Others,68086.95
CUST100432,2021-04-17,Auto Loan,119405.23
CUST100432,2021-10-28,Credit Card,181896.26
CUST100432,2021-04-28,Credit Card,185445.47
CUST100433,2022-01-22,Personal Loan,153161.18
CUST100434,2022-07-15,Personal Loan,37501.94
CUST100434,2021-02-10,Auto Loan,88977.9
CUST100434,2022-08-30,Credit Card,54437.74
CUST100435,2022-12-29,Personal Loan,12625.37
CUST100435,2021-11-24,Auto Loan,87765.47
CUST100435,2021-11-25,Unsecured Others,8460.54
CUST100435,2022-06-27,Personal Loan,90145.33
CUST100435,2021-09-08,Auto Loan,139472.56
CUST100436,2022-07-08,Credit Card,169478.45
CUST100436,2021-07-19,Home Loan,185214.68
CUST100436,2022-02-18,Auto Loan,184490.63
CUST100438,2021-04-04,Auto Loan,126681.62
CUST100438,2022-09-10,Auto Loan,101284.65
CUST100438,2021-10-25,Home Loan,188071.32
CUST100439,2022-03-26,Credit Card,193445.95
CUST100439,2022-11-26,Auto Loan,117161.28
CUST100439,2022-09-05,Credit Card,5423.45
CUST100439,2021-10-16,Auto Loan,10984.01
CUST100439,2021-08-23,Credit Card,124598.58
CUST100439,2022-11-25,Credit Card,19331.85
CUST100439,2021-06-27,Home Loan,29935.8
CUST100440,2022-01-26,Unsecured Others,36428.09
CUST100440,2021-03-23,Auto Loan,17346.28
CUST100440,2021-01-28,Auto Loan,12162.08
CUST100440,2021-01-10,Auto Loan,38006.56
CUST100440,2021-03-24,Auto Loan,75958.73
CUST100440,2021-09-05,Credit Card,97161.46
CUST100441,2022-03-29,Unsecured Others,102992.84
CUST100442,2022-01-12,Unsecured Others,171704.14
CUST100442,2022-07-12,Credit Card,199417.89
CUST100442,2021-07-17,Home Loan,171319.27
CUST100442,2021-06-16,Credit Card,197938.23
CUST100442,2022-12-05,Auto Loan,107991.23
CUST100442,2022-09-22,Personal Loan,174178.18
CUST100444,2021-01-18,Home Loan,18340.3
CUST100444,2021-03-21,Personal Loan,120326.47
CUST100444,2021-01-30,Home Loan,114704.11
CUST100444,2022-09-21,Credit Card,106975.4
CUST100445,2022-10-10,Auto Loan,186837.03
CUST100445,2021-06-27,Personal Loan,49202.36
CUST100445,2022-12-03,Credit Card,23753.92
CUST100445,2021-01-06,Credit Card,42404.99
CUST100447,2022-09-30,Home Loan,66891.54
CUST100447,2021-08-28,Unsecured Others,106470.01
CUST100447,2022-12-30,Credit Card,111870.53
CUST100447,2021-10-01,Credit Card,181362.02
CUST100447,2021-05-19,Auto Loan,133330.62
CUST100448,2021-03-23,Credit Card,47060.36
CUST100448,2022-09-03,Unsecured Others,94767.31
CUST100449,2022-03-30,Credit Card,80982.5
CUST100449,2022-04-09,Personal Loan,130092.85
CUST100449,2021-04-19,Unsecured Others,94984.62
CUST100449,2022-02-24,Personal Loan,28465.02
CUST100449,2022-09-08,Credit Card,124426.6
CUST100450,2021-03-10,Credit Card,133582.42
CUST100450,2021-08-15,Auto Loan,52666.32
CUST100450,2022-11-11,Home Loan,97656.09
CUST100451,2021-03-02,Home Loan,20111.13
CUST100451,2021-07-09,Personal Loan,145976.45
CUST100451,2022-09-01,Home Loan,147872.99
CUST100451,2021-12-25,Personal Loan,58377.65
CUST100454,2022-01-27,Home Loan,92159.76
CUST100454,2022-05-13,Unsecured Others,140715.22
CUST100454,2022-05-24,Home Loan,171548.77
CUST100454,2022-03-15,Unsecured Others,41170.51
CUST100455,2021-08-25,Unsecured Others,22730.86
CUST100455,2021-05-20,Personal Loan,134725.39
CUST100455,2022-07-23,Home Loan,135854.44
CUST100455,2021-08-17,Auto Loan,130311.52
CUST100456,2021-09-25,Credit Card,163932.39
CUST100456,2021-11-02,Credit Card,118917.45
CUST100456,2021-10-07,Personal Loan,143782.79
CUST100456,2021-12-25,Credit Card,155929.83
CUST100457,2022-02-11,Personal Loan,144897.42
CUST100457,2022-10-16,Unsecured Others,78142.74
CUST100457,2022-07-23,Personal Loan,99274.4
CUST100457,2021-04-23,Unsecured Others,33806.67
CUST100457,2022-01-03,Credit Card,192727.55
CUST100458,2022-06-04,Unsecured Others,140629.99
CUST100458,2022-01-12,Unsecured Others,84054.98
CUST100458,2021-08-15,Home Loan,76806.41
CUST100459,2022-04-14,Auto Loan,150188.69
CUST100460,2021-08-09,Credit Card,116986.38
CUST100460,2022-09-26,Personal Loan,89198.45
CUST100460,2021-09-13,Credit Card,35328.89
CUST100460,2021-11-12,Home Loan,86428.14
CUST100460,2021-06-13,Home Loan,94434.84
CUST100460,2021-03-08,Home Loan,176868.84
CUST100460,2021-06-26,Credit Card,188497.17
CUST100461,2022-12-17,Credit Card,188979.57
CUST100461,2022-03-01,Unsecured Others,8368.3
CUST100462,2022-02-12,Credit Card,178241.89
CUST100462,2022-07-02,Credit Card,192784.11
CUST100462,2021-08-03,Personal Loan,44506.88
CUST100462,2022-05-26,Personal Loan,110592.42
CUST100463,2021-09-03,Home Loan,61437.04
CUST100464,2022-02-21,Home Loan,75504.0
CUST100465,2021-12-30,Personal Loan,130231.47
CUST100465,2021-04-05,Unsecured Others,191652.94
CUST100465,2022-10-14,Home Loan,133966.69
CUST100465,2021-12-26,Credit Card,19736.78
CUST100465,2021-08-22,Credit Card,108839.1
CUST100466,2022-03-15,Auto Loan,16061.7
CUST100466,2021-11-18,Auto Loan,183840.79
CUST100466,2022-09-29,Unsecured Others,78232.2
CUST100466,2022-02-19,Home Loan,10459.27
CUST100467,2021-07-23,Home Loan,188715.53
CUST100467,2022-02-03,Credit Card,8702.49
CUST100467,2021-03-03,Home Loan,40975.81
CUST100467,2022-11-13,Credit Card,50196.25
CUST100467,2022-04-04,Unsecured Others,79002.73
CUST100467,2021-07-30,Unsecured Others,81027.05
CUST100468,2022-05-16,Home Loan,34471.35
CUST100468,2021-07-20,Credit Card,131795.78
CUST100468,2021-10-10,Personal Loan,196392.85
CUST100468,2021-12-11,Auto Loan,180220.88
CUST100468,2021-02-17,Personal Loan,21692.8
CUST100468,2021-06-15,Personal Loan,82522.42
CUST100468,2022-08-21,Credit Card,145625.76
CUST100469,2021-07-10,Unsecured Others,79152.5
CUST100469,2022-06-29,Auto Loan,99554.09
CUST100469,2021-02-18,Personal Loan,87958.81
CUST100470,2021-03-27,Unsecured Others,76520.86
CUST100471,2021-11-06,Unsecured Others,63979.66
CUST100471,2022-05-19,Unsecured Others,171106.55
CUST100472,2022-04-22,Credit Card,17890.49
CUST100472,2022-09-25,Unsecured Others,66564.37
CUST100473,2022-11-03,Home Loan,82714.44
CUST100473,2022-01-12,Personal Loan,127890.53
CUST100473,2021-01-10,Personal Loan,59512.94
CUST100473,2022-08-03,Auto Loan,67319.64
CUST100473,2021-07-21,Personal Loan,187387.39
CUST100473,2021-01-31,Credit Card,19555.04
CUST100473,2022-07-20,Personal Loan,36557.96
CUST100474,2022-06-12,Unsecured Others,96206.3
CUST100475,2022-02-12,Personal Loan,178684.16
CUST100476,2021-01-14,Auto Loan,194488.76
CUST100476,2022-08-24,Unsecured Others,16099.61
CUST100476,2022-05-08,Home Loan,42162.1
CUST100476,2022-02-04,Credit Card,93621.29
CUST100476,2022-01-26,Personal Loan,149998.66
CUST100477,2022-01-24,Unsecured Others,172218.71
CUST100477,2022-07-13,Credit Card,21789.01
CUST100477,2021-02-21,Unsecured Others,112619.12
CUST100477,2021-11-01,Personal Loan,156797.57
CUST100478,2021-06-26,Unsecured Others,53755.25
CUST100479,2021-10-04,Personal Loan,138401.2
CUST100479,2022-12-08,Personal Loan,65400.96
CUST100480,2022-09-04,Personal Loan,6372.84
CUST100481,2021-01-28,Home Loan,53726.94
CUST100481,2021-10-10,Home Loan,85985.78
CUST100481,2022-12-11,Credit Card,159061.0
CUST100481,2021-10-18,Home Loan,67901.27
CUST100481,2022-04-22,Auto Loan,153560.71
CUST100481,2022-02-07,Home Loan,109274.7
CUST100482,2021-04-18,Credit Card,146787.3
CUST100482,2022-06-28,Credit Card,180977.05
CUST100482,2022-10-20,Auto Loan,18579.33
CUST100482,2022-03-13,Credit Card,120811.95
CUST100482,2021-08-01,Home Loan,10171.97
CUST100482,2021-03-02,Personal Loan,117507.97
CUST100483,2021-11-15,Auto Loan,162608.8
CUST100483,2021-08-17,Auto Loan,34469.81
CUST100483,2022-11-17,Home Loan,157295.43
CUST100484,2022-07-04,Unsecured Others,39380.14
CUST100484,2021-06-11,Unsecured Others,163208.4
CUST100484,2022-11-12,Unsecured Others,167287.76
CUST100484,2022-08-25,Credit Card,54931.18
CUST100484,2022-03-13,Unsecured Others,120581.95
CUST100484,2021-02-20,Personal Loan,42415.99
CUST100485,2022-11-24,Credit Card,148687.22
CUST100485,2022-11-04,Unsecured Others,154981.17
CUST100485,2021-03-17,Personal Loan,189136.6
CUST100485,2022-04-29,Personal Loan,185228.52
CUST100485,2021-02-28,Auto Loan,79158.65
CUST100485,2022-11-17,Home Loan,95914.58
CUST100485,2022-08-29,Personal Loan,174188.39
CUST100486,2022-04-25,Personal Loan,88487.73
CUST100486,2021-07-14,Unsecured Others,131132.72
CUST100486,2021-11-22,Personal Loan,162549.21
CUST100486,2021-09-11,Credit Card,41723.3
CUST100486,2022-04-17,Personal Loan,16988.91
CUST100486,2021-07-12,Auto Loan,89445.41
CUST100486,2022-01-09,Auto Loan,71917.56
CUST100487,2022-03-19,Home Loan,146017.16
CUST100487,2022-02-03,Unsecured Others,111265.54
CUST100488,2022-02-25,Auto Loan,53567.31
CUST100488,2021-05-13,Home Loan,32780.9
CUST100488,2022-07-03,Credit Card,14496.99
CUST100489,2022-02-07,Home Loan,31235.3
CUST100489,2021-05-08,Auto Loan,82157.79
CUST100489,2022-09-02,Auto Loan,134040.63
CUST100489,2021-10-25,Credit Card,22995.37
CUST100489,2022-11-30,Home Loan,29214.62
CUST100489,2021-06-30,Unsecured Others,129777.73
CUST100490,2022-03-01,Credit Card,173463.57
CUST100490,2022-05-07,Auto Loan,11290.84
CUST100490,2022-12-11,Personal Loan,45376.47
CUST100490,2022-06-10,Home Loan,29874.59
CUST100490,2021-10-29,Home Loan,61585.28
CUST100490,2022-07-07,Personal Loan,63316.43
CUST100491,2022-05-22,Credit Card,151409.49
CUST100491,2021-09-26,Home Loan,5530.81
CUST100491,2022-08-25,Credit Card,24814.04
CUST100491,2022-04-08,Credit Card,143755.45
CUST100491,2021-07-30,Unsecured Others,70707.65
CUST100491,2021-03-04,Credit Card,12364.25
CUST100492,2022-03-10,Credit Card,111306.78
CUST100492,2021-10-20,Personal Loan,199517.13
CUST100492,2021-11-28,Home Loan,83630.3
CUST100492,2021-12-12,Credit Card,29432.69
CUST100492,2022-07-31,Auto Loan,191197.99
CUST100493,2022-09-07,Home Loan,126821.26
CUST100493,2022-12-10,Personal Loan,178236.57
CUST100493,2021-01-24,Home Loan,119632.05
CUST100493,2021-03-25,Unsecured Others,120421.2
CUST100493,2021-10-24,Personal Loan,31911.68
CUST100495,2022-04-24,Personal Loan,160450.62
CUST100495,2022-12-15,Personal Loan,6345.05
CUST100495,2021-06-29,Credit Card,17631.19
CUST100495,2022-08-22,Auto Loan,101349.14
CUST100495,2021-11-12,Personal Loan,71465.4
CUST100496,2022-01-13,Unsecured Others,196192.34
CUST100497,2022-07-31,Personal Loan,46997.19
CUST100497,2021-12-10,Auto Loan,128646.52
CUST100498,2022-10-22,Personal Loan,178197.0
CUST100499,2021-08-22,Home Loan,189578.39
CUST100499,2022-10-16,Home Loan,139325.84
CUST100499,2022-01-24,Home Loan,97449.02
CUST100500,2022-06-01,Unsecured Others,87492.18
CUST100500,2022-07-27,Credit Card,179135.44
CUST100500,2021-11-08,Unsecured Others,82148.04
CUST100500,2021-08-09,Unsecured Others,54301.12
CUST100500,2022-08-11,Unsecured Others,74747.41
CUST100500,2021-07-16,Credit Card,89560.99
CUST100502,2021-02-02,Auto Loan,14519.55
CUST100502,2021-05-14,Auto Loan,37351.07
CUST100502,2022-11-10,Personal Loan,166396.93
CUST100503,2021-05-31,Auto Loan,187582.29
CUST100503,2021-05-24,Unsecured Others,158831.09
CUST100503,2022-12-06,Personal Loan,132440.15
CUST100503,2021-06-19,Unsecured Others,167745.35
CUST100503,2022-10-17,Home Loan,147374.5
CUST100504,2021-11-28,Credit Card,88730.09
CUST100504,2021-04-01,Home Loan,66023.2
CUST100506,2021-09-05,Home Loan,193119.06
CUST100506,2022-11-16,Auto Loan,156268.97
CUST100506,2021-11-19,Credit Card,91189.32
CUST100506,2021-11-06,Home Loan,102944.42
CUST100506,2021-08-24,Home Loan,38062.43
CUST100506,2021-09-11,Credit Card,100710.72
CUST100506,2022-02-17,Auto Loan,48454.57
CUST100508,2022-11-12,Unsecured Others,193223.84
CUST100508,2022-05-17,Personal Loan,105128.06
CUST100508,2021-10-08,Credit Card,17078.84
CUST100508,2022-07-14,Credit Card,165986.98
CUST100508,2021-08-28,Personal Loan,124294.97
CUST100509,2022-11-12,Unsecured Others,126976.56
CUST100509,2022-07-31,Credit Card,13967.63
CUST100509,2021-11-26,Unsecured Others,93096.39
CUST100509,2021-11-10,Personal Loan,87799.99
CUST100510,2021-07-07,Home Loan,29026.15
CUST100511,2022-02-02,Personal Loan,177320.23
CUST100512,2022-05-10,Home Loan,19072.11
CUST100512,2022-06-28,Auto Loan,41034.81
CUST100512,2022-07-17,Unsecured Others,21709.71
CUST100512,2022-01-14,Auto Loan,184380.28
CUST100512,2021-08-23,Credit Card,83973.33
CUST100512,2021-10-04,Credit Card,96941.73
CUST100513,2022-10-26,Auto Loan,126005.11
CUST100513,2022-07-22,Unsecured Others,170440.13
CUST100513,2021-07-06,Home Loan,79743.16
CUST100514,2022-08-08,Home Loan,31992.2
CUST100515,2021-01-31,Personal Loan,45762.97
CUST100515,2022-08-11,Auto Loan,17357.39
CUST100515,2021-05-18,Home Loan,5111.52
CUST100516,2022-12-22,Personal Loan,169671.72
CUST100516,2022-12-31,Personal Loan,167040.12
CUST100516,2021-09-06,Home Loan,61418.92
CUST100516,2022-05-20,Auto Loan,91558.61
CUST100516,2022-06-09,Home Loan,196303.41
CUST100516,2022-06-23,Credit Card,165750.3
CUST100516,2022-10-05,Personal Loan,78584.87
CUST100517,2021-08-17,Personal Loan,53354.4
CUST100518,2021-05-21,Home Loan,176315.26
CUST100518,2022-05-10,Unsecured Others,90319.15
CUST100518,2021-06-26,Auto Loan,27490.77
CUST100518,2022-10-31,Unsecured Others,178027.18
CUST100518,2021-03-17,Auto Loan,44534.5
CUST100518,2022-01-17,Personal Loan,152114.95
CUST100518,2021-02-27,Unsecured Others,90804.72
CUST100519,2021-04-13,Unsecured Others,39453.63
CUST100520,2021-01-29,Unsecured Others,53659.77
CUST100520,2021-10-27,Unsecured Others,49913.45
CUST100521,2022-03-31,Unsecured Others,83459.6
CUST100521,2021-02-09,Home Loan,145494.22
CUST100521,2021-03-25,Personal Loan,188648.34
CUST100521,2022-11-18,Credit Card,87010.57
CUST100521,2021-12-30,Personal Loan,155160.33
CUST100521,2022-10-23,Home Loan,151001.36
CUST100523,2021-12-31,Credit Card,199524.87
CUST100523,2021-02-26,Credit Card,149963.63
CUST100523,2021-05-18,Auto Loan,160215.65
CUST100523,2021-02-05,Unsecured Others,152380.96
CUST100523,2022-11-25,Home Loan,146673.11
CUST100524,2022-07-30,Personal Loan,151518.41
CUST100524,2022-10-26,Personal Loan,16875.78
CUST100526,2022-09-06,Home Loan,8564.39
CUST100526,2021-03-06,Unsecured Others,66366.16
CUST100526,2021-06-05,Personal Loan,48678.13
CUST100526,2022-08-08,Personal Loan,23125.75
CUST100527,2022-09-23,Credit Card,182194.84
CUST100527,2022-04-30,Auto Loan,117397.78
CUST100527,2021-11-25,Auto Loan,77214.78
CUST100527,2022-05-02,Auto Loan,135118.17
CUST100528,2022-02-06,Auto Loan,141555.94
CUST100528,2022-03-05,Unsecured Others,133632.44
CUST100529,2022-11-02,Auto Loan,153201.06
CUST100529,2021-05-01,Credit Card,166705.71
CUST100529,2022-07-07,Home Loan,125626.69
CUST100529,2021-02-28,Credit Card,181633.85
CUST100529,2022-05-31,Auto Loan,44256.64
CUST100529,2022-10-22,Personal Loan,39061.66
CUST100530,2021-09-30,Credit Card,124487.82
CUST100530,2022-10-23,Home Loan,101085.92
CUST100531,2021-04-22,Personal Loan,174048.73
CUST100531,2022-11-25,Home Loan,44460.06
CUST100531,2022-01-27,Auto Loan,186074.88
CUST100532,2022-12-26,Unsecured Others,60312.27
CUST100532,2021-12-14,Unsecured Others,124122.16
CUST100532,2021-04-12,Home Loan,58019.0
CUST100532,2022-01-25,Auto Loan,185919.24
CUST100532,2022-11-25,Home Loan,198079.88
CUST100532,2022-04-02,Credit Card,25314.2
CUST100533,2022-06-23,Auto Loan,128786.31
CUST100533,2022-11-02,Home Loan,49194.42
CUST100533,2021-06-05,Unsecured Others,73643.9
CUST100533,2021-10-27,Auto Loan,27641.59
CUST100534,2022-07-09,Home Loan,83253.11
CUST100534,2021-12-11,Home Loan,179244.08
CUST100534,2021-11-06,Unsecured Others,189329.54
CUST100534,2021-09-19,Personal Loan,9215.24
CUST100534,2021-04-15,Home Loan,43982.92
CUST100534,2022-02-28,Home Loan,92665.27
CUST100534,2021-09-02,Personal Loan,99282.8
CUST100535,2021-09-26,Credit Card,37535.59
CUST100537,2022-01-19,Home Loan,91480.57
CUST100537,2021-03-25,Credit Card,144481.57
CUST100537,2022-09-26,Auto Loan,195352.47
CUST100537,2021-05-01,Auto Loan,199547.91
CUST100538,2021-04-22,Home Loan,162366.19
CUST100538,2021-05-31,Unsecured Others,78367.18
CUST100538,2021-01-25,Auto Loan,192833.43
CUST100538,2021-12-13,Personal Loan,29351.61
CUST100538,2022-11-11,Auto Loan,23278.41
CUST100540,2022-03-26,Auto Loan,114582.82
CUST100540,2022-02-25,Personal Loan,117086.87
CUST100540,2021-04-06,Credit Card,49149.1
CUST100540,2021-09-05,Home Loan,79926.81
CUST100541,2022-10-29,Auto Loan,77915.08
CUST100541,2022-03-23,Unsecured Others,93395.94
CUST100541,2022-03-31,Credit Card,192063.0
CUST100541,2022-08-22,Credit Card,114374.18
CUST100541,2022-12-25,Credit Card,56589.07
CUST100541,2021-09-27,Unsecured Others,174621.03
CUST100541,2021-10-26,Personal Loan,82683.1
CUST100542,2021-01-23,Home Loan,38600.84
CUST100542,2022-03-29,Auto Loan,54669.14
CUST100543,2022-05-22,Home Loan,162525.84
CUST100543,2021-11-11,Home Loan,129638.56
CUST100544,2022-12-24,Auto Loan,81428.18
CUST100545,2021-09-06,Auto Loan,164741.23
CUST100545,2021-02-14,Personal Loan,135372.31
CUST100545,2021-10-14,Credit Card,190465.86
CUST100545,2021-09-15,Home Loan,158270.0
CUST100547,2021-12-29,Personal Loan,115863.86
CUST100547,2022-03-18,Unsecured Others,53478.55
CUST100547,2021-10-17,Credit Card,163183.15
CUST100547,2021-11-27,Credit Card,44399.88
CUST100547,2021-02-11,Auto Loan,196404.9
CUST100547,2021-08-07,Auto Loan,69842.16
CUST100548,2021-02-26,Credit Card,134970.73
CUST100548,2021-04-11,Unsecured Others,197954.82
CUST100548,2022-10-23,Unsecured Others,43425.01
CUST100548,2021-05-23,Credit Card,73518.46
CUST100548,2021-12-28,Auto Loan,6043.11
CUST100549,2022-07-14,Unsecured Others,190687.09
CUST100549,2021-06-17,Personal Loan,183267.59
CUST100549,2021-02-03,Credit Card,30841.47
CUST100549,2021-05-25,Auto Loan,74252.99
CUST100549,2021-07-03,Auto Loan,46176.82
CUST100549,2022-01-11,Credit Card,193667.97
CUST100551,2022-07-20,Home Loan,13494.91
CUST100551,2021-01-07,Personal Loan,111398.5
CUST100551,2021-10-23,Auto Loan,108152.81
CUST100553,2022-10-16,Home Loan,178525.26
CUST100553,2022-04-30,Unsecured Others,128228.65
CUST100554,2022-06-18,Personal Loan,91973.86
CUST100554,2021-07-26,Credit Card,20143.28
CUST100554,2021-03-08,Home Loan,142207.38
CUST100555,2022-11-24,Credit Card,50520.88
CUST100555,2021-11-08,Home Loan,108843.41
CUST100555,2021-01-17,Credit Card,104486.38
CUST100555,2022-12-15,Personal Loan,141163.11
CUST100555,2021-10-03,Unsecured Others,30618.06
CUST100555,2022-06-17,Unsecured Others,21535.96
CUST100555,2021-09-25,Auto Loan,30549.34
CUST100556,2021-11-21,Auto Loan,155563.18
CUST100556,2021-12-19,Home Loan,112647.59
CUST100556,2021-12-30,Personal Loan,181079.62
CUST100556,2022-11-11,Unsecured Others,51033.31
CUST100556,2021-12-17,Home Loan,176249.54
CUST100556,2021-05-19,Unsecured Others,188035.57
CUST100556,2022-03-19,Personal Loan,83904.88
CUST100557,2021-10-08,Credit Card,92732.14
CUST100557,2022-07-10,Home Loan,96481.18
CUST100557,2022-12-18,Personal Loan,151730.97
CUST100557,2022-01-24,Unsecured Others,18692.37
CUST100557,2021-04-18,Unsecured Others,195497.76
CUST100557,2021-03-12,Unsecured Others,172158.65
CUST100557,2022-01-28,Unsecured Others,142063.99
CUST100558,2021-01-10,Credit Card,30443.02
CUST100558,2021-06-28,Credit Card,131823.29
CUST100558,2021-03-07,Unsecured Others,96905.73
CUST100558,2021-09-23,Personal Loan,92351.31
CUST100560,2022-06-22,Personal Loan,52109.98
CUST100560,2021-11-28,Auto Loan,102095.5
CUST100560,2021-06-03,Home Loan,78306.98
CUST100560,2021-09-12,Unsecured Others,36683.3
CUST100560,2021-04-01,Home Loan,150150.35
CUST100560,2021-07-31,Home Loan,104178.04
CUST100561,2022-05-06,Auto Loan,113780.39
CUST100561,2021-10-17,Auto Loan,10805.93
CUST100561,2021-11-25,Credit Card,92567.14
CUST100561,2021-02-17,Auto Loan,132014.85
CUST100561,2022-01-30,Unsecured Others,154245.66
CUST100561,2021-01-08,Personal Loan,173421.06
CUST100561,2022-10-02,Unsecured Others,148718.1
CUST100562,2021-10-14,Unsecured Others,70928.22
CUST100562,2021-10-27,Unsecured Others,176961.88
CUST100562,2022-03-19,Personal Loan,108992.14
CUST100562,2021-10-02,Credit Card,148641.69
CUST100562,2021-11-03,Home Loan,34074.33
CUST100563,2021-05-23,Credit Card,50954.52
CUST100563,2021-05-14,Credit Card,110985.35
CUST100563,2022-04-19,Credit Card,189960.03
CUST100564,2021-09-18,Auto Loan,81762.69
CUST100564,2022-03-04,Unsecured Others,133967.63
CUST100564,2021-09-21,Auto Loan,104563.42
CUST100564,2022-06-04,Home Loan,194031.7
CUST100564,2021-05-14,Unsecured Others,26509.14
CUST100565,2021-10-21,Home Loan,196490.02
CUST100565,2022-10-06,Unsecured Others,21736.33
CUST100565,2022-09-02,Personal Loan,60254.62
CUST100565,2021-06-08,Home Loan,128182.93
CUST100565,2021-05-28,Home Loan,70410.68
CUST100565,2021-05-03,Home Loan,130058.75
CUST100566,2022-07-30,Credit Card,55974.04
CUST100567,2021-09-04,Personal Loan,165431.28
CUST100567,2022-12-14,Personal Loan,97397.51
CUST100567,2021-06-26,Home Loan,142397.37
CUST100568,2021-12-07,Auto Loan,144351.43
CUST100568,2021-11-22,Auto Loan,113100.56
CUST100568,2021-12-02,Personal Loan,50265.95
CUST100568,2021-09-30,Unsecured Others,12373.47
CUST100568,2021-12-27,Auto Loan,165456.81
CUST100568,2021-01-02,Personal Loan,30279.31
CUST100569,2021-10-30,Home Loan,127462.06
CUST100569,2022-01-22,Unsecured Others,131079.78
CUST100569,2022-12-06,Auto Loan,161566.37
CUST100569,2021-03-15,Home Loan,23853.67
CUST100569,2021-08-17,Unsecured Others,52949.81
CUST100569,2022-11-04,Auto Loan,56909.12
CUST100569,2022-09-15,Unsecured Others,85361.78
CUST100570,2021-11-05,Unsecured Others,60502.57
CUST100570,2021-05-28,Unsecured Others,122797.3
CUST100570,2021-10-03,Personal Loan,115184.24
CUST100571,2022-01-16,Auto Loan,187933.84
CUST100571,2021-03-17,Unsecured Others,25974.49
CUST100571,2021-02-20,Personal Loan,184940.28
CUST100572,2021-02-24,Home Loan,182826.26
CUST100572,2021-06-27,Home Loan,110121.67
CUST100572,2021-04-03,Auto Loan,67746.67
CUST100572,2021-10-13,Home Loan,152723.57
CUST100573,2021-01-17,Auto Loan,33421.37
CUST100573,2021-02-14,Personal Loan,63777.2
CUST100573,2021-06-11,Auto Loan,84236.97
CUST100574,2022-08-03,Unsecured Others,165275.74
CUST100574,2022-12-14,Unsecured Others,15204.04
CUST100574,2022-01-07,Personal Loan,38696.77
CUST100574,2021-03-11,Home Loan,56540.9
CUST100574,2021-09-11,Unsecured Others,178550.15
CUST100574,2021-05-13,Auto Loan,39875.92
CUST100576,2022-03-05,Unsecured Others,32022.44
CUST100576,2021-04-27,Personal Loan,93868.49
CUST100576,2021-02-21,Personal Loan,42412.98
CUST100576,2022-03-06,Auto Loan,196280.93
CUST100576,2021-08-17,Personal Loan,70479.58
CUST100577,2022-03-10,Auto Loan,79581.09
CUST100577,2021-10-07,Credit Card,92588.91
CUST100578,2021-06-10,Home Loan,126341.66
CUST100578,2021-03-22,Auto Loan,117362.3
CUST100579,2022-05-17,Personal Loan,165190.91
CUST100579,2021-01-27,Unsecured Others,181245.15
CUST100579,2022-02-01,Auto Loan,149718.6
CUST100579,2022-03-16,Personal Loan,72226.33
CUST100579,2021-05-29,Unsecured Others,113957.93
CUST100580,2022-02-24,Home Loan,161741.96
CUST100580,2021-03-21,Unsecured Others,180752.62
CUST100581,2022-03-06,Unsecured Others,163103.52
CUST100581,2021-07-03,Auto Loan,196814.78
CUST100582,2022-10-20,Home Loan,53520.95
CUST100582,2022-11-19,Personal Loan,138412.05
CUST100582,2021-08-15,Credit Card,8967.35
CUST100582,2021-05-11,Auto Loan,121634.44
CUST100582,2021-10-15,Home Loan,100496.79
CUST100582,2022-01-11,Credit Card,189929.72
CUST100583,2022-05-01,Home Loan,135747.87
CUST100583,2022-04-05,Personal Loan,196819.73
CUST100583,2022-02-14,Personal Loan,87618.56
CUST100583,2022-08-06,Personal Loan,75190.81
CUST100583,2021-01-10,Personal Loan,68741.56
CUST100583,2022-07-07,Personal Loan,148151.25
CUST100583,2022-08-28,Home Loan,131946.17
CUST100584,2022-05-02,Personal Loan,166974.74
CUST100584,2022-05-15,Unsecured Others,171137.6
CUST100584,2021-12-05,Home Loan,141661.53
CUST100584,2022-01-04,Credit Card,199884.68
CUST100584,2021-01-05,Home Loan,136278.92
CUST100584,2022-06-01,Credit Card,13371.92
CUST100584,2022-07-26,Home Loan,175867.74
CUST100585,2022-05-22,Auto Loan,133925.48
CUST100585,2022-10-13,Credit Card,89510.41
CUST100585,2022-10-26,Home Loan,141824.79
CUST100586,2021-11-18,Personal Loan,136184.79
CUST100587,2021-08-11,Home Loan,197183.72
CUST100587,2021-08-01,Home Loan,156380.07
CUST100587,2022-06-10,Personal Loan,103191.07
CUST100587,2021-07-02,Home Loan,194325.86
CUST100588,2022-01-27,Credit Card,25637.29
CUST100588,2022-02-06,Credit Card,39029.09
CUST100589,2022-11-20,Unsecured Others,192106.51
CUST100590,2021-06-12,Credit Card,172885.8
CUST100590,2022-12-09,Unsecured Others,147539.21
CUST100590,2021-08-11,Home Loan,119887.61
CUST100590,2021-06-29,Auto Loan,43825.81
CUST100591,2021-11-01,Unsecured Others,176530.81
CUST100591,2021-12-25,Home Loan,146660.16
CUST100592,2021-08-06,Credit Card,37246.87
CUST100592,2022-05-24,Credit Card,73613.08
CUST100593,2021-09-15,Auto Loan,122404.49
CUST100593,2021-06-30,Unsecured Others,11147.15
CUST100593,2022-10-03,Credit Card,186031.85
CUST100593,2022-09-23,Home Loan,194968.13
CUST100593,2021-08-07,Credit Card,128715.07
CUST100593,2022-08-07,Credit Card,28034.59
CUST100594,2021-09-09,Credit Card,108799.55
CUST100594,2021-10-21,Credit Card,173187.17
CUST100594,2021-11-24,Unsecured Others,116881.34
CUST100594,2021-03-23,Credit Card,98980.95
CUST100594,2021-06-24,Home Loan,128442.26
CUST100595,2022-01-12,Personal Loan,5283.43
CUST100595,2022-11-18,Unsecured Others,133986.97
CUST100595,2021-12-06,Auto Loan,79934.14
CUST100595,2021-10-16,Home Loan,27173.44
CUST100595,2021-09-11,Personal Loan,84463.74
CUST100595,2021-06-09,Home Loan,155141.28
CUST100596,2021-08-12,Unsecured Others,189265.57
CUST100596,2022-11-22,Auto Loan,24668.04
CUST100596,2022-02-17,Personal Loan,193607.29
CUST100596,2021-05-28,Personal Loan,83598.88
CUST100596,2021-05-03,Unsecured Others,115367.33
CUST100599,2021-12-20,Personal Loan,74641.8
CUST100599,2021-01-24,Personal Loan,85027.97
CUST100601,2022-06-20,Credit Card,95972.01
CUST100601,2022-10-13,Unsecured Others,23588.51
CUST100601,2021-12-04,Unsecured Others,194515.16
CUST100601,2021-06-23,Auto Loan,58639.74
CUST100601,2021-03-19,Credit Card,151594.78
CUST100601,2021-11-29,Personal Loan,63818.67
CUST100601,2021-04-07,Unsecured Others,31752.25
CUST100602,2021-05-13,Credit Card,38104.64
CUST100602,2022-10-03,Personal Loan,143801.02
CUST100602,2021-11-20,Auto Loan,109669.5
CUST100602,2021-10-24,Auto Loan,113258.45
CUST100602,2021-10-19,Home Loan,120822.77
CUST100602,2022-04-21,Unsecured Others,17646.59
CUST100602,2021-02-16,Personal Loan,122628.5
CUST100603,2021-06-16,Unsecured Others,185439.01
CUST100603,2021-06-03,Auto Loan,128571.9
CUST100603,2021-05-10,Unsecured Others,182833.92
CUST100603,2021-09-04,Auto Loan,87418.23
CUST100604,2022-01-30,Personal Loan,20057.78
CUST100604,2022-06-18,Home Loan,73015.74
CUST100604,2021-05-18,Credit Card,87116.15
CUST100604,2021-02-11,Credit Card,102760.2
CUST100604,2021-02-07,Auto Loan,125086.54
CUST100604,2022-01-31,Home Loan,98751.59
CUST100605,2022-07-31,Unsecured Others,145610.3
CUST100605,2022-08-06,Home Loan,145800.69
CUST100605,2022-09-05,Unsecured Others,35401.85
CUST100605,2022-07-02,Credit Card,133545.74
CUST100605,2022-09-16,Auto Loan,13574.27
CUST100606,2021-08-18,Personal Loan,29710.27
CUST100606,2022-12-17,Personal Loan,8270.94
CUST100606,2021-10-17,Credit Card,118648.74
CUST100606,2022-07-17,Auto Loan,59521.27
CUST100606,2022-01-11,Credit Card,75542.11
CUST100606,2022-04-24,Personal Loan,183119.03
CUST100607,2022-11-21,Credit Card,149300.97
CUST100607,2021-10-17,Home Loan,108938.52
CUST100607,2022-06-22,Home Loan,116825.94
CUST100607,2021-03-11,Personal Loan,75400.3
CUST100608,2022-01-04,Personal Loan,43201.8
CUST100608,2022-04-10,Home Loan,28429.12
CUST100608,2022-06-15,Home Loan,41309.67
CUST100608,2022-04-23,Home Loan,147426.6
CUST100608,2021-01-13,Personal Loan,90500.94
CUST100609,2022-10-07,Auto Loan,109087.41
CUST100609,2021-12-28,Auto Loan,48106.39
CUST100609,2021-01-22,Unsecured Others,34152.31
CUST100609,2021-09-23,Home Loan,114885.54
CUST100609,2022-06-24,Credit Card,162110.33
CUST100610,2022-11-27,Personal Loan,167950.81
CUST100610,2021-08-24,Unsecured Others,133978.8
CUST100610,2021-12-06,Unsecured Others,99464.51
CUST100610,2021-02-20,Credit Card,50048.0
CUST100610,2022-10-24,Auto Loan,144913.86
CUST100611,2021-06-06,Unsecured Others,55102.24
CUST100611,2021-07-17,Home Loan,147038.7
CUST100611,2022-01-06,Credit Card,107336.4
CUST100611,2022-02-06,Personal Loan,137605.9
CUST100611,2022-05-24,Home Loan,132834.43
CUST100612,2022-04-28,Unsecured Others,89232.44
CUST100612,2022-07-05,Auto Loan,182737.96
CUST100612,2021-04-19,Auto Loan,51416.57
CUST100613,2022-02-27,Auto Loan,83785.75
CUST100613,2021-05-23,Unsecured Others,51408.72
CUST100615,2021-09-11,Unsecured Others,143447.35
CUST100615,2022-05-23,Personal Loan,17386.98
CUST100615,2021-11-23,Unsecured Others,59263.95
CUST100615,2021-07-23,Unsecured Others,154752.66
CUST100615,2022-06-05,Home Loan,141755.6
CUST100615,2021-02-01,Auto Loan,141879.59
CUST100616,2022-11-05,Auto Loan,133639.68
CUST100616,2022-12-23,Auto Loan,71350.71
CUST100616,2022-11-25,Personal Loan,23002.24
CUST100616,2021-09-18,Auto Loan,89534.69
CUST100617,2022-08-22,Home Loan,161016.42
CUST100617,2022-09-28,Unsecured Others,191903.48
CUST100617,2022-10-27,Home Loan,152189.23
CUST100618,2021-03-03,Auto Loan,159859.28
CUST100618,2022-11-18,Personal Loan,145578.72
CUST100618,2021-02-03,Personal Loan,198891.27
CUST100618,2022-10-12,Personal Loan,121576.05
CUST100618,2022-10-04,Auto Loan,99323.94
CUST100619,2021-06-28,Auto Loan,186623.58
CUST100619,2022-11-05,Credit Card,68138.04
CUST100621,2021-06-03,Personal Loan,178069.57
CUST100621,2022-07-24,Home Loan,78823.44
CUST100621,2022-06-08,Auto Loan,14000.41
CUST100622,2022-03-20,Personal Loan,169331.54
CUST100622,2021-01-18,Unsecured Others,147526.51
CUST100622,2022-03-10,Auto Loan,74730.96
CUST100622,2022-07-10,Home Loan,195688.72
CUST100622,2021-05-16,Personal Loan,50365.34
CUST100622,2022-04-09,Auto Loan,136723.4
CUST100624,2021-01-13,Home Loan,112057.5
CUST100624,2021-01-18,Credit Card,39605.14
CUST100626,2021-11-21,Auto Loan,50179.66
CUST100626,2022-07-14,Credit Card,37955.03
CUST100626,2022-07-05,Home Loan,121121.15
CUST100626,2021-06-12,Personal Loan,144000.87
CUST100627,2021-12-06,Auto Loan,30418.47
CUST100628,2021-06-01,Unsecured Others,193935.18
CUST100629,2022-03-19,Home Loan,197395.32
CUST100629,2022-08-05,Home Loan,189495.57
CUST100629,2021-05-09,Unsecured Others,107777.22
CUST100630,2021-05-13,Auto Loan,161024.65
CUST100630,2022-06-08,Credit Card,91172.95
CUST100630,2021-08-09,Home Loan,90650.7
CUST100630,2021-05-15,Personal Loan,21158.92
CUST100630,2022-05-15,Home Loan,12723.75
CUST100630,2021-09-28,Credit Card,46848.12
CUST100630,2022-07-26,Unsecured Others,25784.6
CUST100631,2021-06-29,Credit Card,26200.19
CUST100631,2022-12-18,Home Loan,98761.37
CUST100631,2021-07-12,Auto Loan,71087.42
CUST100632,2021-11-10,Unsecured Others,13885.41
CUST100632,2021-07-05,Home Loan,9270.1
CUST100632,2021-07-12,Home Loan,101973.31
CUST100632,2022-05-18,Personal Loan,167539.68
CUST100632,2022-05-21,Home Loan,49251.81
CUST100633,2021-10-24,Home Loan,90072.15
CUST100633,2021-08-05,Credit Card,32954.94
CUST100633,2021-08-17,Auto Loan,27286.62
CUST100633,2021-11-14,Home Loan,169730.35
CUST100633,2021-11-14,Unsecured Others,17123.96
CUST100633,2021-10-13,Home Loan,87636.36
CUST100634,2022-04-27,Home Loan,66718.24
CUST100634,2021-07-21,Home Loan,111058.19
CUST100635,2021-06-18,Auto Loan,82227.65
CUST100635,2021-11-21,Personal Loan,155574.91
CUST100635,2021-04-19,Auto Loan,109109.67
CUST100635,2021-01-06,Unsecured Others,60594.16
CUST100635,2022-03-09,Unsecured Others,128821.41
CUST100635,2022-05-31,Personal Loan,165088.98
CUST100637,2021-10-04,Home Loan,29681.67
CUST100637,2021-01-15,Auto Loan,178754.58
CUST100637,2021-04-03,Auto Loan,46985.18
CUST100637,2022-12-25,Auto Loan,187145.09
CUST100637,2022-06-22,Unsecured Others,158661.6
CUST100638,2021-05-05,Unsecured Others,156147.52
CUST100638,2021-10-14,Auto Loan,180641.76
CUST100638,2021-09-25,Auto Loan,101154.69
CUST100638,2021-09-14,Auto Loan,123715.77
CUST100638,2021-03-20,Credit Card,113562.18
CUST100638,2021-04-04,Unsecured Others,87774.2
CUST100638,2021-12-25,Personal Loan,109457.81
CUST100639,2022-01-20,Unsecured Others,113162.67
CUST100639,2022-11-27,Unsecured Others,9198.94
CUST100639,2022-12-29,Auto Loan,163629.96
CUST100639,2021-02-12,Home Loan,174787.25
CUST100639,2022-09-13,Home Loan,156682.81
CUST100639,2022-12-28,Credit Card,74069.43
CUST100640,2022-07-05,Auto Loan,180790.17
CUST100640,2021-02-08,Auto Loan,166481.97
CUST100640,2021-03-06,Credit Card,178159.51
CUST100640,2021-04-27,Home Loan,80127.78
CUST100640,2021-08-27,Credit Card,165889.82
CUST100640,2022-05-04,Credit Card,136850.17
CUST100640,2022-04-03,Credit Card,166530.49
CUST100641,2022-11-25,Personal Loan,77331.35
CUST100641,2021-07-14,Personal Loan,168962.56
CUST100641,2022-01-05,Unsecured Others,105071.37
CUST100641,2022-03-18,Credit Card,185889.26
CUST100641,2021-05-15,Auto Loan,90036.4
CUST100641,2022-11-24,Home Loan,118533.65
CUST100642,2021-08-07,Home Loan,52730.66
CUST100644,2021-11-30,Credit Card,134438.61
CUST100644,2022-10-24,Credit Card,199161.26
CUST100644,2022-03-02,Auto Loan,92802.96
CUST100645,2021-06-09,Auto Loan,165442.66
CUST100645,2022-05-01,Credit Card,162503.7
CUST100645,2022-01-13,Home Loan,86110.83
CUST100646,2021-08-17,Personal Loan,139160.89
CUST100646,2022-07-28,Home Loan,12752.77
CUST100646,2022-05-27,Credit Card,51212.18
CUST100646,2022-07-03,Personal Loan,138168.42
CUST100647,2021-10-26,Credit Card,12382.08
CUST100647,2022-07-05,Unsecured Others,181354.52
CUST100647,2021-05-05,Auto Loan,33924.53
CUST100647,2022-02-20,Credit Card,90005.76
CUST100647,2022-10-17,Credit Card,45691.96
CUST100647,2022-08-04,Unsecured Others,76843.22
CUST100648,2022-08-01,Unsecured Others,27825.3
CUST100648,2021-01-10,Credit Card,62577.43
CUST100648,2022-06-28,Auto Loan,87667.55
CUST100648,2021-12-12,Credit Card,136863.4
CUST100649,2021-02-01,Personal Loan,88563.08
CUST100649,2022-07-18,Personal Loan,156387.3
CUST100649,2021-02-12,Home Loan,56465.17
CUST100649,2022-06-08,Personal Loan,168940.52
CUST100649,2022-05-20,Auto Loan,69579.89
CUST100649,2021-12-13,Auto Loan,111095.67
CUST100651,2022-04-22,Unsecured Others,126139.81
CUST100652,2022-01-11,Home Loan,143568.53
CUST100652,2021-02-02,Unsecured Others,84368.43
CUST100652,2022-04-01,Unsecured Others,9611.54
CUST100652,2022-04-15,Personal Loan,179200.94
CUST100653,2021-11-05,Credit Card,165330.92
CUST100654,2021-05-26,Credit Card,107399.4
CUST100654,2021-11-22,Home Loan,17389.48
CUST100654,2022-02-06,Unsecured Others,189311.97
CUST100654,2021-11-26,Personal Loan,10479.65
CUST100654,2021-01-20,Auto Loan,60456.17
CUST100654,2022-07-21,Unsecured Others,45066.49
CUST100654,2022-09-06,Home Loan,36103.09
CUST100655,2022-10-04,Unsecured Others,35020.36
CUST100655,2021-08-15,Unsecured Others,21335.17
CUST100655,2021-12-31,Home Loan,74725.49
CUST100655,2022-12-24,Personal Loan,10351.7
CUST100656,2021-06-03,Auto Loan,92661.47
CUST100656,2022-11-04,Personal Loan,74092.26
CUST100656,2021-05-17,Home Loan,129855.61
CUST100656,2021-11-14,Unsecured Others,17163.72
CUST100657,2022-11-23,Auto Loan,17074.58
CUST100657,2021-01-08,Home Loan,133193.65
CUST100658,2022-12-06,Home Loan,95632.55
CUST100659,2022-07-30,Home Loan,6114.88
CUST100660,2021-05-27,Unsecured Others,101667.23
CUST100660,2021-04-12,Unsecured Others,124839.14
CUST100660,2021-02-18,Personal Loan,173913.48
CUST100661,2022-06-28,Auto Loan,18852.63
CUST100661,2021-03-31,Personal Loan,41223.12
CUST100661,2022-06-20,Home Loan,176008.45
CUST100662,2022-01-10,Personal Loan,10268.24
CUST100663,2021-05-23,Home Loan,170324.03
CUST100663,2021-12-19,Auto Loan,77422.73
CUST100663,2021-10-15,Personal Loan,25065.89
CUST100663,2021-01-30,Home Loan,113895.38
CUST100663,2022-12-31,Personal Loan,88846.05
CUST100663,2021-05-20,Credit Card,187658.37
CUST100663,2021-07-21,Personal Loan,134481.46
CUST100665,2021-03-13,Home Loan,107415.7
CUST100665,2021-02-21,Unsecured Others,43836.01
CUST100665,2022-09-11,Personal Loan,68864.81
CUST100665,2022-01-21,Personal Loan,105785.02
CUST100665,2022-06-09,Unsecured Others,95012.61
CUST100665,2022-06-13,Home Loan,64501.31
CUST100666,2022-11-03,Auto Loan,161272.19
CUST100666,2022-12-18,Unsecured Others,157652.32
CUST100666,2022-11-03,Personal Loan,191304.19
CUST100666,2022-01-01,Personal Loan,119966.25
CUST100666,2022-10-05,Auto Loan,79638.23
CUST100667,2022-05-15,Personal Loan,190321.41
CUST100667,2022-07-02,Personal Loan,46671.27
CUST100667,2022-11-09,Unsecured Others,156535.16
CUST100668,2022-09-28,Home Loan,24643.41
CUST100668,2022-06-25,Unsecured Others,84966.45
CUST100668,2021-04-21,Credit Card,178893.3
CUST100668,2022-02-14,Credit Card,98220.48
CUST100668,2021-01-22,Auto Loan,133786.93
CUST100668,2021-06-03,Credit Card,8526.58
CUST100668,2021-06-29,Auto Loan,29433.02
CUST100669,2021-05-14,Auto Loan,30942.33
CUST100669,2021-11-02,Personal Loan,27178.88
CUST100670,2021-02-06,Unsecured Others,33653.04
CUST100670,2022-05-04,Credit Card,152304.71
CUST100670,2021-03-29,Credit Card,16027.83
CUST100670,2021-09-11,Home Loan,147591.09
CUST100671,2022-09-25,Credit Card,122316.62
CUST100671,2022-09-11,Auto Loan,120340.65
CUST100671,2021-12-24,Personal Loan,59437.64
CUST100672,2021-10-10,Personal Loan,174354.52
CUST100673,2021-01-10,Personal Loan,64671.76
CUST100673,2022-03-31,Unsecured Others,100081.53
CUST100673,2022-12-14,Credit Card,138954.16
CUST100673,2022-03-07,Personal Loan,167738.06
CUST100673,2021-07-30,Auto Loan,80217.63
CUST100674,2022-01-12,Auto Loan,186940.82
CUST100674,2022-09-04,Auto Loan,105616.26
CUST100674,2021-11-03,Credit Card,181695.57
CUST100674,2022-08-26,Personal Loan,83069.85
CUST100674,2021-07-13,Unsecured Others,30249.48
CUST100674,2022-01-02,Unsecured Others,72443.48
CUST100674,2021-08-24,Auto Loan,113389.66
CUST100675,2022-08-31,Auto Loan,69155.06
CUST100676,2021-03-21,Personal Loan,11210.61
CUST100676,2022-03-10,Credit Card,106970.75
CUST100676,2022-07-15,Auto Loan,135024.98
CUST100676,2021-12-21,Credit Card,97021.15
CUST100676,2021-03-05,Auto Loan,8217.52
CUST100677,2022-01-08,Auto Loan,42231.59
CUST100677,2022-11-12,Unsecured Others,158379.49
CUST100677,2022-10-17,Unsecured Others,87707.76
CUST100677,2021-06-05,Personal Loan,51362.89
CUST100677,2021-12-06,Home Loan,48973.73
CUST100677,2022-01-26,Personal Loan,78207.9
CUST100678,2022-02-25,Home Loan,129907.83
CUST100678,2022-01-29,Credit Card,107023.84
CUST100678,2022-03-25,Home Loan,140742.13
CUST100678,2022-04-08,Home Loan,115538.33
CUST100678,2021-09-03,Home Loan,103822.11
CUST100678,2022-08-14,Personal Loan,101128.49
CUST100679,2022-06-04,Personal Loan,175511.39
CUST100679,2022-10-13,Auto Loan,148183.57
CUST100679,2021-04-06,Personal Loan,74592.63
CUST100679,2021-01-15,Home Loan,116168.87
CUST100680,2021-02-19,Home Loan,127510.11
CUST100680,2021-05-06,Unsecured Others,68539.78
CUST100680,2021-04-07,Auto Loan,161821.16
CUST100680,2021-07-22,Unsecured Others,112930.79
CUST100680,2021-07-04,Auto Loan,159430.07
CUST100680,2022-12-08,Auto Loan,47423.88
CUST100681,2022-09-24,Personal Loan,147304.71
CUST100682,2022-05-28,Unsecured Others,31477.56
CUST100682,2021-05-26,Personal Loan,37441.66
CUST100682,2022-11-03,Personal Loan,103044.11
CUST100682,2021-10-10,Home Loan,65433.53
CUST100682,2021-02-28,Unsecured Others,166140.03
CUST100682,2022-09-19,Personal Loan,77006.66
CUST100682,2021-08-29,Unsecured Others,19127.41
CUST100683,2022-08-25,Unsecured Others,27062.3
CUST100683,2021-03-25,Personal Loan,76642.89
CUST100683,2022-01-23,Home Loan,168567.37
CUST100683,2022-01-30,Home Loan,111253.68
CUST100683,2021-06-19,Home Loan,142530.66
CUST100684,2021-03-26,Auto Loan,84187.29
CUST100684,2021-03-17,Auto Loan,23236.39
CUST100684,2022-09-19,Credit Card,66139.63
CUST100684,2022-11-04,Personal Loan,101139.35
CUST100684,2021-12-28,Personal Loan,58955.68
CUST100686,2022-05-29,Unsecured Others,119176.08
CUST100686,2021-05-18,Personal Loan,70168.39
CUST100687,2021-07-02,Home Loan,116745.03
CUST100687,2022-12-31,Personal Loan,157078.35
CUST100687,2021-08-08,Auto Loan,45381.32
CUST100687,2022-01-24,Home Loan,108075.0
CUST100687,2021-10-22,Home Loan,171638.55
CUST100687,2022-11-23,Credit Card,155939.8
CUST100688,2021-06-21,Personal Loan,91625.54
CUST100688,2021-05-08,Personal Loan,68663.04
CUST100688,2021-03-11,Unsecured Others,50711.79
CUST100688,2021-12-08,Credit Card,94745.86
CUST100688,2021-08-04,Home Loan,28471.48
CUST100689,2021-12-01,Unsecured Others,15008.9
CUST100689,2021-01-13,Home Loan,131035.91
CUST100689,2021-04-11,Unsecured Others,184349.85
CUST100689,2022-12-10,Credit Card,128583.45
CUST100690,2021-05-08,Unsecured Others,114596.96
CUST100690,2022-08-23,Auto Loan,112522.57
CUST100690,2021-06-30,Home Loan,34577.61
CUST100690,2022-10-20,Auto Loan,118300.48
CUST100690,2022-06-05,Auto Loan,195874.2
CUST100691,2022-11-01,Home Loan,106516.81
CUST100691,2022-05-07,Auto Loan,114990.95
CUST100691,2021-10-04,Auto Loan,54500.21
CUST100691,2022-03-03,Home Loan,68066.8
CUST100691,2021-08-23,Personal Loan,11872.87
CUST100692,2021-11-17,Personal Loan,199811.77
CUST100692,2021-08-30,Credit Card,16776.15
CUST100693,2021-10-10,Personal Loan,66373.23
CUST100694,2022-09-11,Auto Loan,74760.68
CUST100694,2022-11-27,Unsecured Others,147029.04
CUST100694,2021-09-22,Personal Loan,156610.82
CUST100694,2022-03-04,Personal Loan,169393.74
CUST100694,2022-01-31,Home Loan,18763.94
CUST100694,2022-02-20,Auto Loan,25460.57
CUST100695,2022-09-21,Personal Loan,114941.63
CUST100696,2022-05-07,Auto Loan,63346.11
CUST100696,2022-09-17,Home Loan,50565.3
CUST100696,2021-04-18,Credit Card,5001.2
CUST100696,2022-07-07,Personal Loan,140622.35
CUST100696,2022-10-03,Auto Loan,46054.59
CUST100696,2022-03-25,Unsecured Others,123127.66
CUST100697,2021-09-08,Personal Loan,169888.0
CUST100697,2022-08-25,Personal Loan,154514.03
CUST100697,2022-05-14,Home Loan,91314.23
CUST100697,2021-01-31,Home Loan,120535.67
CUST100697,2022-03-29,Unsecured Others,69920.2
CUST100697,2021-09-18,Auto Loan,41660.39
CUST100697,2021-06-10,Home Loan,133467.3
CUST100698,2022-07-24,Unsecured Others,51858.79
CUST100698,2022-01-10,Credit Card,122147.68
CUST100698,2021-06-19,Auto Loan,55286.71
CUST100701,2022-04-19,Credit Card,140184.3
CUST100701,2022-10-07,Credit Card,191722.98
CUST100701,2022-06-03,Personal Loan,118363.97
CUST100701,2022-02-17,Auto Loan,66913.22
CUST100701,2021-10-24,Personal Loan,95072.1
CUST100701,2022-04-23,Personal Loan,158988.56
CUST100702,2022-07-03,Credit Card,96648.44
CUST100702,2021-09-07,Personal Loan,126598.33
CUST100703,2021-11-05,Home Loan,29075.02
CUST100703,2022-04-26,Unsecured Others,75386.6
CUST100703,2021-03-09,Auto Loan,123948.42
CUST100703,2022-07-12,Auto Loan,37264.26
CUST100703,2022-12-24,Unsecured Others,126279.0
CUST100704,2022-01-02,Auto Loan,98125.46
CUST100704,2022-11-30,Personal Loan,126907.29
CUST100704,2021-09-13,Credit Card,9519.19
CUST100704,2022-09-24,Credit Card,100585.64
CUST100704,2022-05-12,Auto Loan,110685.64
CUST100704,2022-11-06,Auto Loan,68346.05
CUST100704,2022-11-05,Auto Loan,176603.87
CUST100705,2021-02-09,Unsecured Others,175631.53
CUST100705,2022-09-17,Auto Loan,141322.35
CUST100705,2021-04-28,Home Loan,71809.89
CUST100705,2022-03-06,Personal Loan,84363.25
CUST100705,2021-11-14,Credit Card,75732.94
CUST100706,2022-08-10,Unsecured Others,23972.0
CUST100706,2021-09-06,Credit Card,72575.44
CUST100706,2022-08-22,Personal Loan,5866.86
CUST100706,2022-01-30,Home Loan,161986.65
CUST100706,2022-05-08,Personal Loan,53632.41
CUST100706,2022-06-23,Personal Loan,77116.38
CUST100707,2022-11-10,Credit Card,109964.31
CUST100707,2021-02-26,Home Loan,124146.8
CUST100707,2021-05-27,Auto Loan,138730.35
CUST100707,2022-07-23,Personal Loan,123440.19
CUST100707,2022-11-04,Credit Card,25653.12
CUST100707,2022-05-26,Home Loan,73557.41
CUST100707,2022-09-11,Auto Loan,163542.77
CUST100708,2022-09-22,Credit Card,34092.9
CUST100709,2022-09-06,Auto Loan,7585.89
CUST100710,2022-11-20,Unsecured Others,45754.2
CUST100710,2022-05-28,Home Loan,78165.48
CUST100710,2021-12-04,Auto Loan,13363.38
CUST100710,2022-05-18,Personal Loan,94610.04
CUST100710,2021-03-03,Unsecured Others,46824.03
CUST100711,2021-07-27,Unsecured Others,49711.24
CUST100711,2022-09-22,Home Loan,58800.29
CUST100711,2022-06-29,Personal Loan,80357.53
CUST100712,2021-02-19,Home Loan,118443.59
CUST100712,2021-06-25,Credit Card,55381.53
CUST100712,2022-03-12,Credit Card,57691.38
CUST100712,2022-03-21,Auto Loan,183549.83
CUST100712,2022-06-15,Unsecured Others,37721.23
CUST100712,2022-02-17,Home Loan,81631.97
CUST100714,2021-12-25,Auto Loan,6972.25
CUST100714,2022-10-08,Credit Card,126332.97
CUST100715,2022-11-12,Credit Card,154946.07
CUST100715,2022-04-14,Unsecured Others,169730.05
CUST100715,2021-10-22,Auto Loan,15301.11
CUST100715,2021-03-28,Personal Loan,56633.54
CUST100715,2022-02-25,Unsecured Others,54053.05
CUST100715,2021-10-16,Home Loan,148077.16
CUST100715,2022-06-22,Auto Loan,68924.27
CUST100716,2022-09-24,Auto Loan,107046.78
CUST100716,2022-01-14,Credit Card,83359.79
CUST100716,2022-10-28,Unsecured Others,35426.84
CUST100717,2022-09-10,Credit Card,68080.14
CUST100717,2022-06-01,Auto Loan,198748.29
CUST100717,2022-07-19,Auto Loan,151859.35
CUST100717,2022-12-23,Home Loan,192500.88
CUST100718,2022-12-06,Unsecured Others,88841.57
CUST100719,2021-11-06,Home Loan,25183.87
CUST100719,2022-06-02,Unsecured Others,45653.06
CUST100719,2021-05-08,Personal Loan,127227.95
CUST100719,2022-02-15,Auto Loan,92390.19
CUST100719,2022-03-17,Credit Card,82150.21
CUST100720,2022-10-28,Credit Card,183188.39
CUST100720,2021-07-10,Credit Card,66819.88
CUST100720,2022-01-30,Credit Card,54298.12
CUST100721,2022-06-04,Unsecured Others,68700.47
CUST100721,2021-09-24,Unsecured Others,7812.23
CUST100721,2021-12-17,Unsecured Others,148859.15
CUST100721,2022-10-07,Personal Loan,148796.89
CUST100723,2022-03-08,Home Loan,124989.77
CUST100724,2022-11-06,Auto Loan,81643.53
CUST100725,2022-08-12,Personal Loan,110832.32
CUST100725,2021-11-17,Unsecured Others,121777.14
CUST100726,2021-06-15,Credit Card,106458.57
CUST100726,2021-06-01,Credit Card,59573.99
CUST100727,2021-11-29,Auto Loan,192522.91
CUST100727,2021-08-02,Personal Loan,114608.68
CUST100727,2021-10-30,Personal Loan,159825.25
CUST100727,2021-10-05,Home Loan,95705.03
CUST100727,2022-01-19,Credit Card,29006.32
CUST100727,2021-04-18,Auto Loan,92810.5
CUST100729,2022-04-30,Unsecured Others,40043.07
CUST100729,2021-06-21,Credit Card,95127.14
CUST100729,2022-10-17,Home Loan,106968.07
CUST100730,2021-09-26,Personal Loan,140398.66
CUST100730,2021-10-01,Unsecured Others,60221.23
CUST100730,2021-05-24,Unsecured Others,142836.08
CUST100730,2022-12-28,Home Loan,34185.82
CUST100731,2022-01-22,Home Loan,55330.97
CUST100731,2021-12-11,Home Loan,155051.81
CUST100731,2022-11-26,Credit Card,24776.84
CUST100731,2021-10-10,Auto Loan,55815.67
CUST100731,2022-05-08,Personal Loan,199318.35
CUST100731,2021-06-24,Auto Loan,147230.47
CUST100733,2021-04-27,Unsecured Others,82062.96
CUST100734,2021-08-01,Credit Card,28849.66
CUST100734,2021-10-11,Home Loan,58458.91
CUST100734,2021-01-06,Personal Loan,156413.64
CUST100735,2022-09-19,Personal Loan,47157.54
CUST100735,2021-04-20,Credit Card,40422.84
CUST100736,2022-10-26,Auto Loan,106589.29
CUST100736,2022-03-04,Auto Loan,31114.87
CUST100736,2021-07-14,Personal Loan,22165.41
CUST100737,2021-01-22,Personal Loan,121290.69
CUST100737,2021-11-04,Personal Loan,168927.32
CUST100739,2021-11-21,Home Loan,12585.53
CUST100739,2022-06-28,Personal Loan,197621.27
CUST100739,2021-06-15,Auto Loan,63289.3
CUST100739,2021-05-27,Credit Card,47136.76
CUST100739,2022-09-09,Home Loan,173412.3
CUST100739,2021-09-06,Credit Card,14784.39
CUST100740,2022-08-10,Auto Loan,47691.02
CUST100740,2021-12-20,Unsecured Others,34326.93
CUST100740,2022-07-23,Credit Card,77462.48
CUST100740,2022-09-03,Credit Card,191754.36
CUST100740,2022-01-08,Credit Card,171800.3
CUST100740,2021-09-14,Auto Loan,75217.62
CUST100740,2021-03-07,Home Loan,180643.35
CUST100741,2022-04-18,Personal Loan,35596.36
CUST100742,2022-08-05,Home Loan,180743.83
CUST100742,2021-09-26,Personal Loan,14939.22
CUST100742,2021-12-29,Auto Loan,5652.1
CUST100742,2021-05-03,Personal Loan,176444.26
CUST100742,2021-07-13,Personal Loan,190006.28
CUST100742,2022-02-08,Personal Loan,151029.85
CUST100742,2022-09-13,Auto Loan,61170.8
CUST100744,2022-06-13,Credit Card,166587.03
CUST100745,2022-09-30,Personal Loan,69222.28
CUST100745,2021-07-10,Home Loan,181503.2
CUST100746,2022-05-21,Credit Card,104412.02
CUST100747,2021-05-27,Credit Card,175081.36
CUST100747,2021-10-24,Auto Loan,63087.63
CUST100747,2021-05-11,Personal Loan,181343.0
CUST100747,2021-12-15,Credit Card,148567.95
CUST100747,2021-06-29,Personal Loan,185359.36
CUST100747,2022-06-08,Unsecured Others,137051.62
CUST100747,2022-12-16,Auto Loan,149428.14
CUST100748,2022-08-14,Auto Loan,163209.78
CUST100749,2021-05-16,Personal Loan,29059.82
CUST100749,2022-08-03,Credit Card,87348.22
CUST100749,2022-01-30,Credit Card,176437.45
CUST100749,2022-07-14,Personal Loan,70543.49
CUST100749,2021-08-26,Auto Loan,14288.65
CUST100750,2022-08-25,Unsecured Others,90021.57
CUST100751,2022-04-14,Auto Loan,67570.66
CUST100751,2022-05-11,Unsecured Others,97517.44
CUST100751,2022-11-09,Credit Card,66447.33
CUST100752,2022-01-02,Unsecured Others,137642.6
CUST100752,2022-08-01,Personal Loan,61057.97
CUST100752,2022-01-01,Auto Loan,26320.42
CUST100752,2021-07-08,Home Loan,77665.11
CUST100752,2022-11-21,Home Loan,150612.32
CUST100752,2021-11-10,Personal Loan,75226.85
CUST100753,2022-05-16,Auto Loan,122778.64
CUST100753,2022-05-18,Personal Loan,96761.03
CUST100753,2022-02-15,Unsecured Others,153951.2
CUST100753,2021-04-22,Auto Loan,131631.03
CUST100753,2021-09-18,Credit Card,169866.16
CUST100753,2022-05-17,Credit Card,179347.51
CUST100753,2021-03-17,Unsecured Others,141310.66
CUST100754,2021-10-13,Personal Loan,60320.03
CUST100754,2022-03-08,Auto Loan,149214.87
CUST100754,2021-04-23,Home Loan,119908.18
CUST100755,2021-11-17,Unsecured Others,126038.47
CUST100756,2022-09-16,Unsecured Others,39796.38
CUST100759,2022-08-31,Unsecured Others,48787.2
CUST100759,2021-03-14,Credit Card,90727.59
CUST100759,2022-08-13,Auto Loan,169568.85
CUST100760,2022-03-26,Home Loan,58604.46
CUST100760,2022-05-20,Auto Loan,82937.82
CUST100760,2021-09-16,Auto Loan,159858.74
CUST100761,2022-04-14,Auto Loan,101266.61
CUST100761,2022-12-13,Credit Card,117232.55
CUST100761,2022-05-09,Home Loan,27598.25
CUST100761,2022-05-08,Auto Loan,192833.77
CUST100761,2021-03-19,Unsecured Others,5980.51
CUST100762,2022-07-16,Personal Loan,103891.86
CUST100762,2022-07-28,Unsecured Others,148142.25
CUST100764,2021-10-17,Credit Card,15065.98
CUST100764,2021-10-23,Personal Loan,188041.85
CUST100764,2021-11-19,Unsecured Others,143497.7
CUST100764,2022-02-26,Home Loan,59051.05
CUST100764,2022-10-02,Credit Card,26939.19
CUST100764,2022-08-17,Auto Loan,163034.08
CUST100764,2021-03-05,Unsecured Others,9261.14
CUST100765,2022-10-17,Auto Loan,148073.56
CUST100765,2022-09-30,Home Loan,170624.7
CUST100765,2021-09-06,Unsecured Others,157865.83
CUST100765,2021-11-11,Unsecured Others,92497.75
CUST100765,2022-07-12,Unsecured Others,165492.51
CUST100766,2021-05-24,Auto Loan,153812.82
CUST100766,2022-12-11,Unsecured Others,41496.15
CUST100766,2022-05-24,Personal Loan,152022.8
CUST100767,2022-12-01,Unsecured Others,23917.03
CUST100767,2021-06-03,Credit Card,170698.54
CUST100768,2022-01-19,Home Loan,25477.35
CUST100768,2022-05-29,Home Loan,78280.07
CUST100769,2022-10-13,Unsecured Others,161608.97
CUST100769,2022-04-17,Credit Card,28766.74
CUST100769,2022-08-23,Auto Loan,53624.45
CUST100770,2021-08-27,Home Loan,163285.99
CUST100770,2021-10-03,Auto Loan,81572.69
CUST100771,2021-07-02,Unsecured Others,193349.65
CUST100773,2022-05-01,Home Loan,170904.1
CUST100773,2021-03-17,Credit Card,58330.17
CUST100773,2021-07-11,Auto Loan,21526.0
CUST100773,2021-08-28,Personal Loan,197140.43
CUST100773,2022-11-28,Home Loan,34872.85
CUST100774,2022-03-10,Unsecured Others,160108.43
CUST100775,2021-08-12,Unsecured Others,55601.16
CUST100775,2022-11-27,Auto Loan,121981.21
CUST100775,2022-05-28,Unsecured Others,74564.49
CUST100775,2022-02-24,Home Loan,140243.27
CUST100775,2022-01-17,Auto Loan,72801.78
CUST100776,2021-05-17,Unsecured Others,69399.0
CUST100776,2021-07-05,Unsecured Others,28490.99
CUST100776,2021-10-06,Unsecured Others,32908.77
CUST100776,2021-12-09,Auto Loan,66718.82
CUST100778,2022-12-06,Unsecured Others,90688.52
CUST100778,2022-10-05,Credit Card,194350.39
CUST100778,2022-05-18,Personal Loan,29007.16
CUST100778,2022-10-10,Auto Loan,126658.33
CUST100779,2022-02-02,Credit Card,27091.95
CUST100779,2022-09-26,Personal Loan,51049.52
CUST100779,2021-03-12,Home Loan,182024.83
CUST100779,2021-12-05,Auto Loan,71291.47
CUST100780,2021-09-18,Unsecured Others,144887.0
CUST100780,2022-06-25,Auto Loan,16614.32
CUST100781,2021-06-12,Credit Card,136745.56
CUST100781,2022-11-14,Unsecured Others,145585.17
CUST100781,2021-03-28,Personal Loan,48094.49
CUST100781,2022-06-23,Credit Card,171064.18
CUST100781,2022-03-07,Credit Card,177936.56
CUST100782,2022-06-06,Unsecured Others,49313.48
CUST100782,2021-06-22,Credit Card,164583.87
CUST100783,2021-05-28,Auto Loan,135370.46
CUST100783,2022-06-11,Home Loan,131765.67
CUST100783,2021-01-18,Credit Card,134713.28
CUST100783,2022-08-09,Auto Loan,150188.31
CUST100783,2021-03-03,Auto Loan,163194.34
CUST100783,2021-07-22,Credit Card,144304.21
CUST100784,2021-07-04,Unsecured Others,194041.09
CUST100784,2021-06-22,Auto Loan,176880.56
CUST100784,2022-05-13,Unsecured Others,88167.29
CUST100785,2022-10-12,Personal Loan,95781.11
CUST100785,2021-05-21,Credit Card,192198.03
CUST100785,2022-03-31,Auto Loan,161129.97
CUST100785,2021-10-03,Personal Loan,47750.49
CUST100785,2021-03-18,Credit Card,186813.8
CUST100785,2022-09-15,Auto Loan,11806.39
CUST100786,2021-03-08,Auto Loan,187598.53
CUST100786,2021-08-30,Personal Loan,137065.39
CUST100786,2022-04-10,Unsecured Others,23707.5
CUST100786,2022-03-12,Personal Loan,181243.13
CUST100787,2022-04-14,Auto Loan,73559.88
CUST100787,2021-08-08,Credit Card,85418.31
CUST100787,2021-12-17,Home Loan,14825.18
CUST100788,2022-08-28,Credit Card,95401.79
CUST100790,2021-03-20,Personal Loan,70557.45
CUST100790,2021-03-16,Credit Card,181384.7
CUST100790,2022-03-16,Unsecured Others,46118.18
CUST100790,2021-10-26,Credit Card,74488.84
CUST100790,2021-02-25,Home Loan,6097.49
CUST100790,2021-09-24,Unsecured Others,20494.25
CUST100791,2022-04-24,Auto Loan,114731.3
CUST100791,2021-11-29,Unsecured Others,159970.56
CUST100791,2022-05-20,Credit Card,88061.68
CUST100791,2022-08-03,Unsecured Others,78676.37
CUST100791,2022-11-10,Unsecured Others,139504.98
CUST100792,2021-06-12,Unsecured Others,193649.04
CUST100792,2022-01-29,Home Loan,148828.57
CUST100792,2021-11-22,Home Loan,36681.72
CUST100792,2022-03-03,Unsecured Others,17050.01
CUST100793,2021-08-30,Unsecured Others,20586.02
CUST100793,2021-01-09,Credit Card,42658.4
CUST100793,2022-01-30,Personal Loan,63122.55
CUST100793,2021-09-26,Unsecured Others,177120.68
CUST100793,2022-10-01,Credit Card,115074.73
CUST100793,2022-03-14,Personal Loan,114954.65
CUST100793,2022-01-12,Home Loan,24222.09
CUST100794,2022-07-11,Auto Loan,49811.98
CUST100795,2021-04-22,Unsecured Others,94235.52
CUST100795,2022-04-17,Credit Card,163956.35
CUST100795,2021-02-21,Credit Card,163093.73
CUST100795,2021-11-24,Auto Loan,180631.52
CUST100796,2022-07-04,Unsecured Others,152600.6
CUST100796,2021-02-01,Credit Card,128822.36
CUST100796,2022-03-21,Unsecured Others,11233.82
CUST100797,2021-05-28,Personal Loan,14168.88
CUST100797,2021-03-04,Personal Loan,192645.54
CUST100797,2022-03-15,Auto Loan,68562.36
CUST100797,2022-09-15,Personal Loan,73726.01
CUST100797,2022-09-06,Personal Loan,123049.6
CUST100798,2021-05-26,Home Loan,179067.86
CUST100798,2022-12-30,Home Loan,150937.82
CUST100798,2022-07-26,Personal Loan,72631.44
CUST100798,2021-12-03,Credit Card,169496.9
CUST100799,2021-06-29,Personal Loan,62937.65
CUST100799,2021-07-23,Auto Loan,61149.06
CUST100799,2021-06-19,Personal Loan,192876.12
CUST100799,2022-12-01,Auto Loan,132755.01
CUST100799,2022-08-02,Home Loan,84082.31
CUST100799,2022-12-05,Home Loan,59041.72
CUST100799,2022-04-25,Unsecured Others,5135.59
CUST100800,2022-02-11,Home Loan,84198.23
CUST100800,2021-03-22,Credit Card,28674.49
CUST100801,2021-08-29,Personal Loan,158062.83
CUST100801,2022-08-22,Personal Loan,98381.11
CUST100802,2022-04-08,Auto Loan,23105.6
CUST100802,2021-02-12,Personal Loan,132719.71
CUST100802,2022-12-10,Auto Loan,158954.73
CUST100802,2021-11-30,Credit Card,138063.55
CUST100803,2021-06-13,Home Loan,6948.95
CUST100803,2021-12-30,Auto Loan,171766.79
CUST100803,2022-11-28,Home Loan,141877.24
CUST100803,2022-11-06,Home Loan,130267.26
CUST100803,2021-03-18,Auto Loan,130075.6
CUST100803,2021-12-20,Unsecured Others,193494.66
CUST100804,2021-04-17,Auto Loan,28237.01
CUST100804,2021-04-17,Unsecured Others,176573.86
CUST100804,2021-10-27,Unsecured Others,197714.88
CUST100804,2022-05-12,Unsecured Others,113708.25
CUST100804,2022-11-12,Home Loan,59892.71
CUST100805,2022-10-15,Credit Card,48496.35
CUST100805,2021-07-05,Credit Card,112174.4
CUST100806,2021-05-07,Home Loan,84610.43
CUST100806,2021-01-05,Auto Loan,183321.0
CUST100806,2022-02-01,Auto Loan,24407.72
CUST100806,2021-07-26,Unsecured Others,31428.93
CUST100807,2022-11-08,Home Loan,132187.64
CUST100807,2021-03-11,Unsecured Others,125538.9
CUST100808,2021-05-15,Auto Loan,169613.49
CUST100808,2022-12-11,Auto Loan,121620.64
CUST100809,2022-12-07,Home Loan,157743.15
CUST100809,2021-08-30,Auto Loan,88520.73
CUST100809,2022-10-24,Personal Loan,88663.15
CUST100809,2021-04-10,Credit Card,151079.36
CUST100809,2021-11-27,Credit Card,118543.54
CUST100811,2022-04-23,Unsecured Others,46627.21
CUST100811,2021-06-26,Home Loan,167190.34
CUST100811,2022-11-10,Credit Card,152468.66
CUST100811,2021-09-27,Personal Loan,99901.88
CUST100811,2022-11-30,Personal Loan,111689.44
CUST100811,2022-10-13,Personal Loan,121690.29
CUST100811,2022-11-07,Unsecured Others,136187.23
CUST100812,2022-01-06,Auto Loan,50162.95
CUST100812,2022-09-14,Credit Card,173320.07
CUST100812,2022-09-16,Unsecured Others,165978.99
CUST100812,2021-11-24,Unsecured Others,130791.61
CUST100812,2021-06-23,Unsecured Others,83352.64
CUST100812,2021-09-21,Unsecured Others,130178.35
CUST100813,2022-06-15,Auto Loan,66865.78
CUST100813,2021-08-03,Personal Loan,107532.89
CUST100813,2022-04-12,Personal Loan,184808.95
CUST100813,2021-09-25,Auto Loan,9061.47
CUST100814,2021-03-20,Auto Loan,192872.95
CUST100814,2021-04-03,Home Loan,66859.1
CUST100814,2022-12-11,Auto Loan,28249.02
CUST100814,2022-03-06,Home Loan,59872.29
CUST100814,2022-07-09,Auto Loan,136162.13
CUST100815,2022-02-18,Auto Loan,85042.47
CUST100815,2022-02-19,Personal Loan,17407.69
CUST100815,2022-07-05,Auto Loan,172653.12
CUST100815,2021-07-31,Home Loan,28223.18
CUST100815,2022-04-06,Home Loan,11356.26
CUST100816,2022-04-10,Personal Loan,102277.71
CUST100816,2021-03-28,Home Loan,166899.09
CUST100816,2021-03-18,Unsecured Others,73092.24
CUST100816,2021-03-01,Personal Loan,183179.4
CUST100816,2022-08-13,Auto Loan,145573.9
CUST100817,2021-08-06,Auto Loan,5694.55
CUST100817,2021-09-11,Home Loan,54015.45
CUST100817,2022-12-02,Home Loan,28908.53
CUST100817,2021-11-09,Unsecured Others,155559.97
CUST100817,2021-03-10,Personal Loan,189765.21
CUST100817,2021-08-15,Credit Card,67385.79
CUST100818,2022-09-22,Personal Loan,145492.23
CUST100818,2021-10-05,Credit Card,43332.54
CUST100818,2021-12-05,Home Loan,181521.75
CUST100818,2022-11-29,Personal Loan,126534.12
CUST100818,2021-09-20,Auto Loan,122673.07
CUST100820,2021-09-12,Credit Card,175995.42
CUST100820,2022-12-06,Unsecured Others,198303.0
CUST100820,2022-04-09,Auto Loan,78328.74
CUST100820,2021-09-26,Auto Loan,14377.44
CUST100820,2022-10-24,Credit Card,165117.98
CUST100820,2022-02-23,Home Loan,142977.28
CUST100821,2021-08-04,Home Loan,31336.29
CUST100821,2022-09-17,Unsecured Others,83516.24
CUST100823,2021-07-23,Auto Loan,25005.96
CUST100823,2021-04-02,Auto Loan,38171.48
CUST100823,2021-11-02,Personal Loan,160944.2
CUST100823,2022-02-12,Auto Loan,16946.68
CUST100823,2022-02-23,Auto Loan,155860.91
CUST100823,2021-09-14,Unsecured Others,134113.02
CUST100823,2021-01-31,Unsecured Others,16229.41
CUST100824,2022-07-21,Auto Loan,180978.03
CUST100824,2021-03-12,Personal Loan,164371.07
CUST100824,2021-02-26,Credit Card,157742.77
CUST100824,2022-04-15,Personal Loan,28552.58
CUST100824,2021-10-18,Auto Loan,34192.82
CUST100824,2022-08-24,Home Loan,12625.7
CUST100824,2021-04-10,Credit Card,103878.12
CUST100825,2022-06-22,Unsecured Others,152743.0
CUST100826,2021-07-06,Personal Loan,127693.67
CUST100826,2021-06-02,Credit Card,157912.56
CUST100826,2021-01-07,Unsecured Others,96436.9
CUST100827,2022-09-12,Auto Loan,37380.27
CUST100827,2022-10-14,Home Loan,34865.35
CUST100828,2022-04-15,Unsecured Others,9579.36
CUST100828,2022-08-14,Home Loan,177809.16
CUST100828,2021-06-23,Unsecured Others,139885.39
CUST100829,2022-09-13,Auto Loan,97283.52
CUST100829,2021-07-10,Auto Loan,80306.76
CUST100829,2022-12-12,Credit Card,145811.24
CUST100829,2022-09-28,Home Loan,145768.1
CUST100830,2021-10-07,Credit Card,115496.68
CUST100830,2022-12-22,Home Loan,89917.11
CUST100830,2021-09-20,Credit Card,19978.11
CUST100830,2021-11-23,Credit Card,14614.21
CUST100831,2022-04-03,Home Loan,147887.77
CUST100831,2021-07-30,Auto Loan,71028.21
CUST100832,2022-06-19,Unsecured Others,37047.1
CUST100832,2022-04-06,Personal Loan,182155.65
CUST100832,2021-05-19,Auto Loan,98792.05
CUST100832,2022-03-25,Home Loan,146624.39
CUST100834,2022-05-02,Credit Card,188778.78
CUST100834,2021-06-28,Unsecured Others,70767.04
CUST100834,2022-04-16,Home Loan,133284.27
CUST100835,2022-03-10,Unsecured Others,188861.32
CUST100835,2022-03-18,Home Loan,45907.87
CUST100835,2021-05-17,Personal Loan,95090.17
CUST100835,2021-12-20,Home Loan,83263.4
CUST100835,2022-07-14,Auto Loan,16348.66
CUST100835,2021-12-18,Unsecured Others,75591.07
CUST100836,2022-12-19,Auto Loan,148167.43
CUST100836,2021-05-02,Credit Card,175426.61
CUST100836,2021-09-06,Personal Loan,52078.34
CUST100836,2021-05-21,Personal Loan,140324.79
CUST100836,2021-09-08,Credit Card,161694.38
CUST100837,2022-01-12,Unsecured Others,126400.13
CUST100837,2021-09-06,Auto Loan,117955.45
CUST100837,2021-01-02,Personal Loan,156791.23
CUST100837,2021-01-15,Home Loan,115835.74
CUST100838,2022-02-20,Auto Loan,145001.34
CUST100838,2022-01-24,Credit Card,79211.98
CUST100838,2022-07-30,Home Loan,48867.06
CUST100838,2021-06-16,Auto Loan,40636.98
CUST100838,2021-11-11,Personal Loan,6542.82
CUST100838,2022-07-30,Home Loan,182984.53
CUST100839,2021-07-13,Credit Card,136698.07
CUST100839,2022-06-30,Auto Loan,192115.54
CUST100839,2022-05-30,Auto Loan,22331.76
CUST100839,2021-06-04,Credit Card,182263.61
CUST100839,2022-01-05,Home Loan,86033.37
CUST100839,2022-05-26,Credit Card,9169.67
CUST100839,2022-10-10,Home Loan,117059.32
CUST100841,2021-12-05,Personal Loan,128609.27
CUST100841,2022-07-21,Unsecured Others,52686.05
CUST100841,2022-10-02,Auto Loan,112055.62
CUST100841,2022-04-08,Home Loan,165669.06
CUST100841,2022-11-30,Unsecured Others,135807.58
CUST100841,2021-04-20,Personal Loan,32498.58
CUST100843,2021-07-01,Home Loan,61818.73
CUST100843,2022-12-27,Home Loan,141368.13
CUST100843,2021-10-23,Personal Loan,189778.96
CUST100843,2022-04-30,Credit Card,166414.5
CUST100844,2021-11-28,Auto Loan,90991.5
CUST100844,2021-06-25,Credit Card,190942.99
CUST100844,2022-09-16,Auto Loan,98258.43
CUST100844,2022-01-22,Personal Loan,123788.15
CUST100844,2021-01-20,Home Loan,50599.4
CUST100845,2022-09-10,Unsecured Others,84188.83
CUST100846,2022-05-07,Credit Card,187537.4
CUST100846,2021-11-20,Credit Card,129224.01
CUST100846,2022-01-23,Unsecured Others,70369.19
CUST100846,2021-07-28,Personal Loan,185955.31
CUST100846,2022-06-24,Auto Loan,169476.9
CUST100848,2021-08-26,Auto Loan,48635.81
CUST100849,2022-08-14,Home Loan,55445.18
CUST100849,2022-01-21,Credit Card,117658.06
CUST100849,2021-07-21,Credit Card,67521.51
CUST100849,2021-10-03,Auto Loan,101836.25
CUST100849,2021-09-30,Credit Card,114752.66
CUST100849,2022-08-26,Home Loan,123226.98
CUST100849,2021-04-16,Home Loan,99800.69
CUST100850,2021-07-11,Personal Loan,145985.76
CUST100850,2021-12-02,Personal Loan,94724.86
CUST100850,2022-08-20,Personal Loan,63719.82
CUST100850,2021-05-18,Personal Loan,11023.98
CUST100850,2021-08-09,Home Loan,85868.29
CUST100851,2021-10-06,Home Loan,168802.12
CUST100851,2022-11-24,Personal Loan,165926.59
CUST100851,2022-04-12,Home Loan,80304.64
CUST100851,2022-09-02,Personal Loan,185795.26
CUST100851,2022-08-15,Home Loan,15381.24
CUST100852,2022-06-11,Unsecured Others,38299.07
CUST100852,2021-09-16,Home Loan,54627.39
CUST100852,2021-12-04,Auto Loan,118131.5
CUST100852,2021-05-19,Home Loan,161895.9
CUST100852,2022-02-25,Auto Loan,33149.02
CUST100853,2022-07-21,Auto Loan,9638.43
CUST100853,2021-04-30,Personal Loan,176540.49
CUST100853,2021-09-21,Home Loan,26903.84
CUST100853,2022-07-09,Personal Loan,89843.64
CUST100853,2022-12-23,Auto Loan,175170.12
CUST100854,2022-04-24,Home Loan,96507.64
CUST100854,2022-06-19,Home Loan,149173.72
CUST100855,2021-07-06,Auto Loan,12961.08
CUST100855,2022-12-01,Unsecured Others,52627.66
CUST100855,2021-05-26,Home Loan,51458.27
CUST100855,2022-05-27,Home Loan,112608.06
CUST100857,2021-07-17,Unsecured Others,165100.01
CUST100857,2021-11-10,Personal Loan,68132.93
CUST100857,2022-05-11,Unsecured Others,170022.76
CUST100857,2021-03-24,Personal Loan,13887.94
CUST100857,2021-05-11,Auto Loan,196829.74
CUST100858,2021-06-18,Home Loan,97215.33
CUST100858,2021-06-01,Personal Loan,66383.62
CUST100858,2022-04-10,Home Loan,137406.1
CUST100859,2022-02-22,Personal Loan,184019.07
CUST100859,2022-03-23,Unsecured Others,109256.98
CUST100859,2021-10-07,Auto Loan,153440.22
CUST100859,2021-10-06,Unsecured Others,19241.88
CUST100860,2022-06-04,Personal Loan,17469.1
CUST100860,2021-07-27,Credit Card,103977.45
CUST100861,2021-08-08,Personal Loan,96832.31
CUST100861,2021-08-07,Credit Card,135632.88
CUST100861,2022-09-02,Credit Card,131691.29
CUST100861,2021-07-16,Personal Loan,59646.97
CUST100861,2022-02-17,Auto Loan,87002.43
CUST100861,2021-04-23,Personal Loan,56648.73
CUST100862,2022-09-12,Personal Loan,33340.9
CUST100862,2021-07-26,Credit Card,146558.96
CUST100862,2022-03-11,Personal Loan,35456.96
CUST100863,2022-10-09,Unsecured Others,59565.48
CUST100863,2021-07-17,Home Loan,10020.07
CUST100863,2021-04-30,Home Loan,18163.21
CUST100863,2021-07-30,Auto Loan,199542.41
CUST100863,2022-10-14,Unsecured Others,155083.24
CUST100863,2021-02-08,Auto Loan,123081.55
CUST100863,2021-10-04,Personal Loan,84187.61
CUST100865,2021-09-23,Personal Loan,136187.75
CUST100865,2022-09-16,Credit Card,196931.93
CUST100865,2023-01-01,Auto Loan,29994.18
CUST100865,2021-09-01,Unsecured Others,181531.84
CUST100865,2022-11-28,Auto Loan,182058.95
CUST100865,2021-06-06,Home Loan,68844.64
CUST100866,2021-10-09,Home Loan,108404.9
CUST100866,2022-08-05,Home Loan,25718.92
CUST100866,2021-04-25,Auto Loan,61168.07
CUST100867,2021-04-18,Home Loan,165775.99
CUST100867,2021-12-20,Auto Loan,140805.89
CUST100867,2021-05-05,Home Loan,62899.57
CUST100867,2022-01-03,Credit Card,183480.22
CUST100867,2021-03-08,Credit Card,43411.37
CUST100867,2021-07-18,Unsecured Others,129532.18
CUST100868,2021-05-27,Home Loan,146255.95
CUST100868,2021-07-19,Unsecured Others,172355.88
CUST100869,2022-03-19,Unsecured Others,19722.44
CUST100869,2022-12-25,Credit Card,53936.28
CUST100870,2021-03-15,Credit Card,47435.04
CUST100870,2021-06-02,Auto Loan,181780.73
CUST100870,2021-11-10,Unsecured Others,110483.69
CUST100871,2022-06-18,Home Loan,61509.93
CUST100871,2021-03-03,Unsecured Others,102881.61
CUST100872,2022-04-06,Auto Loan,92762.24
CUST100872,2021-08-25,Home Loan,127938.68
CUST100874,2021-11-22,Credit Card,52538.97
CUST100876,2021-02-16,Personal Loan,66058.8
CUST100876,2022-12-31,Auto Loan,61410.63
CUST100876,2021-12-29,Credit Card,146313.31
CUST100876,2021-09-24,Home Loan,120189.06
CUST100876,2021-02-21,Home Loan,65091.91
CUST100876,2021-03-05,Home Loan,60935.66
CUST100876,2022-02-16,Home Loan,89797.26
CUST100877,2021-03-17,Credit Card,133814.67
CUST100877,2022-10-24,Unsecured Others,45358.92
CUST100877,2021-12-14,Unsecured Others,126087.21
CUST100878,2021-05-25,Home Loan,186793.57
CUST100878,2021-02-05,Credit Card,80409.69
CUST100878,2022-07-16,Personal Loan,117441.68
CUST100879,2021-10-11,Credit Card,132605.13
CUST100879,2021-01-12,Personal Loan,86913.01
CUST100879,2022-09-30,Auto Loan,166235.58
CUST100879,2022-06-10,Credit Card,84753.43
CUST100879,2022-05-29,Unsecured Others,25179.66
CUST100879,2022-09-09,Home Loan,42599.8
CUST100880,2021-12-23,Unsecured Others,170403.58
CUST100881,2021-04-01,Credit Card,31083.7
CUST100881,2021-07-16,Home Loan,39293.17
CUST100882,2021-11-02,Home Loan,65589.99
CUST100882,2022-05-24,Personal Loan,105974.18
CUST100882,2021-03-19,Auto Loan,18310.02
CUST100882,2021-12-13,Home Loan,114124.8
CUST100882,2022-03-24,Auto Loan,188329.85
CUST100883,2022-09-27,Credit Card,64042.27
CUST100883,2022-08-15,Auto Loan,13317.77
CUST100883,2021-01-24,Home Loan,148250.59
CUST100884,2021-03-20,Credit Card,156375.23
CUST100884,2022-02-19,Unsecured Others,19273.06
CUST100884,2022-04-18,Auto Loan,59169.45
CUST100885,2021-01-26,Home Loan,163551.16
CUST100886,2022-11-19,Auto Loan,10316.9
CUST100886,2022-01-31,Unsecured Others,113469.4
CUST100886,2022-04-13,Home Loan,14591.87
CUST100886,2022-08-03,Home Loan,97601.4
CUST100887,2022-11-29,Personal Loan,92059.37
CUST100887,2022-04-17,Personal Loan,173002.26
CUST100887,2022-07-10,Auto Loan,43443.98
CUST100888,2022-11-13,Unsecured Others,129166.46
CUST100888,2021-08-11,Home Loan,74535.46
CUST100888,2021-08-30,Personal Loan,170581.74
CUST100889,2022-07-31,Auto Loan,59212.61
CUST100889,2021-01-25,Home Loan,132662.96
CUST100889,2021-06-03,Unsecured Others,122141.62
CUST100889,2021-07-12,Personal Loan,34265.37
CUST100889,2022-02-02,Credit Card,52858.04
CUST100889,2022-05-27,Home Loan,28211.45
CUST100890,2021-10-16,Personal Loan,10412.7
CUST100890,2022-08-19,Auto Loan,134055.61
CUST100890,2021-08-22,Credit Card,103553.98
CUST100890,2021-03-14,Home Loan,64216.92
CUST100891,2022-10-20,Auto Loan,145686.31
CUST100891,2022-05-11,Home Loan,170420.64
CUST100891,2021-07-31,Credit Card,40604.76
CUST100891,2021-02-16,Credit Card,62118.82
CUST100891,2022-04-22,Credit Card,184241.32
CUST100891,2021-09-09,Home Loan,23054.69
CUST100893,2022-10-06,Unsecured Others,63326.08
CUST100893,2021-10-19,Credit Card,80345.07
CUST100894,2022-08-11,Personal Loan,154091.2
CUST100894,2022-07-31,Personal Loan,87397.15
CUST100895,2022-08-17,Auto Loan,56177.55
CUST100895,2022-02-22,Credit Card,32216.52
CUST100895,2021-03-18,Auto Loan,118722.13
CUST100895,2021-01-23,Credit Card,156380.34
CUST100896,2022-10-12,Home Loan,150480.94
CUST100896,2021-04-14,Personal Loan,103573.09
CUST100896,2022-12-01,Unsecured Others,180412.85
CUST100896,2022-04-10,Unsecured Others,13838.75
CUST100896,2021-10-26,Credit Card,161481.53
CUST100896,2022-08-10,Unsecured Others,152802.87
CUST100897,2021-11-03,Personal Loan,161220.55
CUST100897,2021-10-08,Auto Loan,48982.68
CUST100897,2021-04-23,Auto Loan,84548.92
CUST100897,2022-12-12,Credit Card,160139.72
CUST100897,2022-08-18,Credit Card,45520.74
CUST100897,2021-11-23,Home Loan,183285.92
CUST100897,2021-07-05,Unsecured Others,97809.86
CUST100898,2022-12-12,Auto Loan,184556.61
CUST100898,2022-12-06,Credit Card,171105.14
CUST100898,2022-04-17,Personal Loan,119458.72
CUST100898,2022-10-24,Unsecured Others,189160.1
CUST100898,2022-01-03,Credit Card,86621.79
CUST100900,2021-08-22,Home Loan,86145.88
CUST100900,2021-11-11,Home Loan,115447.24
CUST100900,2021-04-19,Auto Loan,152947.46
CUST100900,2022-03-18,Home Loan,144413.15
CUST100901,2021-01-22,Home Loan,169483.72
CUST100902,2021-05-08,Auto Loan,109955.56
CUST100902,2022-06-17,Personal Loan,12057.66
CUST100902,2022-10-02,Personal Loan,168199.56
CUST100902,2021-08-09,Personal Loan,191948.29
CUST100902,2021-02-07,Credit Card,76574.89
CUST100903,2021-07-18,Credit Card,169606.16
CUST100904,2022-05-28,Auto Loan,71351.86
CUST100904,2022-04-27,Credit Card,46134.98
CUST100904,2022-06-28,Home Loan,131836.44
CUST100904,2021-09-15,Unsecured Others,135708.88
CUST100904,2022-11-01,Credit Card,57060.0
CUST100904,2021-05-13,Personal Loan,5261.08
CUST100904,2022-12-07,Home Loan,78343.87
CUST100905,2022-06-30,Auto Loan,151010.85
CUST100905,2021-11-15,Unsecured Others,157501.33
CUST100905,2021-10-09,Unsecured Others,171206.05
CUST100905,2022-03-31,Personal Loan,179232.44
CUST100905,2021-04-02,Credit Card,181645.53
CUST100905,2021-05-01,Personal Loan,38981.32
CUST100905,2022-11-21,Home Loan,101327.27
CUST100906,2022-01-30,Credit Card,70455.33
CUST100906,2021-09-30,Credit Card,108928.55
CUST100906,2022-02-24,Unsecured Others,195494.21
CUST100906,2022-02-10,Auto Loan,167562.28
CUST100906,2021-07-21,Credit Card,185143.86
CUST100906,2022-10-27,Personal Loan,187289.9
CUST100906,2021-12-13,Auto Loan,172238.3
CUST100908,2021-07-01,Credit Card,125939.78
CUST100908,2022-10-18,Auto Loan,21002.64
CUST100908,2022-04-22,Personal Loan,149755.25
CUST100908,2022-11-03,Unsecured Others,137746.54
CUST100908,2021-01-02,Auto Loan,61259.99
CUST100909,2021-04-18,Home Loan,60405.33
CUST100909,2021-06-05,Unsecured Others,95689.4
CUST100909,2021-06-22,Auto Loan,183667.26
CUST100909,2021-09-19,Personal Loan,150089.35
CUST100909,2021-10-19,Unsecured Others,161729.19
CUST100909,2021-09-02,Unsecured Others,39331.1
CUST100909,2021-09-06,Credit Card,30852.82
CUST100910,2022-01-19,Unsecured Others,36357.86
CUST100910,2022-12-16,Personal Loan,16133.33
CUST100910,2022-03-15,Home Loan,165179.56
CUST100912,2022-05-26,Home Loan,10622.44
CUST100912,2022-01-09,Unsecured Others,91500.88
CUST100913,2021-01-07,Auto Loan,148463.44
CUST100913,2021-08-29,Credit Card,171173.92
CUST100913,2021-10-23,Personal Loan,67409.16
CUST100913,2021-04-02,Personal Loan,82626.45
CUST100913,2022-11-21,Home Loan,107258.24
CUST100913,2021-09-13,Unsecured Others,13344.5
CUST100913,2021-07-24,Home Loan,116370.84
CUST100914,2022-03-25,Home Loan,22999.12
CUST100914,2022-09-27,Auto Loan,132153.68
CUST100915,2022-08-31,Auto Loan,115548.67
CUST100915,2021-09-27,Credit Card,106230.04
CUST100915,2021-11-05,Credit Card,106072.73
CUST100915,2022-04-11,Unsecured Others,185087.64
CUST100915,2021-06-19,Credit Card,99015.68
CUST100915,2021-09-10,Credit Card,150004.3
CUST100916,2022-06-10,Home Loan,81698.1
CUST100916,2021-01-07,Credit Card,46194.8
CUST100916,2021-08-06,Auto Loan,89943.36
CUST100916,2022-10-04,Auto Loan,155978.48
CUST100916,2021-09-05,Home Loan,92081.43
CUST100916,2022-04-26,Credit Card,53217.93
CUST100917,2022-07-18,Home Loan,8002.5
CUST100917,2022-10-11,Credit Card,104221.81
CUST100917,2021-11-30,Personal Loan,172283.68
CUST100917,2021-10-20,Home Loan,18346.07
CUST100917,2021-07-23,Auto Loan,23295.42
CUST100917,2022-11-12,Auto Loan,66029.68
CUST100917,2021-11-16,Credit Card,67905.49
CUST100918,2021-12-28,Personal Loan,19251.49
CUST100919,2021-10-01,Home Loan,11378.48
CUST100919,2022-04-23,Personal Loan,115233.97
CUST100919,2022-10-30,Auto Loan,151824.39
CUST100919,2021-08-24,Home Loan,46224.13
CUST100919,2022-07-24,Unsecured Others,27853.68
CUST100920,2022-11-28,Credit Card,114288.55
CUST100920,2022-07-10,Personal Loan,123872.37
CUST100920,2022-07-25,Credit Card,90817.08
CUST100920,2022-08-07,Unsecured Others,31416.56
CUST100920,2022-05-24,Credit Card,69154.04
CUST100920,2021-06-19,Personal Loan,9059.63
CUST100920,2022-06-27,Unsecured Others,65353.83
CUST100921,2021-05-25,Personal Loan,66228.17
CUST100921,2021-07-13,Auto Loan,51888.56
CUST100921,2021-07-22,Unsecured Others,69806.47
CUST100922,2021-11-28,Unsecured Others,185864.16
CUST100922,2022-04-20,Auto Loan,28705.74
CUST100922,2021-05-08,Home Loan,40191.26
CUST100922,2022-07-18,Home Loan,60740.23
CUST100922,2022-11-05,Home Loan,21219.24
CUST100923,2022-02-25,Auto Loan,163072.02
CUST100923,2021-11-02,Auto Loan,128416.44
CUST100923,2022-08-27,Auto Loan,176975.44
CUST100923,2022-02-22,Auto Loan,54512.17
CUST100923,2021-11-14,Personal Loan,34864.53
CUST100923,2022-03-26,Home Loan,87565.74
CUST100923,2022-08-19,Home Loan,144808.54
CUST100924,2021-10-03,Credit Card,107643.55
CUST100924,2022-04-20,Personal Loan,19296.5
CUST100924,2022-03-27,Credit Card,55603.68
CUST100925,2022-04-24,Home Loan,130901.09
CUST100925,2022-01-26,Personal Loan,52822.03
CUST100925,2021-04-03,Home Loan,120528.3
CUST100925,2022-01-14,Auto Loan,111114.57
CUST100925,2022-02-27,Auto Loan,57542.48
CUST100926,2022-07-05,Auto Loan,122791.37
CUST100926,2021-10-08,Home Loan,147089.7
CUST100926,2022-11-26,Credit Card,130181.65
CUST100926,2021-11-05,Auto Loan,13365.61
CUST100926,2021-01-21,Credit Card,162432.56
CUST100926,2022-04-12,Credit Card,40956.51
CUST100926,2022-07-06,Home Loan,45494.1
CUST100927,2021-06-16,Credit Card,154306.06
CUST100927,2022-10-18,Credit Card,97005.42
CUST100927,2022-10-07,Home Loan,99360.63
CUST100928,2021-09-01,Personal Loan,47796.02
CUST100928,2022-10-01,Unsecured Others,157881.18
CUST100928,2021-04-15,Auto Loan,118007.02
CUST100928,2021-05-01,Home Loan,25147.91
CUST100928,2021-10-11,Personal Loan,84793.23
CUST100929,2021-01-15,Credit Card,48253.47
CUST100929,2022-01-26,Auto Loan,29063.95
CUST100929,2022-05-08,Home Loan,159494.29
CUST100930,2021-10-29,Personal Loan,19292.33
CUST100930,2022-01-01,Home Loan,72469.17
CUST100930,2021-09-05,Personal Loan,17702.29
CUST100930,2021-03-15,Credit Card,41720.86
CUST100931,2021-06-08,Personal Loan,22256.76
CUST100931,2022-10-28,Home Loan,165312.7
CUST100932,2022-12-18,Unsecured Others,168965.64
CUST100933,2022-05-24,Credit Card,158780.7
CUST100933,2022-03-06,Auto Loan,198014.71
CUST100933,2022-12-17,Credit Card,148712.84
CUST100933,2021-08-19,Credit Card,89576.39
CUST100933,2022-08-15,Home Loan,21248.02
CUST100933,2021-07-06,Personal Loan,176055.69
CUST100933,2021-02-10,Home Loan,183133.5
CUST100934,2022-10-11,Personal Loan,24778.19
CUST100934,2022-01-15,Auto Loan,127580.25
CUST100934,2021-11-19,Home Loan,60957.7
CUST100934,2021-09-21,Personal Loan,84788.55
CUST100937,2022-09-17,Auto Loan,162489.66
CUST100937,2021-12-30,Personal Loan,166400.95
CUST100937,2021-11-29,Auto Loan,134097.35
CUST100937,2021-04-19,Auto Loan,115147.71
CUST100937,2021-06-19,Unsecured Others,195873.09
CUST100938,2021-12-15,Personal Loan,144862.58
CUST100938,2021-04-13,Home Loan,152386.49
CUST100938,2021-11-15,Personal Loan,21825.18
CUST100938,2022-04-02,Home Loan,84590.39
CUST100940,2022-09-02,Auto Loan,195075.61
CUST100940,2021-05-10,Personal Loan,165189.46
CUST100940,2021-03-25,Credit Card,6130.66
CUST100940,2022-08-10,Unsecured Others,29370.58
CUST100940,2022-11-06,Personal Loan,155412.87
CUST100940,2021-06-30,Personal Loan,172591.53
CUST100941,2021-01-12,Personal Loan,183233.0
CUST100941,2021-10-22,Credit Card,104346.83
CUST100941,2022-01-18,Personal Loan,7588.63
CUST100941,2022-08-10,Credit Card,55818.72
CUST100941,2022-04-25,Home Loan,183489.74
CUST100941,2022-04-07,Unsecured Others,168490.45
CUST100941,2022-11-01,Personal Loan,165060.18
CUST100942,2022-08-30,Home Loan,76271.26
CUST100942,2021-02-27,Auto Loan,67017.97
CUST100942,2022-08-17,Personal Loan,27078.51
CUST100943,2021-11-12,Home Loan,33176.19
CUST100943,2022-02-13,Credit Card,149492.54
CUST100943,2022-09-08,Personal Loan,126732.22
CUST100943,2021-11-12,Auto Loan,121646.21
CUST100943,2022-11-12,Auto Loan,55528.8
CUST100943,2022-07-14,Personal Loan,91145.84
CUST100944,2022-01-12,Personal Loan,100186.64
CUST100944,2021-08-25,Personal Loan,171133.34
CUST100944,2022-08-06,Personal Loan,124528.51
CUST100945,2021-03-08,Auto Loan,113105.22
CUST100946,2021-05-12,Home Loan,113643.09
CUST100946,2021-12-12,Credit Card,153089.07
CUST100946,2022-12-08,Unsecured Others,61441.04
CUST100946,2022-08-29,Personal Loan,75747.24
CUST100946,2021-04-03,Unsecured Others,163916.27
CUST100946,2022-10-23,Auto Loan,66912.19
CUST100947,2021-04-19,Personal Loan,106487.4
CUST100947,2021-07-20,Credit Card,120231.88
CUST100948,2021-12-09,Home Loan,129351.55
CUST100949,2021-04-24,Personal Loan,165201.47
CUST100949,2021-09-11,Personal Loan,125736.77
CUST100949,2022-02-22,Unsecured Others,158337.74
CUST100949,2021-01-03,Unsecured Others,160719.81
CUST100949,2021-11-12,Unsecured Others,102919.5
CUST100949,2022-04-06,Personal Loan,34144.73
CUST100950,2022-02-16,Credit Card,31354.42
CUST100950,2021-06-30,Unsecured Others,195201.46
CUST100950,2022-01-25,Credit Card,29719.7
CUST100951,2021-06-22,Home Loan,141581.72
CUST100951,2022-04-15,Personal Loan,20811.77
CUST100951,2022-03-24,Unsecured Others,156256.32
CUST100952,2022-01-16,Personal Loan,19652.09
CUST100952,2021-01-09,Home Loan,108029.19
CUST100952,2022-10-26,Home Loan,187972.49
CUST100952,2022-09-25,Home Loan,77423.45
CUST100952,2021-11-01,Unsecured Others,15742.98
CUST100953,2021-12-23,Auto Loan,195477.81
CUST100953,2021-10-17,Home Loan,11707.8
CUST100953,2022-07-23,Unsecured Others,77898.64
CUST100953,2022-06-09,Credit Card,162430.87
CUST100954,2022-12-11,Home Loan,168798.13
CUST100954,2021-06-19,Home Loan,76696.1
CUST100954,2021-05-12,Personal Loan,56521.3
CUST100954,2021-09-14,Auto Loan,52240.27
CUST100954,2021-02-16,Auto Loan,6393.24
CUST100955,2021-03-24,Unsecured Others,135522.97
CUST100955,2021-09-15,Credit Card,109202.21
CUST100955,2022-09-20,Auto Loan,113523.04
CUST100955,2021-03-18,Credit Card,143540.54
CUST100955,2021-01-25,Credit Card,178257.06
CUST100955,2021-08-14,Auto Loan,25569.28
CUST100955,2022-06-26,Personal Loan,42089.41
CUST100956,2022-10-10,Home Loan,186331.41
CUST100957,2021-08-16,Credit Card,79736.08
CUST100957,2022-08-31,Unsecured Others,82334.23
CUST100957,2021-07-24,Unsecured Others,66052.36
CUST100957,2021-10-24,Home Loan,11647.07
CUST100957,2021-10-09,Home Loan,82835.22
CUST100958,2022-02-07,Credit Card,142807.44
CUST100958,2022-03-14,Home Loan,94932.11
CUST100959,2022-04-11,Unsecured Others,178705.06
CUST100959,2021-05-31,Home Loan,63897.74
CUST100959,2022-06-06,Home Loan,95157.66
CUST100959,2022-06-09,Personal Loan,162890.98
CUST100959,2021-03-17,Credit Card,48564.29
CUST100959,2022-06-20,Credit Card,6576.54
CUST100960,2021-04-23,Credit Card,190104.34
CUST100960,2021-12-26,Unsecured Others,125355.37
CUST100960,2021-03-01,Auto Loan,5336.79
CUST100960,2021-07-31,Personal Loan,163526.87
CUST100960,2022-04-20,Credit Card,86770.21
CUST100961,2022-06-10,Credit Card,28583.64
CUST100961,2022-03-11,Personal Loan,9373.87
CUST100961,2021-10-17,Home Loan,79833.6
CUST100961,2022-08-17,Personal Loan,176282.34
CUST100962,2022-12-18,Personal Loan,191618.35
CUST100962,2022-01-11,Credit Card,18895.03
CUST100962,2021-06-27,Auto Loan,147923.05
CUST100962,2021-03-26,Auto Loan,17850.3
CUST100964,2021-01-12,Auto Loan,99560.71
CUST100964,2021-04-04,Personal Loan,37478.58
CUST100964,2021-10-21,Credit Card,136839.35
CUST100964,2022-03-05,Home Loan,6491.41
CUST100964,2021-04-02,Unsecured Others,172713.95
CUST100964,2021-11-07,Home Loan,105847.79
CUST100965,2021-06-24,Credit Card,35910.47
CUST100966,2021-03-18,Personal Loan,63804.29
CUST100966,2021-08-28,Auto Loan,68490.33
CUST100966,2021-03-03,Personal Loan,98731.47
CUST100966,2022-01-28,Personal Loan,95661.91
CUST100967,2021-02-10,Personal Loan,36958.04
CUST100967,2022-05-18,Unsecured Others,194830.96
CUST100967,2021-08-22,Unsecured Others,130625.29
CUST100967,2022-12-13,Auto Loan,134084.69
CUST100967,2021-09-16,Home Loan,12220.17
CUST100967,2021-01-31,Unsecured Others,86784.0
CUST100968,2021-12-02,Auto Loan,67309.28
CUST100968,2022-01-05,Personal Loan,66936.89
CUST100969,2022-08-21,Personal Loan,199241.28
CUST100969,2021-11-02,Home Loan,128385.48
CUST100969,2021-08-21,Unsecured Others,127771.99
CUST100969,2021-12-07,Personal Loan,95241.5
CUST100969,2021-11-07,Credit Card,108296.52
CUST100970,2021-12-17,Unsecured Others,67488.58
CUST100970,2021-11-09,Credit Card,114010.24
CUST100970,2022-05-05,Home Loan,48590.5
CUST100970,2022-11-12,Home Loan,84767.59
CUST100970,2021-02-02,Auto Loan,95605.24
CUST100970,2021-04-21,Credit Card,78264.23
CUST100971,2022-11-14,Unsecured Others,112439.9
CUST100971,2022-06-26,Unsecured Others,128496.09
CUST100971,2021-10-16,Home Loan,135933.17
CUST100971,2022-07-20,Home Loan,147075.76
CUST100972,2022-03-29,Auto Loan,137712.61
CUST100972,2021-04-30,Personal Loan,70729.0
CUST100972,2022-06-30,Home Loan,15968.13
CUST100972,2022-08-11,Credit Card,162727.75
CUST100972,2022-07-19,Home Loan,70966.63
CUST100972,2021-08-24,Home Loan,146331.77
CUST100973,2021-09-26,Personal Loan,21376.31
CUST100973,2022-08-29,Unsecured Others,165488.47
CUST100973,2021-12-02,Home Loan,176853.06
CUST100974,2022-09-25,Credit Card,25026.38
CUST100974,2021-09-20,Auto Loan,11115.1
CUST100974,2021-03-01,Personal Loan,18837.15
CUST100974,2021-10-09,Auto Loan,16277.21
CUST100974,2022-03-01,Credit Card,101486.05
CUST100975,2022-06-07,Credit Card,51471.24
CUST100975,2022-10-12,Personal Loan,139616.58
CUST100975,2021-01-26,Home Loan,146036.76
CUST100975,2022-05-06,Personal Loan,153209.65
CUST100975,2021-12-18,Credit Card,114614.53
CUST100976,2021-07-27,Personal Loan,166756.76
CUST100976,2021-06-17,Credit Card,148561.54
CUST100976,2022-09-23,Home Loan,44253.34
CUST100976,2021-07-14,Auto Loan,100464.23
CUST100976,2021-08-19,Home Loan,132420.64
CUST100976,2022-08-15,Auto Loan,195570.86
CUST100977,2021-01-21,Auto Loan,84698.07
CUST100977,2022-12-09,Auto Loan,136932.27
CUST100977,2022-07-13,Home Loan,134008.5
CUST100978,2021-07-11,Credit Card,65719.81
CUST100978,2021-06-11,Credit Card,133903.22
CUST100978,2022-07-17,Personal Loan,105947.65
CUST100981,2022-12-18,Auto Loan,144592.64
CUST100982,2021-03-06,Personal Loan,130662.86
CUST100982,2021-04-14,Home Loan,196605.32
CUST100982,2021-06-12,Home Loan,44620.36
CUST100982,2022-10-14,Personal Loan,131243.26
CUST100982,2021-02-09,Auto Loan,118748.33
CUST100983,2022-04-12,Personal Loan,90559.08
CUST100983,2022-08-28,Auto Loan,45657.86
CUST100985,2021-08-09,Unsecured Others,139926.87
CUST100986,2021-11-21,Personal Loan,57613.51
CUST100986,2021-10-16,Home Loan,150210.0
CUST100986,2022-07-23,Auto Loan,103983.1
CUST100986,2022-03-05,Auto Loan,129676.22
CUST100986,2021-06-09,Credit Card,47382.8
CUST100987,2021-08-14,Personal Loan,113829.91
CUST100987,2021-07-09,Home Loan,58823.35
CUST100988,2021-06-08,Auto Loan,20643.37
CUST100988,2021-02-16,Unsecured Others,182035.21
CUST100988,2022-12-05,Unsecured Others,17285.75
CUST100988,2021-03-14,Auto Loan,167919.98
CUST100989,2022-09-24,Credit Card,136371.26
CUST100989,2021-02-02,Auto Loan,84675.16
CUST100989,2021-08-18,Home Loan,190108.89
CUST100990,2022-04-15,Auto Loan,131423.06
CUST100990,2022-10-25,Credit Card,76589.77
CUST100991,2022-08-28,Auto Loan,45674.48
CUST100991,2022-02-14,Home Loan,143826.59
CUST100991,2022-06-28,Personal Loan,109859.57
CUST100991,2022-05-18,Unsecured Others,154971.96
CUST100991,2021-07-19,Credit Card,191798.87
CUST100991,2021-01-05,Personal Loan,143169.38
CUST100991,2022-12-22,Unsecured Others,129783.29
CUST100992,2022-08-03,Auto Loan,176363.02
CUST100993,2022-03-24,Credit Card,143058.42
CUST100994,2021-11-03,Personal Loan,50465.96
CUST100994,2022-09-28,Credit Card,190830.19
CUST100994,2021-01-20,Home Loan,100456.63
CUST100994,2021-09-30,Home Loan,192447.25
CUST100995,2022-05-20,Home Loan,185772.64
CUST100995,2022-03-01,Unsecured Others,141521.84
CUST100996,2022-11-11,Unsecured Others,151244.51
CUST100996,2021-09-30,Personal Loan,54579.1
CUST100996,2022-05-13,Unsecured Others,156470.83
CUST100996,2021-01-14,Unsecured Others,77066.21
CUST100996,2021-06-10,Credit Card,49047.17
CUST100997,2022-07-08,Credit Card,90908.77
CUST100997,2021-04-26,Auto Loan,162377.92
CUST100997,2022-06-21,Personal Loan,100976.75
CUST100997,2021-11-07,Unsecured Others,121075.65
CUST100997,2022-12-14,Auto Loan,105893.68
CUST100997,2021-11-23,Home Loan,95712.13
CUST100999,2021-07-11,Personal Loan,61301.88
CUST100999,2021-11-26,Home Loan,77487.76
CUST101000,2021-06-26,Auto Loan,72699.38
CUST101000,2021-05-11,Credit Card,79231.49
CUST101000,2022-02-05,Personal Loan,88740.75
CUST101000,2022-09-24,Personal Loan,44641.96
CUST101000,2022-12-16,Unsecured Others,53679.01
CUST101000,2022-04-15,Unsecured Others,126052.92
CUST101000,2022-09-18,Unsecured Others,42916.54
CUST101001,2022-07-29,Unsecured Others,63993.17
CUST101001,2022-05-28,Personal Loan,54450.84
CUST101001,2021-09-09,Unsecured Others,63557.48
CUST101001,2021-04-19,Auto Loan,127854.77
CUST101002,2021-03-27,Home Loan,68847.94
CUST101002,2022-07-02,Auto Loan,135154.89
CUST101002,2021-04-26,Home Loan,22709.51
CUST101002,2021-09-25,Credit Card,8963.6
CUST101003,2021-02-26,Home Loan,191781.36
CUST101003,2021-09-27,Personal Loan,67292.37
CUST101003,2022-07-16,Auto Loan,51497.26
CUST101004,2022-05-24,Personal Loan,83190.21
CUST101004,2022-11-27,Unsecured Others,91954.14
CUST101004,2021-02-16,Home Loan,97945.09
CUST101004,2022-06-05,Personal Loan,24782.0
CUST101004,2021-04-01,Auto Loan,183307.69
CUST101005,2021-08-18,Personal Loan,104950.31
CUST101005,2021-09-21,Auto Loan,29594.02
CUST101005,2022-05-20,Personal Loan,31142.11
CUST101006,2021-11-07,Credit Card,80932.38
CUST101006,2021-08-17,Home Loan,68900.66
CUST101006,2021-12-24,Unsecured Others,123577.61
CUST101006,2021-12-02,Credit Card,155204.12
CUST101007,2022-08-03,Auto Loan,95408.47
CUST101007,2021-03-08,Personal Loan,67963.17
CUST101008,2021-11-06,Personal Loan,174727.29
CUST101008,2022-03-08,Unsecured Others,17721.0
CUST101008,2021-09-14,Auto Loan,35429.32
CUST101008,2022-02-17,Unsecured Others,78934.07
CUST101008,2022-11-15,Personal Loan,110432.48
CUST101008,2022-06-02,Personal Loan,20610.75
CUST101009,2021-09-21,Auto Loan,100911.76
CUST101009,2022-06-29,Personal Loan,97326.35
CUST101009,2021-02-08,Unsecured Others,133746.37
CUST101009,2022-10-27,Personal Loan,110096.69
CUST101010,2022-11-10,Credit Card,132571.9
CUST101010,2022-09-06,Personal Loan,148848.15
CUST101010,2021-11-01,Home Loan,82849.75
CUST101010,2021-07-10,Home Loan,47997.47
CUST101010,2022-08-27,Home Loan,28921.8
CUST101010,2021-05-13,Home Loan,167874.01
CUST101011,2021-06-02,Home Loan,67754.4
CUST101011,2022-11-19,Credit Card,169981.28
CUST101011,2021-12-15,Home Loan,106291.39
CUST101011,2021-04-05,Unsecured Others,154536.63
CUST101011,2021-05-07,Home Loan,170674.84
CUST101011,2022-02-20,Home Loan,193151.63
CUST101012,2022-12-29,Unsecured Others,65524.66
CUST101012,2022-07-24,Home Loan,133974.08
CUST101012,2022-09-19,Unsecured Others,171646.59
CUST101012,2022-01-07,Personal Loan,120461.45
CUST101013,2022-06-08,Unsecured Others,49223.72
CUST101014,2022-09-23,Home Loan,41266.49
CUST101014,2022-11-09,Personal Loan,112505.42
CUST101014,2021-12-25,Credit Card,185366.16
CUST101015,2021-07-11,Home Loan,20019.58
CUST101016,2022-11-13,Unsecured Others,141702.72
CUST101017,2022-10-31,Auto Loan,102197.55
CUST101017,2021-07-16,Home Loan,73383.78
CUST101017,2021-09-13,Unsecured Others,30272.99
CUST101019,2021-09-17,Personal Loan,139935.7
CUST101019,2021-08-09,Home Loan,50379.57
CUST101019,2021-10-21,Auto Loan,22716.92
CUST101020,2021-12-25,Auto Loan,188338.05
CUST101020,2021-11-24,Credit Card,145563.43
CUST101021,2022-05-27,Unsecured Others,91203.78
CUST101021,2022-05-03,Credit Card,76028.57
CUST101022,2022-10-13,Home Loan,189313.52
CUST101023,2022-10-31,Unsecured Others,167097.31
CUST101024,2022-12-05,Credit Card,128683.14
CUST101024,2022-10-05,Credit Card,64462.57
CUST101024,2021-07-28,Personal Loan,110948.81
CUST101024,2022-08-26,Credit Card,144498.31
CUST101024,2022-12-07,Credit Card,178619.24
CUST101024,2021-05-01,Credit Card,62676.17
CUST101024,2021-02-02,Personal Loan,62156.3
CUST101025,2022-08-29,Credit Card,10763.57
CUST101025,2022-04-30,Unsecured Others,28434.34
CUST101025,2021-05-22,Home Loan,37383.7
CUST101025,2021-09-10,Personal Loan,143984.22
CUST101025,2021-04-22,Auto Loan,173473.75
CUST101026,2022-10-01,Personal Loan,183225.3
CUST101026,2022-02-14,Credit Card,133321.85
CUST101026,2022-09-05,Credit Card,57278.92
CUST101026,2022-03-10,Auto Loan,95198.82
CUST101027,2021-05-29,Credit Card,10758.56
CUST101027,2022-10-12,Unsecured Others,134722.99
CUST101027,2021-09-28,Personal Loan,59711.28
CUST101027,2022-11-15,Home Loan,104632.61
CUST101027,2022-02-04,Unsecured Others,144307.0
CUST101027,2021-01-19,Auto Loan,52818.72
CUST101027,2021-11-02,Unsecured Others,174120.77
CUST101029,2022-02-12,Credit Card,173817.24
CUST101029,2022-03-08,Auto Loan,40920.54
CUST101029,2021-04-03,Credit Card,124312.83
CUST101029,2022-08-10,Credit Card,72678.96
CUST101030,2021-01-31,Personal Loan,130239.88
CUST101030,2022-05-30,Credit Card,61231.25
CUST101030,2022-12-08,Unsecured Others,118098.84
CUST101030,2021-01-14,Credit Card,53436.26
CUST101030,2021-08-15,Home Loan,174396.62
CUST101030,2021-09-03,Personal Loan,74037.38
CUST101030,2021-07-02,Home Loan,166126.59
CUST101031,2021-06-21,Unsecured Others,63280.87
CUST101031,2021-04-22,Personal Loan,140243.3
CUST101031,2021-01-22,Unsecured Others,74052.89
CUST101031,2021-03-18,Auto Loan,48074.14
CUST101032,2022-05-30,Credit Card,36100.3
CUST101032,2021-05-24,Unsecured Others,171967.59
CUST101032,2022-02-23,Personal Loan,65498.23
CUST101033,2021-02-18,Home Loan,110914.68
CUST101035,2022-10-30,Home Loan,87672.64
CUST101035,2022-09-24,Credit Card,90753.62
CUST101035,2021-06-02,Unsecured Others,176011.73
CUST101035,2021-01-13,Personal Loan,113660.63
CUST101035,2021-04-14,Home Loan,55466.21
CUST101036,2021-10-23,Auto Loan,111990.65
CUST101036,2021-04-12,Auto Loan,112545.53
CUST101036,2022-03-29,Unsecured Others,51165.32
CUST101040,2022-05-05,Credit Card,164528.37
CUST101040,2021-12-18,Personal Loan,142913.04
CUST101040,2022-04-20,Credit Card,91737.97
CUST101040,2022-01-19,Home Loan,142104.94
CUST101041,2022-03-01,Personal Loan,137506.81
CUST101041,2022-04-21,Personal Loan,76494.16
CUST101041,2022-07-31,Auto Loan,128110.5
CUST101041,2022-06-21,Auto Loan,146579.12
CUST101041,2022-07-08,Personal Loan,147120.06
CUST101042,2022-11-16,Personal Loan,108094.68
CUST101042,2021-11-07,Unsecured Others,102117.49
CUST101042,2021-07-03,Personal Loan,104779.77
CUST101042,2022-03-30,Home Loan,90184.14
CUST101043,2022-03-10,Home Loan,95269.03
CUST101044,2021-12-09,Unsecured Others,127682.33
CUST101044,2021-10-11,Unsecured Others,44357.63
CUST101044,2021-01-23,Personal Loan,136183.78
CUST101044,2022-05-11,Home Loan,68029.06
CUST101044,2022-07-01,Auto Loan,159419.16
CUST101045,2022-04-14,Auto Loan,150808.57
CUST101045,2021-08-28,Home Loan,24168.82
CUST101045,2021-02-28,Credit Card,13603.57
CUST101047,2022-10-07,Home Loan,46818.74
CUST101047,2021-11-21,Home Loan,8320.79
CUST101047,2021-07-13,Personal Loan,74021.84
CUST101048,2021-04-24,Auto Loan,87431.27
CUST101048,2022-05-01,Credit Card,128573.17
CUST101048,2021-05-25,Unsecured Others,78581.59
CUST101048,2022-03-14,Home Loan,64140.83
CUST101049,2021-10-08,Unsecured Others,132142.69
CUST101049,2021-11-07,Unsecured Others,30616.63
CUST101049,2021-08-01,Auto Loan,162655.13
CUST101049,2021-09-28,Credit Card,154208.1
CUST101049,2022-10-10,Personal Loan,56136.66
CUST101049,2021-02-09,Credit Card,105157.33
CUST101049,2022-08-22,Auto Loan,173191.65
CUST101050,2021-01-02,Unsecured Others,104470.14
CUST101051,2022-01-18,Home Loan,109525.04
CUST101051,2022-12-01,Unsecured Others,127387.83
CUST101051,2022-12-01,Auto Loan,68145.22
CUST101051,2022-01-10,Home Loan,186385.27
CUST101051,2022-02-03,Home Loan,128241.29
CUST101052,2022-02-24,Credit Card,26947.09
CUST101052,2022-01-22,Unsecured Others,45397.83
CUST101052,2022-12-14,Auto Loan,135359.35
CUST101053,2022-04-29,Credit Card,169572.99
CUST101053,2021-08-03,Home Loan,129774.58
CUST101053,2022-02-10,Personal Loan,139298.52
CUST101053,2021-04-16,Auto Loan,110987.84
CUST101053,2022-02-21,Credit Card,91243.11
CUST101053,2022-08-27,Auto Loan,80023.17
CUST101053,2021-11-19,Credit Card,139597.69
CUST101055,2022-06-22,Credit Card,131624.44
CUST101055,2021-02-16,Auto Loan,176287.36
CUST101055,2021-06-26,Unsecured Others,130997.57
CUST101055,2022-10-19,Unsecured Others,130347.81
CUST101055,2022-10-05,Personal Loan,43225.22
CUST101055,2022-07-26,Auto Loan,138983.19
CUST101055,2021-10-10,Unsecured Others,25690.01
CUST101057,2021-07-13,Auto Loan,176054.16
CUST101057,2022-02-23,Home Loan,137429.0
CUST101058,2022-12-21,Auto Loan,76019.59
CUST101058,2021-03-06,Unsecured Others,31223.18
CUST101058,2021-05-27,Unsecured Others,167204.09
CUST101060,2022-08-16,Credit Card,126029.72
CUST101060,2021-10-12,Home Loan,151877.3
CUST101060,2022-10-12,Auto Loan,91603.59
CUST101060,2022-10-20,Personal Loan,109632.06
CUST101060,2022-10-20,Unsecured Others,156407.8
CUST101061,2022-12-30,Unsecured Others,164914.59
CUST101061,2022-10-25,Credit Card,46893.25
CUST101061,2022-01-08,Unsecured Others,29658.4
CUST101061,2022-01-04,Personal Loan,117211.82
CUST101061,2022-06-10,Home Loan,93085.16
CUST101062,2022-07-08,Home Loan,61713.18
CUST101062,2022-09-24,Home Loan,13340.12
CUST101062,2021-12-06,Auto Loan,32278.58
CUST101062,2022-05-13,Home Loan,159480.7
CUST101063,2021-08-29,Home Loan,43852.63
CUST101063,2021-08-23,Auto Loan,38137.99
CUST101063,2021-02-19,Credit Card,76864.68
CUST101063,2022-03-22,Credit Card,108541.05
CUST101063,2022-11-10,Credit Card,115611.68
CUST101064,2021-10-28,Home Loan,177329.43
CUST101064,2021-11-25,Personal Loan,108466.8
CUST101064,2022-12-20,Auto Loan,79456.48
CUST101064,2022-07-08,Credit Card,175269.69
CUST101064,2022-03-17,Personal Loan,171461.9
CUST101064,2022-11-17,Credit Card,198460.71
CUST101064,2022-07-19,Home Loan,55910.02
CUST101066,2021-05-02,Unsecured Others,194687.96
CUST101066,2021-06-02,Home Loan,140253.61
CUST101067,2021-05-22,Credit Card,67746.95
CUST101067,2021-06-17,Home Loan,86995.09
CUST101067,2022-04-22,Auto Loan,106871.14
CUST101067,2022-03-26,Home Loan,13938.5
CUST101067,2021-11-27,Auto Loan,65792.29
CUST101067,2021-06-28,Personal Loan,107333.0
CUST101067,2022-03-01,Home Loan,115546.95
CUST101068,2021-05-15,Auto Loan,169446.48
CUST101069,2021-04-21,Unsecured Others,69917.3
CUST101069,2022-07-23,Home Loan,149058.35
CUST101069,2021-07-16,Unsecured Others,192209.92
CUST101069,2021-12-13,Auto Loan,174187.55
CUST101069,2022-10-20,Auto Loan,122884.53
CUST101069,2021-04-14,Credit Card,148240.6
CUST101070,2022-06-08,Unsecured Others,185699.33
CUST101070,2022-08-01,Unsecured Others,88489.09
CUST101070,2021-05-26,Personal Loan,30025.02
CUST101070,2022-06-24,Credit Card,49706.78
CUST101071,2021-12-07,Credit Card,49946.39
CUST101072,2021-05-14,Credit Card,108127.43
CUST101073,2021-08-21,Home Loan,26763.08
CUST101073,2022-06-20,Credit Card,168446.62
CUST101073,2022-02-13,Credit Card,56736.3
CUST101074,2022-11-11,Auto Loan,164513.22
CUST101074,2021-01-21,Unsecured Others,63885.69
CUST101075,2021-05-21,Home Loan,63600.37
CUST101075,2022-11-17,Credit Card,36429.88
CUST101076,2022-10-27,Auto Loan,104190.38
CUST101076,2022-07-21,Unsecured Others,93581.52
CUST101076,2022-08-04,Unsecured Others,162201.15
CUST101076,2021-04-19,Credit Card,26577.09
CUST101076,2022-08-14,Home Loan,142422.18
CUST101076,2021-08-29,Unsecured Others,106337.35
CUST101076,2021-06-26,Credit Card,165813.62
CUST101077,2021-12-07,Unsecured Others,12252.14
CUST101077,2021-08-13,Unsecured Others,97127.34
CUST101078,2021-11-18,Home Loan,172631.61
CUST101079,2021-02-02,Personal Loan,102131.78
CUST101079,2021-10-07,Home Loan,35680.41
CUST101079,2021-09-21,Unsecured Others,18164.43
CUST101079,2022-07-12,Personal Loan,10767.02
CUST101079,2021-01-24,Personal Loan,192065.67
CUST101079,2022-02-24,Home Loan,188889.18
CUST101080,2022-08-22,Home Loan,136905.84
CUST101080,2021-08-26,Home Loan,123915.0
CUST101080,2021-07-18,Unsecured Others,31083.06
CUST101080,2022-09-06,Auto Loan,195975.64
CUST101080,2021-06-15,Home Loan,54369.88
CUST101081,2022-08-28,Home Loan,195340.95
CUST101082,2022-08-02,Home Loan,38031.13
CUST101082,2021-11-12,Auto Loan,85610.51
CUST101083,2021-12-22,Home Loan,91470.43
CUST101083,2022-06-12,Auto Loan,27044.83
CUST101084,2022-07-19,Unsecured Others,139220.08
CUST101084,2021-02-18,Credit Card,110332.52
CUST101084,2021-10-27,Unsecured Others,146395.05
CUST101085,2022-03-30,Auto Loan,15292.07
CUST101085,2022-03-06,Personal Loan,190383.28
CUST101086,2022-11-09,Home Loan,19174.36
CUST101086,2022-10-04,Unsecured Others,16382.44
CUST101086,2022-06-23,Personal Loan,151411.49
CUST101086,2021-02-19,Auto Loan,15087.2
CUST101086,2021-02-28,Unsecured Others,148074.07
CUST101087,2022-06-06,Credit Card,166571.97
CUST101087,2021-12-02,Home Loan,123940.33
CUST101088,2022-07-06,Personal Loan,157421.78
CUST101090,2022-06-28,Personal Loan,79743.54
CUST101090,2021-05-01,Home Loan,123351.63
CUST101090,2021-09-17,Home Loan,126839.82
CUST101092,2021-01-12,Personal Loan,130426.15
CUST101092,2021-05-23,Credit Card,83228.85
CUST101092,2022-11-02,Credit Card,194160.99
CUST101092,2022-01-13,Auto Loan,132342.8
CUST101092,2022-09-17,Auto Loan,63043.3
CUST101092,2022-04-25,Auto Loan,73114.7
CUST101092,2021-06-01,Auto Loan,51936.8
CUST101094,2022-08-17,Personal Loan,82350.48
CUST101094,2021-12-21,Personal Loan,158787.72
CUST101094,2022-11-05,Unsecured Others,23987.82
CUST101095,2022-11-05,Unsecured Others,35477.57
CUST101095,2021-12-12,Home Loan,184068.73
CUST101096,2021-06-25,Credit Card,157083.07
CUST101096,2022-05-22,Unsecured Others,168271.77
CUST101098,2021-04-03,Home Loan,159606.53
CUST101098,2021-01-04,Personal Loan,135174.47
CUST101098,2022-04-26,Personal Loan,150108.38
CUST101099,2021-05-23,Auto Loan,108202.46
CUST101099,2021-05-26,Personal Loan,186321.91
CUST101100,2022-09-22,Credit Card,141474.89
CUST101100,2021-06-19,Personal Loan,158102.94
CUST101100,2021-04-30,Unsecured Others,119854.06
CUST101100,2021-11-16,Home Loan,27966.33
CUST101100,2022-06-23,Unsecured Others,17028.61
CUST101100,2021-07-04,Unsecured Others,86154.89
CUST101101,2021-01-05,Unsecured Others,197529.41
CUST101101,2021-12-12,Auto Loan,156283.7
CUST101101,2021-03-01,Credit Card,34614.52
CUST101101,2022-11-12,Unsecured Others,54008.84
CUST101102,2022-04-15,Auto Loan,18556.14
CUST101102,2021-04-13,Home Loan,50322.79
CUST101102,2021-08-14,Home Loan,152026.45
CUST101102,2022-12-20,Home Loan,194384.25
CUST101103,2022-12-26,Home Loan,39280.1
CUST101103,2021-11-11,Unsecured Others,7242.97
CUST101103,2021-09-21,Home Loan,169617.75
CUST101103,2022-01-28,Home Loan,144028.44
CUST101103,2021-10-25,Home Loan,54409.88
CUST101103,2022-10-27,Unsecured Others,66011.86
CUST101103,2022-01-16,Auto Loan,20151.73
CUST101104,2021-10-17,Personal Loan,95645.91
CUST101104,2021-11-19,Unsecured Others,159138.8
CUST101104,2021-03-25,Home Loan,199568.77
CUST101104,2022-10-02,Credit Card,18550.7
CUST101104,2022-05-04,Auto Loan,162792.12
CUST101104,2021-06-22,Home Loan,116082.15
CUST101104,2021-07-02,Credit Card,35702.89
CUST101105,2022-02-16,Auto Loan,117522.02
CUST101105,2021-07-27,Credit Card,26441.72
CUST101105,2021-02-18,Auto Loan,23516.54
CUST101105,2022-07-24,Home Loan,97723.66
CUST101106,2022-05-11,Home Loan,185211.45
CUST101106,2022-12-05,Personal Loan,74137.63
CUST101106,2022-09-30,Home Loan,129385.33
CUST101107,2022-08-30,Auto Loan,149801.75
CUST101107,2022-10-13,Credit Card,124816.63
CUST101109,2022-03-13,Home Loan,148738.13
CUST101109,2022-11-28,Unsecured Others,172636.99
CUST101110,2022-09-19,Personal Loan,177759.63
CUST101111,2022-05-30,Unsecured Others,104491.19
CUST101111,2022-11-22,Personal Loan,32886.88
CUST101111,2022-06-22,Credit Card,32436.69
CUST101111,2021-06-01,Home Loan,141184.63
CUST101111,2022-07-25,Auto Loan,23774.98
CUST101112,2021-07-23,Credit Card,33336.16
CUST101112,2021-03-05,Unsecured Others,112886.92
CUST101112,2022-02-04,Credit Card,161397.83
CUST101112,2022-03-12,Home Loan,103419.26
CUST101112,2022-08-17,Auto Loan,30236.01
CUST101112,2022-04-15,Personal Loan,80912.67
CUST101113,2021-12-23,Personal Loan,87419.72
CUST101114,2022-07-27,Home Loan,139680.09
CUST101114,2021-11-25,Unsecured Others,58015.65
CUST101114,2021-10-13,Home Loan,146052.8
CUST101114,2022-02-27,Personal Loan,149844.62
CUST101114,2021-09-04,Unsecured Others,140382.07
CUST101114,2021-06-09,Personal Loan,146262.75
CUST101115,2021-09-22,Home Loan,113041.84
CUST101115,2021-06-14,Home Loan,179699.37
CUST101115,2021-09-12,Unsecured Others,127819.08
CUST101116,2022-06-05,Personal Loan,115098.43
CUST101116,2022-03-05,Auto Loan,41112.32
CUST101116,2022-11-11,Home Loan,132031.04
CUST101116,2022-10-12,Unsecured Others,191382.74
CUST101116,2021-06-20,Auto Loan,147294.8
CUST101116,2022-02-07,Personal Loan,103227.05
CUST101116,2022-09-03,Credit Card,89355.5
CUST101117,2021-05-19,Personal Loan,116703.47
CUST101117,2022-11-22,Auto Loan,127397.29
CUST101117,2022-08-03,Unsecured Others,43017.59
CUST101117,2022-12-29,Credit Card,39698.66
CUST101117,2021-10-16,Auto Loan,8092.66
CUST101117,2022-11-24,Personal Loan,174827.8
CUST101117,2022-12-27,Credit Card,197270.15
CUST101118,2022-07-31,Unsecured Others,94118.7
CUST101119,2022-07-19,Unsecured Others,119326.89
CUST101119,2021-10-13,Credit Card,136878.06
CUST101119,2022-11-27,Credit Card,180479.79
CUST101119,2022-01-02,Auto Loan,116524.37
CUST101119,2022-11-02,Credit Card,167910.68
CUST101119,2021-09-02,Home Loan,130180.04
CUST101120,2021-03-11,Personal Loan,64983.46
CUST101120,2022-08-12,Unsecured Others,140506.55
CUST101120,2021-02-22,Auto Loan,125301.17
CUST101121,2021-11-09,Personal Loan,102895.38
CUST101121,2021-08-07,Personal Loan,52902.15
CUST101121,2022-10-20,Credit Card,75062.35
CUST101121,2021-01-28,Unsecured Others,15109.05
CUST101121,2022-01-28,Auto Loan,182528.82
CUST101121,2021-08-13,Auto Loan,74854.21
CUST101123,2022-02-26,Home Loan,103686.27
CUST101124,2021-02-18,Credit Card,81287.02
CUST101124,2022-01-07,Credit Card,126298.3
CUST101124,2021-11-05,Credit Card,198579.76
CUST101124,2021-09-28,Home Loan,5672.68
CUST101124,2021-03-25,Credit Card,138185.03
CUST101124,2021-07-18,Auto Loan,16020.16
CUST101125,2021-07-05,Personal Loan,191878.62
CUST101126,2021-03-28,Credit Card,99917.94
CUST101127,2021-11-19,Personal Loan,51670.82
CUST101127,2022-09-30,Home Loan,23337.9
CUST101127,2022-04-18,Home Loan,99727.99
CUST101127,2021-08-08,Home Loan,168342.73
CUST101127,2022-02-16,Credit Card,18856.53
CUST101128,2021-01-06,Personal Loan,107519.56
CUST101128,2022-09-21,Credit Card,192428.95
CUST101130,2022-03-27,Credit Card,51398.39
CUST101130,2021-11-06,Personal Loan,69007.45
CUST101132,2021-11-04,Unsecured Others,28033.02
CUST101133,2021-09-26,Unsecured Others,88895.18
CUST101133,2022-08-02,Home Loan,90387.59
CUST101133,2021-08-02,Personal Loan,73000.37
CUST101133,2022-10-15,Home Loan,63642.62
CUST101133,2022-02-19,Unsecured Others,36622.78
CUST101134,2022-06-11,Unsecured Others,175110.82
CUST101134,2021-11-19,Home Loan,60077.96
CUST101134,2022-08-02,Credit Card,88828.28
CUST101135,2021-04-14,Home Loan,145477.65
CUST101136,2022-08-29,Auto Loan,95693.77
CUST101137,2021-05-11,Unsecured Others,145813.86
CUST101137,2022-06-05,Credit Card,112348.79
CUST101137,2022-11-14,Personal Loan,30113.2
CUST101137,2022-07-10,Auto Loan,141556.2
CUST101137,2022-05-30,Personal Loan,196590.35
CUST101137,2021-11-07,Credit Card,89535.85
CUST101138,2022-05-28,Auto Loan,21437.64
CUST101138,2022-05-14,Unsecured Others,140662.74
CUST101138,2022-12-25,Unsecured Others,87028.61
CUST101138,2022-12-10,Auto Loan,137026.29
CUST101138,2022-05-09,Auto Loan,132129.07
CUST101138,2022-11-19,Unsecured Others,100835.5
CUST101138,2022-04-25,Personal Loan,142557.45
CUST101139,2022-06-15,Auto Loan,17957.01
CUST101139,2021-12-10,Unsecured Others,68222.1
CUST101140,2021-06-14,Credit Card,129489.44
CUST101141,2021-11-03,Home Loan,195490.55
CUST101141,2022-04-18,Credit Card,185911.27
CUST101142,2021-01-27,Unsecured Others,150257.03
CUST101142,2022-12-11,Unsecured Others,79903.44
CUST101142,2022-03-04,Unsecured Others,166502.32
CUST101143,2021-02-06,Auto Loan,159094.65
CUST101143,2021-04-04,Unsecured Others,140015.76
CUST101144,2022-05-12,Personal Loan,50546.0
CUST101145,2021-02-16,Credit Card,109546.23
CUST101145,2022-02-16,Personal Loan,178637.24
CUST101145,2021-02-22,Unsecured Others,129381.77
CUST101146,2022-03-19,Personal Loan,114097.53
CUST101146,2022-09-14,Unsecured Others,166104.96
CUST101146,2022-10-08,Unsecured Others,28100.7
CUST101146,2022-04-26,Personal Loan,197614.69
CUST101146,2021-07-01,Personal Loan,36401.44
CUST101146,2022-03-14,Auto Loan,150868.42
CUST101146,2022-07-02,Auto Loan,62591.55
CUST101147,2022-04-17,Personal Loan,30438.47
CUST101147,2022-10-28,Unsecured Others,191804.95
CUST101147,2022-04-23,Personal Loan,136404.9
CUST101147,2022-02-25,Home Loan,66118.96
CUST101147,2022-06-15,Unsecured Others,156517.74
CUST101147,2022-01-06,Auto Loan,49469.35
CUST101148,2022-09-10,Home Loan,72348.08
CUST101148,2021-11-04,Auto Loan,147945.05
CUST101148,2021-12-02,Auto Loan,190850.98
CUST101148,2022-12-21,Personal Loan,186056.86
CUST101149,2021-09-23,Unsecured Others,159245.06
CUST101149,2021-05-13,Auto Loan,157513.75
CUST101149,2022-09-03,Credit Card,43354.98
CUST101149,2022-03-14,Home Loan,101850.69
CUST101149,2022-02-28,Auto Loan,83922.93
CUST101149,2021-08-23,Unsecured Others,128516.07
CUST101151,2022-01-12,Personal Loan,127795.41
CUST101151,2022-06-11,Unsecured Others,178151.04
CUST101151,2021-04-24,Home Loan,198773.18
CUST101151,2021-07-25,Personal Loan,186694.58
CUST101151,2022-04-29,Unsecured Others,198477.73
CUST101152,2022-08-15,Auto Loan,11492.14
CUST101153,2021-04-07,Credit Card,152746.65
CUST101153,2022-10-31,Credit Card,118805.19
CUST101153,2021-10-26,Unsecured Others,186677.5
CUST101153,2022-11-06,Unsecured Others,156418.79
CUST101154,2022-01-29,Credit Card,102051.39
CUST101154,2021-05-20,Personal Loan,128666.48
CUST101155,2022-11-13,Unsecured Others,147930.48
CUST101155,2021-07-30,Home Loan,165482.57
CUST101155,2022-03-27,Auto Loan,157932.82
CUST101155,2021-07-13,Credit Card,154710.93
CUST101156,2022-05-13,Auto Loan,40943.12
CUST101156,2022-03-21,Unsecured Others,25960.65
CUST101156,2022-05-14,Home Loan,10305.93
CUST101158,2022-05-12,Credit Card,176961.9
CUST101158,2021-09-15,Auto Loan,186211.01
CUST101158,2021-02-26,Personal Loan,159176.66
CUST101159,2021-08-02,Personal Loan,195310.46
CUST101160,2022-02-02,Credit Card,89927.71
CUST101160,2022-01-05,Home Loan,110646.8
CUST101160,2022-06-19,Personal Loan,71438.21
CUST101160,2021-01-06,Auto Loan,30886.64
CUST101161,2022-03-23,Home Loan,20631.7
CUST101161,2021-10-10,Unsecured Others,154154.73
CUST101161,2022-05-04,Home Loan,45385.09
CUST101161,2022-04-26,Home Loan,86074.15
CUST101161,2021-04-12,Home Loan,107049.77
CUST101162,2021-01-13,Auto Loan,14258.84
CUST101162,2022-04-25,Auto Loan,50931.63
CUST101162,2022-12-31,Home Loan,193418.67
CUST101162,2022-07-30,Auto Loan,110637.55
CUST101162,2022-04-25,Auto Loan,186230.97
CUST101162,2021-10-26,Credit Card,135294.7
CUST101163,2021-01-24,Home Loan,109327.58
CUST101163,2022-06-01,Home Loan,33871.77
CUST101163,2022-10-02,Home Loan,103421.14
CUST101164,2021-05-31,Personal Loan,26954.51
CUST101164,2021-08-10,Unsecured Others,15972.71
CUST101164,2022-11-27,Auto Loan,125917.94
CUST101164,2022-07-20,Credit Card,63689.4
CUST101165,2021-04-09,Credit Card,70283.07
CUST101165,2021-06-24,Auto Loan,30900.73
CUST101165,2022-01-03,Auto Loan,192279.26
CUST101165,2022-09-01,Auto Loan,21717.99
CUST101166,2022-06-27,Auto Loan,196196.27
CUST101166,2022-09-26,Personal Loan,55975.22
CUST101166,2022-09-29,Personal Loan,191371.95
CUST101166,2022-01-03,Auto Loan,157197.28
CUST101166,2021-11-27,Home Loan,85829.85
CUST101166,2021-05-01,Unsecured Others,79193.06
CUST101166,2021-05-05,Personal Loan,80883.84
CUST101167,2021-03-20,Unsecured Others,166709.82
CUST101167,2022-08-21,Credit Card,198042.88
CUST101167,2022-08-19,Home Loan,134796.81
CUST101167,2022-09-28,Home Loan,185649.29
CUST101167,2021-05-12,Unsecured Others,171676.74
CUST101170,2022-07-11,Home Loan,187909.86
CUST101170,2021-04-15,Credit Card,181026.15
CUST101170,2022-10-11,Personal Loan,100134.05
CUST101170,2022-01-15,Auto Loan,199253.22
CUST101170,2021-02-19,Home Loan,45999.21
CUST101170,2021-09-14,Auto Loan,8470.15
CUST101170,2022-06-20,Auto Loan,180805.68
CUST101171,2022-03-21,Credit Card,162100.51
CUST101171,2022-12-16,Home Loan,85793.18
CUST101172,2022-11-19,Personal Loan,112205.15
CUST101172,2022-10-26,Personal Loan,19976.12
CUST101173,2022-07-21,Personal Loan,92160.83
CUST101173,2022-09-20,Credit Card,108300.17
CUST101173,2022-04-30,Personal Loan,33296.04
CUST101173,2021-04-28,Personal Loan,135505.09
CUST101173,2021-04-15,Unsecured Others,58798.84
CUST101174,2022-11-13,Credit Card,186033.93
CUST101174,2021-07-26,Personal Loan,161348.49
CUST101174,2021-07-22,Home Loan,151268.02
CUST101174,2022-01-19,Unsecured Others,21259.43
CUST101174,2021-09-15,Auto Loan,50230.99
CUST101174,2021-01-05,Unsecured Others,153762.71
CUST101174,2022-08-27,Auto Loan,15751.8
CUST101175,2022-08-21,Home Loan,137747.36
CUST101175,2021-03-21,Personal Loan,97946.63
CUST101175,2021-12-29,Auto Loan,182891.83
CUST101176,2022-08-31,Personal Loan,160513.18
CUST101176,2022-12-28,Auto Loan,7396.36
CUST101176,2021-06-19,Unsecured Others,87143.22
CUST101176,2022-08-21,Home Loan,197266.6
CUST101176,2022-07-30,Auto Loan,198359.28
CUST101176,2021-02-16,Unsecured Others,171325.96
CUST101177,2022-08-11,Credit Card,121201.2
CUST101177,2022-05-05,Unsecured Others,137216.3
CUST101177,2022-06-16,Home Loan,182313.28
CUST101178,2022-06-09,Home Loan,112125.4
CUST101178,2022-10-20,Unsecured Others,142917.42
CUST101178,2021-07-06,Unsecured Others,108244.99
CUST101178,2021-10-24,Home Loan,114239.69
CUST101178,2022-11-10,Home Loan,36906.98
CUST101178,2022-10-01,Unsecured Others,36527.54
CUST101178,2022-05-21,Unsecured Others,64856.09
CUST101179,2022-12-04,Personal Loan,87891.71
CUST101179,2022-10-17,Auto Loan,102513.44
CUST101179,2022-08-30,Auto Loan,11035.94
CUST101179,2021-07-17,Personal Loan,75181.13
CUST101180,2022-12-17,Credit Card,198469.93
CUST101180,2022-01-15,Credit Card,35536.13
CUST101180,2022-09-17,Unsecured Others,187759.29
CUST101181,2022-05-13,Auto Loan,58423.66
CUST101181,2021-03-16,Auto Loan,195839.73
CUST101181,2021-08-13,Unsecured Others,74698.74
CUST101182,2022-09-02,Personal Loan,77679.27
CUST101182,2021-09-22,Credit Card,185856.13
CUST101183,2022-04-20,Unsecured Others,11191.24
CUST101183,2022-07-01,Auto Loan,71081.45
CUST101183,2022-12-01,Personal Loan,119546.74
CUST101183,2021-05-02,Credit Card,165042.17
CUST101183,2021-10-01,Home Loan,113116.49
CUST101184,2022-08-06,Credit Card,90906.68
CUST101185,2021-01-28,Auto Loan,48031.56
CUST101185,2022-03-26,Auto Loan,44904.75
CUST101185,2022-12-22,Credit Card,173305.84
CUST101185,2021-05-14,Home Loan,64436.52
CUST101185,2021-12-15,Credit Card,30066.06
CUST101185,2022-01-09,Auto Loan,133457.99
CUST101186,2021-04-17,Unsecured Others,145087.67
CUST101186,2021-04-08,Credit Card,17154.06
CUST101186,2022-11-07,Personal Loan,37435.5
CUST101186,2021-01-20,Home Loan,100690.97
CUST101186,2022-12-22,Credit Card,60245.93
CUST101186,2022-05-22,Credit Card,81076.68
CUST101189,2021-04-11,Unsecured Others,62163.32
CUST101189,2022-07-02,Home Loan,70479.68
CUST101189,2021-06-21,Unsecured Others,71235.03
CUST101189,2021-08-20,Home Loan,40378.89
CUST101189,2022-01-22,Home Loan,36023.79
CUST101189,2022-08-23,Auto Loan,111686.56
CUST101189,2021-03-18,Personal Loan,177549.93
CUST101190,2021-06-04,Auto Loan,32940.95
CUST101190,2022-08-12,Auto Loan,197278.5
CUST101190,2021-03-23,Personal Loan,129633.42
CUST101190,2022-10-30,Home Loan,39732.81
CUST101191,2021-02-04,Unsecured Others,178209.27
CUST101191,2021-09-26,Personal Loan,92454.07
CUST101191,2021-07-15,Home Loan,65374.66
CUST101194,2022-05-30,Unsecured Others,65081.13
CUST101194,2022-11-11,Auto Loan,103952.49
CUST101194,2022-11-13,Unsecured Others,131797.51
CUST101194,2022-07-25,Home Loan,83085.27
CUST101194,2022-12-29,Home Loan,60670.11
CUST101195,2022-10-18,Home Loan,186112.3
CUST101195,2021-07-11,Unsecured Others,98616.08
CUST101197,2022-07-05,Auto Loan,84379.6
CUST101197,2021-01-07,Personal Loan,157250.96
CUST101197,2021-06-29,Credit Card,118186.78
CUST101197,2022-08-28,Home Loan,114752.23
CUST101199,2022-09-28,Personal Loan,195317.25
CUST101200,2021-06-13,Auto Loan,34300.3
CUST101200,2022-01-12,Unsecured Others,135296.6
CUST101200,2022-11-24,Personal Loan,164874.33
CUST101201,2022-09-02,Personal Loan,81374.58
CUST101202,2021-10-15,Unsecured Others,33092.83
CUST101202,2022-05-20,Auto Loan,184527.44
CUST101202,2021-04-21,Home Loan,75802.05
CUST101202,2021-08-15,Unsecured Others,26579.59
CUST101202,2021-03-01,Home Loan,24723.93
CUST101202,2021-09-23,Unsecured Others,73407.56
CUST101203,2022-09-06,Personal Loan,178129.63
CUST101203,2021-06-19,Auto Loan,18401.29
CUST101203,2021-06-14,Home Loan,173320.45
CUST101203,2021-07-13,Unsecured Others,93450.87
CUST101205,2021-09-09,Personal Loan,179808.39
CUST101205,2021-05-23,Credit Card,179189.91
CUST101205,2022-09-19,Home Loan,11395.57
CUST101205,2022-02-22,Unsecured Others,123615.64
CUST101205,2021-09-14,Personal Loan,198881.84
CUST101205,2021-06-25,Personal Loan,38900.64
CUST101205,2021-08-08,Unsecured Others,153503.46
CUST101206,2022-04-03,Auto Loan,117956.15
CUST101206,2022-12-15,Unsecured Others,83343.93
CUST101206,2022-04-27,Unsecured Others,100337.29
CUST101206,2022-06-27,Personal Loan,62871.77
CUST101206,2022-04-10,Unsecured Others,158933.6
CUST101206,2021-09-18,Personal Loan,87501.3
CUST101207,2021-06-12,Credit Card,92275.45
CUST101207,2021-08-14,Personal Loan,182398.47
CUST101207,2021-02-25,Personal Loan,141948.31
CUST101207,2022-08-29,Auto Loan,14687.06
CUST101207,2022-10-22,Home Loan,135818.81
CUST101207,2022-12-06,Auto Loan,33180.6
CUST101207,2021-09-25,Auto Loan,162927.57
CUST101208,2022-08-27,Personal Loan,44164.36
CUST101208,2022-10-24,Credit Card,180315.2
CUST101209,2021-04-04,Unsecured Others,42758.96
CUST101209,2021-11-24,Personal Loan,97036.32
CUST101209,2022-05-10,Personal Loan,150908.65
CUST101209,2021-07-12,Unsecured Others,166486.02
CUST101209,2021-04-15,Credit Card,133938.46
CUST101209,2022-07-14,Home Loan,83089.88
CUST101209,2021-11-21,Personal Loan,56009.73
CUST101210,2022-12-29,Personal Loan,58427.36
CUST101210,2022-09-29,Personal Loan,68525.81
CUST101210,2021-10-19,Home Loan,70057.84
CUST101211,2021-01-08,Personal Loan,188515.25
CUST101211,2021-04-26,Personal Loan,157287.75
CUST101211,2021-08-04,Unsecured Others,60835.3
CUST101212,2022-07-18,Auto Loan,135134.29
CUST101212,2022-10-23,Home Loan,90087.94
CUST101213,2021-04-30,Auto Loan,186318.37
CUST101213,2021-07-24,Auto Loan,195630.11
CUST101213,2021-11-14,Home Loan,39040.42
CUST101213,2021-12-29,Credit Card,126089.92
CUST101213,2021-12-25,Unsecured Others,89174.62
CUST101214,2022-08-11,Auto Loan,20713.03
CUST101214,2022-09-28,Home Loan,6360.73
CUST101214,2021-06-21,Home Loan,69715.48
CUST101214,2022-11-22,Home Loan,66324.7
CUST101214,2021-01-19,Auto Loan,42661.45
CUST101215,2021-04-13,Home Loan,103768.04
CUST101215,2022-06-23,Home Loan,31334.48
CUST101215,2021-10-19,Personal Loan,79603.51
CUST101215,2022-07-15,Credit Card,124887.4
CUST101215,2021-02-19,Home Loan,158286.12
CUST101215,2021-11-16,Personal Loan,84063.16
CUST101215,2022-09-11,Unsecured Others,33420.61
CUST101216,2022-01-15,Credit Card,44575.65
CUST101216,2021-12-19,Auto Loan,191090.93
CUST101216,2021-04-01,Home Loan,102214.41
CUST101216,2022-04-26,Personal Loan,95650.14
CUST101217,2021-02-03,Personal Loan,186946.74
CUST101217,2021-01-16,Home Loan,104231.42
CUST101217,2021-12-13,Credit Card,61013.9
CUST101217,2021-04-24,Home Loan,58233.67
CUST101217,2021-04-02,Credit Card,41143.93
CUST101218,2021-03-16,Personal Loan,137627.95
CUST101218,2021-07-20,Auto Loan,89189.5
CUST101218,2022-01-04,Auto Loan,120225.09
CUST101218,2022-02-11,Auto Loan,85963.3
CUST101219,2021-06-24,Unsecured Others,155667.53
CUST101219,2022-02-03,Credit Card,79529.13
CUST101219,2021-12-05,Auto Loan,185352.37
CUST101219,2021-05-09,Unsecured Others,43744.98
CUST101220,2022-05-05,Auto Loan,188935.99
CUST101220,2022-04-18,Credit Card,113798.15
CUST101220,2022-10-31,Auto Loan,56655.71
CUST101220,2022-03-29,Credit Card,132600.56
CUST101222,2021-04-22,Personal Loan,129564.95
CUST101222,2021-04-07,Unsecured Others,134060.58
CUST101222,2022-10-16,Auto Loan,13242.0
CUST101223,2022-10-20,Credit Card,162178.63
CUST101223,2021-10-08,Personal Loan,119348.25
CUST101223,2022-02-04,Auto Loan,192514.89
CUST101223,2021-05-19,Home Loan,103190.09
CUST101224,2022-10-28,Auto Loan,21483.88
CUST101224,2022-02-17,Personal Loan,151042.97
CUST101224,2021-04-16,Credit Card,98068.19
CUST101225,2022-08-18,Personal Loan,116566.04
CUST101225,2021-08-30,Home Loan,155076.03
CUST101225,2022-07-08,Home Loan,138564.47
CUST101225,2022-10-15,Unsecured Others,88514.3
CUST101225,2022-01-13,Home Loan,191594.61
CUST101226,2022-01-26,Unsecured Others,150303.22
CUST101226,2022-05-22,Auto Loan,53279.81
CUST101227,2021-02-13,Personal Loan,155785.22
CUST101227,2022-09-24,Personal Loan,94586.12
CUST101227,2021-05-19,Unsecured Others,166801.56
CUST101227,2021-05-14,Home Loan,188152.06
CUST101227,2021-08-26,Personal Loan,74605.86
CUST101228,2022-02-21,Credit Card,167775.52
CUST101228,2022-05-16,Auto Loan,59778.06
CUST101228,2021-04-25,Personal Loan,163268.65
CUST101228,2021-08-21,Unsecured Others,52993.59
CUST101228,2022-07-28,Personal Loan,99171.09
CUST101229,2021-12-21,Home Loan,70297.19
CUST101230,2021-12-28,Auto Loan,7457.14
CUST101230,2021-10-12,Auto Loan,147654.81
CUST101230,2022-02-20,Unsecured Others,29519.35
CUST101230,2022-02-05,Home Loan,157059.53
CUST101230,2021-02-19,Unsecured Others,108310.69
CUST101230,2021-02-06,Credit Card,49460.93
CUST101231,2021-03-12,Personal Loan,140246.39
CUST101231,2022-04-24,Home Loan,80546.92
CUST101231,2021-07-18,Credit Card,63715.46
CUST101232,2021-02-24,Personal Loan,176972.09
CUST101232,2022-08-20,Unsecured Others,176357.44
CUST101232,2022-10-29,Home Loan,40951.85
CUST101232,2021-10-21,Auto Loan,96136.91
CUST101232,2021-01-25,Auto Loan,49927.41
CUST101232,2021-07-27,Credit Card,118524.87
CUST101232,2022-08-09,Unsecured Others,191373.66
CUST101234,2022-09-18,Home Loan,96013.8
CUST101234,2021-07-25,Personal Loan,154110.78
CUST101236,2021-01-26,Home Loan,67779.06
CUST101236,2021-12-13,Personal Loan,22580.44
CUST101236,2021-07-06,Credit Card,159725.47
CUST101236,2021-11-05,Personal Loan,191643.31
CUST101236,2021-10-28,Auto Loan,151180.22
CUST101236,2022-02-17,Unsecured Others,98612.02
CUST101237,2022-04-01,Credit Card,191990.38
CUST101237,2021-08-02,Auto Loan,12967.04
CUST101238,2021-12-29,Home Loan,176705.79
CUST101238,2022-04-18,Unsecured Others,104515.03
CUST101238,2021-11-04,Auto Loan,96776.68
CUST101238,2021-09-25,Personal Loan,44480.47
CUST101238,2022-08-03,Credit Card,9947.14
CUST101239,2021-03-21,Credit Card,135658.98
CUST101240,2022-05-18,Personal Loan,9327.58
CUST101240,2022-03-20,Home Loan,65121.56
CUST101240,2021-11-22,Personal Loan,5834.38
CUST101241,2022-01-02,Unsecured Others,117197.36
CUST101241,2022-09-20,Unsecured Others,25420.19
CUST101241,2022-11-18,Home Loan,13924.33
CUST101241,2021-03-19,Personal Loan,61835.91
CUST101241,2022-04-13,Credit Card,26113.53
CUST101241,2021-04-11,Unsecured Others,25839.08
CUST101241,2021-07-06,Personal Loan,141125.31
CUST101242,2021-06-22,Unsecured Others,73202.63
CUST101242,2022-07-29,Home Loan,30770.96
CUST101242,2022-01-10,Unsecured Others,91985.42
CUST101242,2022-06-12,Personal Loan,115811.53
CUST101242,2022-04-15,Auto Loan,20389.56
CUST101242,2021-07-01,Auto Loan,182950.32
CUST101242,2021-03-12,Credit Card,180634.5
CUST101243,2021-04-24,Unsecured Others,165765.47
CUST101244,2022-04-15,Home Loan,149015.23
CUST101245,2022-08-08,Auto Loan,148802.4
CUST101245,2021-10-30,Home Loan,59621.31
CUST101245,2022-03-31,Personal Loan,38004.18
CUST101245,2021-03-24,Credit Card,28278.13
CUST101245,2021-12-22,Auto Loan,183673.42
CUST101245,2022-06-21,Unsecured Others,98386.76
CUST101246,2022-10-07,Credit Card,71853.06
CUST101246,2021-08-20,Home Loan,147966.98
CUST101246,2022-05-27,Personal Loan,46815.9
CUST101246,2021-07-13,Auto Loan,41654.96
CUST101246,2022-01-25,Unsecured Others,166353.31
CUST101248,2022-02-18,Unsecured Others,17360.31
CUST101248,2022-06-12,Auto Loan,9036.19
CUST101248,2021-03-15,Unsecured Others,111381.17
CUST101249,2022-07-17,Unsecured Others,156712.29
CUST101249,2022-06-08,Personal Loan,185911.65
CUST101249,2021-03-15,Auto Loan,190747.27
CUST101249,2022-09-03,Unsecured Others,51308.0
CUST101249,2022-08-18,Auto Loan,138546.75
CUST101249,2022-06-14,Credit Card,186837.56
CUST101249,2021-04-04,Auto Loan,160928.51
CUST101250,2021-11-20,Auto Loan,198861.61
CUST101250,2021-10-31,Personal Loan,187716.64
CUST101250,2021-11-09,Unsecured Others,73420.5
CUST101251,2022-06-07,Credit Card,46443.39
CUST101251,2022-02-19,Home Loan,128396.23
CUST101251,2022-04-03,Credit Card,120340.26
CUST101251,2022-12-28,Home Loan,53482.09
CUST101251,2021-02-07,Credit Card,107256.2
CUST101251,2022-06-25,Auto Loan,49421.47
CUST101251,2022-01-10,Personal Loan,93246.71
CUST101252,2021-01-18,Credit Card,17269.14
CUST101252,2021-12-27,Home Loan,62977.43
CUST101252,2022-12-14,Personal Loan,105628.25
CUST101252,2022-01-15,Auto Loan,20718.05
CUST101252,2022-06-14,Credit Card,112976.14
CUST101253,2022-10-23,Unsecured Others,17434.38
CUST101254,2021-07-02,Credit Card,147997.48
CUST101254,2022-02-04,Auto Loan,85762.41
CUST101254,2022-06-29,Auto Loan,182920.96
CUST101254,2022-01-03,Credit Card,63817.19
CUST101255,2021-12-06,Personal Loan,89243.23
CUST101255,2021-02-11,Credit Card,97597.11
CUST101255,2021-03-26,Personal Loan,45561.49
CUST101255,2021-08-12,Personal Loan,89871.89
CUST101255,2021-04-10,Credit Card,156009.73
CUST101255,2021-09-11,Credit Card,62560.86
CUST101255,2022-06-03,Home Loan,125346.22
CUST101256,2022-09-09,Home Loan,11055.94
CUST101256,2021-01-25,Credit Card,98081.57
CUST101256,2022-03-16,Auto Loan,8084.6
CUST101256,2021-06-26,Credit Card,191375.9
CUST101256,2022-12-14,Home Loan,63518.45
CUST101257,2021-01-12,Credit Card,181917.79
CUST101258,2021-01-04,Home Loan,40940.39
CUST101258,2022-09-14,Credit Card,151022.83
CUST101258,2021-05-18,Credit Card,29439.18
CUST101258,2022-08-17,Home Loan,174365.15
CUST101258,2021-06-04,Credit Card,40370.4
CUST101259,2021-04-23,Auto Loan,137639.61
CUST101259,2021-10-23,Personal Loan,10062.88
CUST101261,2021-01-17,Home Loan,179613.57
CUST101261,2021-04-17,Personal Loan,175834.75
CUST101261,2021-11-04,Credit Card,46771.31
CUST101261,2022-05-13,Personal Loan,161236.85
CUST101261,2022-05-06,Home Loan,198824.35
CUST101261,2022-10-29,Auto Loan,52184.57
CUST101261,2022-06-15,Auto Loan,45155.8
CUST101262,2023-01-01,Home Loan,158773.61
CUST101262,2022-06-06,Unsecured Others,68030.07
CUST101262,2021-06-15,Auto Loan,9656.84
CUST101262,2022-12-04,Credit Card,75310.24
CUST101262,2021-12-18,Home Loan,83741.64
CUST101262,2022-03-07,Home Loan,37101.29
CUST101263,2022-09-05,Personal Loan,131107.05
CUST101263,2022-07-17,Personal Loan,73359.86
CUST101264,2022-04-23,Personal Loan,115797.16
CUST101264,2022-05-07,Unsecured Others,188998.34
CUST101264,2022-04-26,Auto Loan,114804.68
CUST101265,2022-02-10,Credit Card,88297.0
CUST101265,2022-05-20,Credit Card,130641.64
CUST101265,2021-03-18,Credit Card,164038.71
CUST101265,2022-03-20,Credit Card,28574.17
CUST101265,2021-02-25,Credit Card,102796.57
CUST101265,2021-12-10,Credit Card,161254.89
CUST101265,2022-09-04,Auto Loan,107438.61
CUST101267,2022-02-22,Personal Loan,22598.02
CUST101267,2021-10-05,Personal Loan,51494.45
CUST101267,2021-12-10,Home Loan,100391.06
CUST101267,2022-04-29,Unsecured Others,46082.84
CUST101267,2021-08-24,Personal Loan,18669.85
CUST101267,2022-01-31,Auto Loan,99115.14
CUST101268,2021-10-29,Home Loan,135810.12
CUST101268,2021-09-27,Home Loan,119929.5
CUST101269,2021-02-13,Credit Card,28040.35
CUST101269,2021-04-06,Auto Loan,163926.14
CUST101269,2022-08-12,Credit Card,5674.22
CUST101269,2021-03-21,Auto Loan,122657.18
CUST101269,2021-05-20,Auto Loan,7368.67
CUST101270,2022-06-24,Unsecured Others,130467.03
CUST101271,2021-11-07,Personal Loan,116040.22
CUST101271,2021-09-01,Personal Loan,187533.88
CUST101271,2022-01-09,Personal Loan,99298.83
CUST101271,2021-03-12,Home Loan,132904.48
CUST101271,2021-08-29,Personal Loan,122774.81
CUST101271,2022-11-02,Credit Card,66905.99
CUST101271,2022-11-17,Unsecured Others,196731.04
CUST101272,2021-12-23,Personal Loan,111781.81
CUST101272,2022-09-27,Unsecured Others,119673.81
CUST101272,2022-02-24,Home Loan,171531.24
CUST101272,2022-01-29,Auto Loan,66896.97
CUST101272,2021-01-05,Unsecured Others,141639.67
CUST101273,2022-07-16,Auto Loan,140445.48
CUST101273,2021-07-03,Unsecured Others,182896.12
CUST101273,2022-09-19,Auto Loan,137634.64
CUST101273,2021-12-04,Unsecured Others,134028.3
CUST101273,2022-03-27,Personal Loan,127989.58
CUST101274,2021-04-09,Auto Loan,137182.43
CUST101274,2021-05-20,Credit Card,25512.76
CUST101275,2021-02-04,Home Loan,41905.05
CUST101275,2022-06-16,Home Loan,191346.38
CUST101275,2022-10-05,Personal Loan,80269.34
CUST101275,2022-04-02,Credit Card,98080.1
CUST101276,2022-03-16,Home Loan,80904.55
CUST101277,2021-12-14,Unsecured Others,12220.03
CUST101277,2021-07-13,Auto Loan,36964.41
CUST101277,2021-12-24,Unsecured Others,38109.46
CUST101278,2021-05-19,Credit Card,162986.4
CUST101279,2022-02-21,Personal Loan,111705.45
CUST101279,2021-08-28,Personal Loan,15607.09
CUST101279,2021-01-31,Credit Card,115926.92
CUST101279,2022-03-05,Home Loan,121643.21
CUST101279,2021-04-01,Credit Card,18618.66
CUST101279,2022-08-26,Personal Loan,66579.34
CUST101280,2022-01-16,Unsecured Others,97135.64
CUST101280,2021-10-18,Unsecured Others,167604.32
CUST101280,2021-05-14,Credit Card,46053.16
CUST101280,2022-11-23,Auto Loan,70291.8
CUST101280,2022-07-26,Credit Card,184054.58
CUST101280,2021-05-09,Auto Loan,96008.58
CUST101280,2021-07-21,Unsecured Others,76217.36
CUST101281,2022-12-23,Auto Loan,49359.34
CUST101281,2022-10-20,Auto Loan,77454.58
CUST101282,2021-04-28,Home Loan,18513.36
CUST101282,2022-02-22,Credit Card,97571.54
CUST101282,2021-09-14,Unsecured Others,158281.72
CUST101283,2021-12-22,Unsecured Others,43979.12
CUST101283,2021-09-15,Personal Loan,153921.99
CUST101283,2021-05-05,Credit Card,197278.27
CUST101283,2022-04-22,Personal Loan,51718.96
CUST101283,2021-01-23,Auto Loan,32799.59
CUST101283,2022-02-18,Credit Card,22985.69
CUST101283,2022-01-21,Auto Loan,29868.17
CUST101285,2022-10-18,Unsecured Others,158090.44
CUST101285,2021-04-26,Auto Loan,151820.31
CUST101285,2021-12-19,Unsecured Others,174214.34
CUST101286,2022-06-05,Auto Loan,26979.86
CUST101286,2022-10-11,Auto Loan,157629.84
CUST101286,2021-05-24,Personal Loan,129474.92
CUST101286,2021-04-09,Auto Loan,100007.48
CUST101287,2022-08-22,Unsecured Others,60884.33
CUST101287,2021-08-07,Credit Card,124468.26
CUST101287,2021-10-31,Home Loan,74550.79
CUST101287,2022-12-23,Home Loan,75697.3
CUST101287,2022-02-08,Unsecured Others,68974.04
CUST101287,2021-09-26,Home Loan,82381.97
CUST101288,2021-03-08,Personal Loan,49822.87
CUST101288,2022-03-31,Unsecured Others,154296.78
CUST101289,2022-08-05,Credit Card,61570.32
CUST101289,2022-10-24,Personal Loan,154119.61
CUST101289,2022-05-28,Unsecured Others,89783.87
CUST101290,2022-07-11,Auto Loan,42116.42
CUST101291,2021-11-16,Credit Card,80107.5
CUST101292,2021-04-08,Home Loan,125753.84
CUST101292,2022-09-09,Home Loan,150565.66
CUST101293,2022-07-21,Credit Card,197912.4
CUST101293,2022-05-09,Credit Card,78606.85
CUST101293,2022-01-19,Personal Loan,151649.15
CUST101293,2022-12-01,Credit Card,149518.17
CUST101293,2022-12-03,Personal Loan,167978.16
CUST101294,2022-04-18,Unsecured Others,123149.33
CUST101294,2022-07-03,Unsecured Others,176806.74
CUST101294,2022-09-14,Credit Card,67081.36
CUST101294,2021-04-05,Auto Loan,59880.81
CUST101294,2021-07-21,Unsecured Others,95317.01
CUST101294,2021-12-31,Credit Card,107596.07
CUST101295,2022-03-17,Personal Loan,35659.19
CUST101295,2021-06-08,Personal Loan,11054.47
CUST101295,2021-09-04,Personal Loan,129723.87
CUST101295,2021-12-15,Credit Card,159955.2
CUST101295,2022-03-08,Auto Loan,67959.57
CUST101296,2021-02-03,Auto Loan,86872.27
CUST101296,2022-11-12,Unsecured Others,38238.66
CUST101297,2022-09-05,Home Loan,136527.36
CUST101297,2021-08-02,Auto Loan,80852.48
CUST101297,2022-11-20,Auto Loan,197097.83
CUST101298,2021-03-02,Unsecured Others,175910.45
CUST101298,2022-03-05,Unsecured Others,69019.93
CUST101298,2022-06-30,Unsecured Others,61498.84
CUST101298,2022-08-27,Unsecured Others,139382.02
CUST101298,2021-10-03,Home Loan,78440.31
CUST101299,2021-05-02,Unsecured Others,40264.5
CUST101299,2021-02-10,Unsecured Others,59227.48
CUST101299,2022-03-14,Home Loan,174112.18
CUST101299,2022-08-27,Auto Loan,39450.94
CUST101299,2021-10-26,Auto Loan,139323.24
CUST101301,2021-10-26,Home Loan,115762.49
CUST101301,2021-03-06,Auto Loan,50023.04
CUST101301,2021-02-28,Unsecured Others,184785.46
CUST101301,2021-02-13,Credit Card,137356.58
CUST101302,2021-08-16,Credit Card,29942.56
CUST101302,2022-10-08,Personal Loan,126435.53
CUST101303,2022-05-26,Auto Loan,83660.52
CUST101303,2022-08-14,Personal Loan,141464.57
CUST101303,2022-10-25,Personal Loan,111305.72
CUST101303,2022-03-19,Home Loan,112424.56
CUST101303,2022-04-11,Home Loan,185010.95
CUST101304,2021-05-19,Personal Loan,54564.61
CUST101305,2022-05-13,Personal Loan,121442.9
CUST101305,2022-06-19,Credit Card,11458.68
CUST101305,2022-06-17,Auto Loan,56714.13
CUST101306,2021-12-07,Credit Card,8890.92
CUST101306,2021-03-28,Credit Card,21029.86
CUST101306,2021-09-03,Auto Loan,41137.0
CUST101306,2021-10-25,Personal Loan,90725.21
CUST101306,2021-04-17,Home Loan,162148.05
CUST101307,2022-03-25,Credit Card,38675.32
CUST101308,2022-01-08,Unsecured Others,133105.24
CUST101309,2021-07-20,Unsecured Others,27997.12
CUST101309,2022-11-19,Auto Loan,94089.21
CUST101309,2022-10-31,Auto Loan,188153.73
CUST101309,2021-12-07,Home Loan,35981.94
CUST101309,2022-07-22,Personal Loan,90817.95
CUST101309,2022-10-01,Unsecured Others,67838.27
CUST101310,2021-10-01,Auto Loan,82727.49
CUST101310,2021-08-17,Personal Loan,78350.06
CUST101310,2021-04-25,Credit Card,120814.77
CUST101311,2021-08-16,Auto Loan,94403.49
CUST101311,2022-10-04,Personal Loan,47388.97
CUST101311,2021-12-05,Home Loan,190918.18
CUST101312,2022-05-08,Home Loan,154523.19
CUST101313,2021-07-29,Unsecured Others,183813.59
CUST101313,2022-05-23,Personal Loan,143840.07
CUST101313,2022-01-14,Unsecured Others,10992.05
CUST101314,2022-10-16,Home Loan,175971.5
CUST101315,2022-06-12,Auto Loan,84115.26
CUST101315,2022-03-02,Home Loan,91260.22
CUST101315,2022-07-31,Credit Card,192930.68
CUST101315,2021-03-02,Unsecured Others,68528.14
CUST101315,2022-04-01,Home Loan,22852.27
CUST101316,2021-05-15,Unsecured Others,31055.59
CUST101316,2021-04-14,Home Loan,12824.18
CUST101316,2022-01-11,Home Loan,70328.61
CUST101316,2022-06-10,Home Loan,144235.41
CUST101316,2021-06-26,Unsecured Others,139352.01
CUST101316,2021-12-02,Unsecured Others,29833.13
CUST101317,2022-07-12,Auto Loan,174912.09
CUST101317,2022-06-16,Credit Card,108929.38
CUST101317,2022-06-09,Unsecured Others,172563.81
CUST101317,2021-05-26,Auto Loan,114334.79
CUST101317,2022-12-21,Unsecured Others,164865.29
CUST101317,2022-02-16,Home Loan,35612.67
CUST101318,2021-04-24,Personal Loan,113204.82
CUST101318,2022-05-25,Auto Loan,13456.32
CUST101319,2022-07-21,Unsecured Others,136518.11
CUST101319,2022-03-22,Auto Loan,53814.97
CUST101319,2022-01-15,Unsecured Others,52567.17
CUST101319,2022-05-22,Credit Card,87053.0
CUST101319,2022-02-02,Personal Loan,16193.46
CUST101319,2021-02-11,Home Loan,189651.4
CUST101319,2021-02-18,Personal Loan,170857.51
CUST101320,2022-11-16,Auto Loan,23128.68
CUST101320,2022-03-10,Unsecured Others,107540.9
CUST101320,2021-12-05,Home Loan,106213.01
CUST101320,2022-05-05,Credit Card,42630.99
CUST101320,2021-02-25,Home Loan,68898.08
CUST101321,2022-12-21,Home Loan,193902.96
CUST101321,2022-05-31,Home Loan,43235.24
CUST101321,2022-05-23,Unsecured Others,76565.44
CUST101321,2021-11-07,Unsecured Others,171324.16
CUST101323,2021-05-23,Unsecured Others,19046.26
CUST101323,2022-05-13,Unsecured Others,53479.5
CUST101324,2022-04-22,Unsecured Others,20935.48
CUST101324,2021-05-05,Unsecured Others,170396.29
CUST101325,2021-03-07,Personal Loan,74884.52
CUST101326,2022-09-27,Home Loan,122664.72
CUST101326,2021-01-26,Auto Loan,188280.63
CUST101326,2022-07-06,Unsecured Others,113354.89
CUST101326,2021-04-14,Home Loan,119555.24
CUST101326,2022-01-05,Home Loan,98448.99
CUST101326,2022-03-13,Home Loan,78172.61
CUST101326,2022-10-31,Personal Loan,102452.97
CUST101327,2023-01-01,Home Loan,11143.34
CUST101328,2021-07-25,Home Loan,122542.68
CUST101328,2021-10-05,Auto Loan,165796.23
CUST101328,2021-05-02,Home Loan,191147.07
CUST101328,2021-10-24,Unsecured Others,90752.12
CUST101329,2021-03-26,Personal Loan,134920.24
CUST101329,2021-08-22,Unsecured Others,76533.29
CUST101330,2022-02-23,Unsecured Others,38503.69
CUST101330,2021-10-04,Credit Card,110080.1
CUST101331,2021-12-27,Home Loan,120545.05
CUST101331,2021-01-22,Home Loan,188632.2
CUST101331,2022-01-28,Personal Loan,16698.27
CUST101332,2021-07-22,Credit Card,124952.17
CUST101332,2021-07-16,Auto Loan,123904.41
CUST101333,2022-10-02,Unsecured Others,164405.41
CUST101333,2021-06-06,Credit Card,50652.27
CUST101333,2022-05-17,Personal Loan,85656.35
CUST101333,2022-09-25,Home Loan,105041.95
CUST101333,2022-08-06,Personal Loan,81912.23
CUST101333,2021-07-16,Credit Card,149205.19
CUST101334,2021-11-05,Home Loan,20390.9
CUST101334,2022-05-27,Auto Loan,190049.34
CUST101334,2022-03-08,Personal Loan,43013.29
CUST101335,2022-04-27,Home Loan,10142.39
CUST101335,2022-03-20,Credit Card,110637.98
CUST101335,2022-03-16,Unsecured Others,50294.28
CUST101335,2022-02-27,Home Loan,12935.94
CUST101337,2021-12-12,Credit Card,192974.95
CUST101337,2022-06-13,Home Loan,125764.7
CUST101337,2022-03-29,Unsecured Others,60425.27
CUST101337,2021-09-07,Unsecured Others,114477.14
CUST101337,2022-01-12,Home Loan,162012.65
CUST101337,2021-06-17,Unsecured Others,15174.57
CUST101337,2022-06-11,Credit Card,84218.51
CUST101339,2022-09-10,Credit Card,26157.21
CUST101339,2022-05-06,Auto Loan,198112.83
CUST101339,2022-01-28,Auto Loan,66126.95
CUST101339,2021-12-31,Unsecured Others,158619.25
CUST101339,2022-11-19,Auto Loan,97688.64
CUST101339,2021-06-01,Personal Loan,112703.98
CUST101339,2021-12-22,Personal Loan,121302.54
CUST101340,2022-09-10,Credit Card,97625.19
CUST101340,2021-07-17,Personal Loan,135641.04
CUST101341,2021-04-17,Home Loan,17336.14
CUST101341,2021-02-24,Auto Loan,194570.98
CUST101342,2022-10-20,Personal Loan,179784.34
CUST101342,2021-02-03,Unsecured Others,94693.59
CUST101342,2022-06-23,Unsecured Others,152711.23
CUST101342,2021-01-11,Auto Loan,196465.41
CUST101342,2022-03-26,Credit Card,127752.82
CUST101342,2022-10-05,Personal Loan,151875.4
CUST101345,2021-07-14,Credit Card,167624.45
CUST101345,2021-11-01,Home Loan,147554.44
CUST101346,2021-12-09,Home Loan,38628.36
CUST101346,2023-01-01,Personal Loan,198291.09
CUST101346,2022-09-23,Auto Loan,80433.31
CUST101346,2022-06-16,Home Loan,181526.01
CUST101346,2021-04-08,Unsecured Others,188262.2
CUST101346,2021-03-01,Home Loan,47258.94
CUST101346,2021-07-24,Auto Loan,130516.22
CUST101347,2022-06-15,Auto Loan,134752.87
CUST101347,2022-05-27,Home Loan,57177.91
CUST101347,2021-03-03,Unsecured Others,184249.14
CUST101348,2022-05-28,Home Loan,13642.03
CUST101349,2022-02-15,Home Loan,64558.15
CUST101349,2022-07-02,Home Loan,43425.49
CUST101349,2022-02-17,Credit Card,80848.91
CUST101349,2021-10-17,Unsecured Others,118352.71
CUST101349,2021-12-26,Unsecured Others,49232.92
CUST101349,2022-12-06,Home Loan,149681.23
CUST101349,2021-05-03,Auto Loan,27883.88
CUST101351,2021-07-04,Auto Loan,91361.8
CUST101352,2021-11-05,Personal Loan,99206.2
CUST101352,2021-06-10,Home Loan,62779.28
CUST101352,2022-09-01,Credit Card,89084.19
CUST101352,2021-08-14,Credit Card,129535.49
CUST101352,2022-10-09,Home Loan,86702.41
CUST101352,2021-05-31,Unsecured Others,135588.51
CUST101353,2021-12-29,Unsecured Others,27565.07
CUST101354,2021-07-06,Credit Card,47285.72
CUST101354,2022-09-15,Personal Loan,119780.38
CUST101355,2022-06-19,Auto Loan,196710.74
CUST101355,2021-01-05,Unsecured Others,179964.7
CUST101355,2021-09-30,Unsecured Others,142533.99
CUST101355,2022-09-13,Credit Card,135896.55
CUST101357,2022-01-11,Personal Loan,122348.22
CUST101358,2022-04-01,Credit Card,24636.78
CUST101359,2021-07-19,Personal Loan,134333.28
CUST101359,2021-09-22,Personal Loan,196889.15
CUST101359,2022-06-03,Credit Card,5976.87
CUST101359,2022-12-27,Credit Card,44424.35
CUST101359,2021-03-20,Home Loan,192466.52
CUST101359,2021-01-17,Auto Loan,111026.31
CUST101359,2021-06-03,Personal Loan,151710.65
CUST101360,2021-08-22,Credit Card,184591.34
CUST101360,2022-05-22,Auto Loan,16706.42
CUST101360,2021-09-10,Credit Card,64620.4
CUST101360,2022-03-28,Unsecured Others,137040.11
CUST101360,2022-07-07,Credit Card,30303.22
CUST101360,2022-04-03,Auto Loan,5411.32
CUST101361,2022-02-18,Personal Loan,32992.15
CUST101361,2022-09-19,Home Loan,38264.88
CUST101361,2022-06-10,Unsecured Others,142772.82
CUST101361,2022-06-15,Auto Loan,61571.33
CUST101361,2022-06-28,Unsecured Others,40350.87
CUST101361,2021-11-07,Home Loan,167179.18
CUST101362,2022-11-29,Personal Loan,86485.43
CUST101362,2022-09-16,Unsecured Others,35914.58
CUST101362,2021-04-18,Personal Loan,114818.55
CUST101364,2022-11-27,Auto Loan,55227.72
CUST101364,2022-09-26,Credit Card,160657.72
CUST101364,2022-03-04,Unsecured Others,107531.39
CUST101364,2022-03-12,Auto Loan,35161.39
CUST101364,2021-12-30,Home Loan,104104.87
CUST101364,2022-08-28,Auto Loan,26619.05
CUST101364,2022-10-08,Auto Loan,199405.86
CUST101365,2021-09-01,Home Loan,119696.98
CUST101365,2022-10-11,Personal Loan,195880.26
CUST101365,2022-01-21,Auto Loan,57188.77
CUST101365,2021-06-05,Personal Loan,129994.62
CUST101366,2022-11-11,Personal Loan,113410.71
CUST101366,2021-05-09,Personal Loan,38640.24
CUST101366,2021-01-31,Credit Card,186097.87
CUST101367,2022-01-26,Personal Loan,167431.78
CUST101367,2022-05-19,Home Loan,6308.11
CUST101367,2022-02-25,Personal Loan,124944.91
CUST101367,2022-01-23,Personal Loan,42493.49
CUST101367,2022-12-15,Home Loan,77799.19
CUST101368,2021-01-22,Home Loan,143058.58
CUST101368,2021-09-13,Unsecured Others,46372.91
CUST101368,2021-01-18,Unsecured Others,185707.14
CUST101368,2022-10-31,Credit Card,98202.2
CUST101369,2021-07-12,Auto Loan,75311.4
CUST101369,2022-11-20,Personal Loan,134868.12
CUST101369,2022-12-23,Personal Loan,114842.76
CUST101369,2022-11-01,Home Loan,196898.24
CUST101369,2022-04-04,Unsecured Others,75960.13
CUST101369,2021-11-21,Unsecured Others,70939.6
CUST101369,2021-12-04,Auto Loan,134589.25
CUST101370,2021-11-23,Auto Loan,184615.57
CUST101371,2022-10-12,Auto Loan,70653.05
CUST101371,2021-09-27,Unsecured Others,198562.89
CUST101371,2022-05-07,Personal Loan,175871.59
CUST101371,2022-08-04,Credit Card,9990.53
CUST101371,2022-07-08,Personal Loan,65174.46
CUST101372,2021-11-18,Personal Loan,75404.44
CUST101372,2021-11-11,Unsecured Others,88312.13
CUST101372,2021-10-29,Credit Card,77303.47
CUST101372,2021-03-12,Auto Loan,23872.53
CUST101372,2021-11-22,Home Loan,9043.49
CUST101372,2022-05-07,Personal Loan,22485.46
CUST101372,2021-07-11,Home Loan,170969.04
CUST101373,2022-05-13,Credit Card,13585.29
CUST101373,2021-08-05,Auto Loan,40933.97
CUST101373,2021-08-04,Personal Loan,131328.45
CUST101373,2021-12-27,Auto Loan,194389.71
CUST101374,2021-04-08,Unsecured Others,196380.39
CUST101374,2021-11-06,Personal Loan,85576.96
CUST101374,2022-01-14,Unsecured Others,197958.8
CUST101374,2022-04-11,Home Loan,184887.51
CUST101374,2021-07-20,Home Loan,47793.41
CUST101376,2022-09-23,Credit Card,177476.6
CUST101376,2022-08-16,Credit Card,9293.18
CUST101376,2021-09-22,Personal Loan,5855.63
CUST101376,2022-05-05,Unsecured Others,169730.31
CUST101378,2022-04-29,Personal Loan,25076.39
CUST101378,2022-03-16,Home Loan,122178.28
CUST101379,2021-06-23,Credit Card,106869.64
CUST101379,2021-01-31,Auto Loan,53127.2
CUST101379,2021-04-30,Personal Loan,64418.06
CUST101379,2021-05-08,Personal Loan,47778.19
CUST101379,2021-07-05,Credit Card,9300.91
CUST101379,2021-10-04,Unsecured Others,100525.75
CUST101379,2022-09-06,Auto Loan,22858.28
CUST101380,2021-10-22,Credit Card,176043.02
CUST101381,2022-02-24,Unsecured Others,147079.47
CUST101382,2021-07-02,Unsecured Others,170218.03
CUST101382,2022-07-29,Home Loan,10719.19
CUST101382,2021-09-28,Auto Loan,107854.39
CUST101382,2021-08-04,Credit Card,109183.24
CUST101382,2021-01-13,Home Loan,181367.53
CUST101382,2022-02-25,Credit Card,15101.84
CUST101383,2022-12-21,Personal Loan,11186.39
CUST101383,2022-02-24,Auto Loan,42042.89
CUST101384,2022-07-24,Personal Loan,92209.34
CUST101384,2021-02-05,Unsecured Others,89460.69
CUST101384,2022-07-31,Credit Card,173814.0
CUST101384,2022-12-26,Credit Card,15664.27
CUST101384,2021-10-07,Personal Loan,84082.91
CUST101384,2021-04-24,Credit Card,182257.78
CUST101384,2022-11-22,Home Loan,37559.8
CUST101386,2021-09-09,Personal Loan,52092.22
CUST101386,2021-07-05,Unsecured Others,87497.75
CUST101387,2022-09-08,Home Loan,9710.75
CUST101387,2021-06-03,Auto Loan,44999.87
CUST101387,2021-08-09,Auto Loan,70429.64
CUST101387,2022-07-27,Personal Loan,164916.84
CUST101387,2021-12-15,Auto Loan,106688.35
CUST101390,2021-08-22,Home Loan,23824.62
CUST101390,2021-11-11,Home Loan,155429.84
CUST101390,2021-01-25,Auto Loan,84934.41
CUST101390,2022-10-02,Auto Loan,34801.31
CUST101390,2021-11-13,Personal Loan,183960.21
CUST101392,2021-02-18,Personal Loan,35340.91
CUST101392,2021-02-06,Personal Loan,181121.33
CUST101393,2021-10-17,Home Loan,176041.29
CUST101393,2021-04-18,Personal Loan,153650.12
CUST101393,2022-01-28,Credit Card,83762.82
CUST101393,2021-11-10,Unsecured Others,199092.07
CUST101394,2021-12-10,Personal Loan,95457.55
CUST101395,2022-07-12,Unsecured Others,172374.04
CUST101395,2021-06-01,Unsecured Others,8616.39
CUST101395,2022-10-26,Unsecured Others,182120.78
CUST101395,2022-03-09,Auto Loan,147171.36
CUST101395,2022-10-31,Home Loan,172164.26
CUST101395,2022-11-26,Auto Loan,43598.48
CUST101395,2021-11-02,Home Loan,57313.03
CUST101396,2021-07-22,Personal Loan,48433.07
CUST101396,2021-04-22,Personal Loan,130758.58
CUST101396,2022-05-24,Auto Loan,140065.25
CUST101396,2022-09-23,Auto Loan,25722.09
CUST101397,2022-04-30,Home Loan,136860.15
CUST101397,2021-03-31,Auto Loan,168400.43
CUST101397,2021-05-19,Personal Loan,145874.73
CUST101398,2022-11-06,Unsecured Others,139987.71
CUST101398,2021-04-29,Auto Loan,123046.28
CUST101398,2021-05-28,Unsecured Others,187933.99
CUST101398,2021-01-12,Credit Card,14606.82
CUST101398,2021-06-02,Credit Card,28537.5
CUST101398,2021-07-27,Unsecured Others,92607.57
CUST101398,2021-11-26,Unsecured Others,47704.17
CUST101399,2022-05-12,Personal Loan,58022.91
CUST101399,2021-09-28,Home Loan,168037.49
CUST101399,2022-12-05,Personal Loan,118696.26
CUST101399,2021-12-10,Home Loan,148741.96
CUST101400,2022-07-25,Auto Loan,34686.9
CUST101400,2022-08-11,Unsecured Others,126931.67
CUST101403,2022-08-30,Unsecured Others,82416.11
CUST101403,2021-01-24,Unsecured Others,121409.63
CUST101403,2022-04-09,Unsecured Others,169147.1
CUST101404,2022-08-09,Home Loan,71400.09
CUST101404,2021-03-02,Credit Card,156494.79
CUST101404,2022-04-10,Credit Card,193226.82
CUST101404,2022-08-15,Credit Card,174908.91
CUST101404,2022-05-12,Auto Loan,139668.68
CUST101405,2021-08-19,Personal Loan,80286.58
CUST101405,2022-06-20,Home Loan,159679.03
CUST101405,2021-09-30,Unsecured Others,149801.96
CUST101405,2022-09-28,Unsecured Others,33873.6
CUST101406,2022-01-01,Personal Loan,7001.93
CUST101406,2022-08-25,Credit Card,48996.83
CUST101406,2022-03-01,Auto Loan,45341.16
CUST101406,2022-11-18,Unsecured Others,179439.08
CUST101407,2022-11-02,Auto Loan,181860.93
CUST101408,2022-02-17,Auto Loan,25233.51
CUST101409,2022-01-23,Credit Card,160652.16
CUST101409,2022-05-23,Credit Card,5237.52
CUST101409,2022-10-10,Credit Card,41249.93
CUST101409,2021-03-06,Auto Loan,107367.13
CUST101410,2021-09-22,Home Loan,63751.25
CUST101410,2022-01-27,Unsecured Others,81542.76
CUST101410,2021-12-13,Home Loan,164019.41
CUST101410,2021-10-17,Credit Card,117887.9
CUST101410,2022-05-22,Credit Card,29695.11
CUST101410,2021-03-23,Credit Card,101142.39
CUST101412,2021-07-09,Personal Loan,53374.6
CUST101412,2021-07-16,Credit Card,82963.98
CUST101412,2021-09-08,Auto Loan,144788.37
CUST101412,2021-08-05,Unsecured Others,76941.15
CUST101412,2021-08-25,Personal Loan,193952.4
CUST101412,2021-07-25,Credit Card,59204.05
CUST101413,2021-01-18,Credit Card,37183.67
CUST101413,2021-02-04,Personal Loan,143355.44
CUST101413,2021-03-27,Credit Card,79691.62
CUST101413,2021-09-22,Unsecured Others,80847.44
CUST101413,2022-09-20,Auto Loan,50815.14
CUST101413,2021-09-02,Auto Loan,149011.71
CUST101413,2021-01-08,Credit Card,180787.62
CUST101414,2022-06-05,Unsecured Others,196916.41
CUST101414,2021-02-10,Unsecured Others,156128.46
CUST101414,2021-07-30,Home Loan,11716.52
CUST101414,2022-03-08,Credit Card,89968.25
CUST101414,2021-06-04,Auto Loan,63193.16
CUST101415,2021-11-25,Auto Loan,151677.81
CUST101415,2022-07-13,Home Loan,174304.3
CUST101415,2022-11-24,Personal Loan,94528.42
CUST101415,2022-06-27,Auto Loan,159735.32
CUST101416,2022-07-06,Credit Card,83536.55
CUST101417,2022-12-12,Home Loan,140242.92
CUST101417,2022-10-02,Auto Loan,197493.14
CUST101417,2021-08-05,Home Loan,97630.02
CUST101418,2022-02-24,Auto Loan,174221.87
CUST101418,2022-05-08,Home Loan,16358.49
CUST101418,2021-08-08,Home Loan,171797.18
CUST101418,2021-01-12,Unsecured Others,187856.73
CUST101418,2021-08-23,Personal Loan,191987.53
CUST101418,2021-03-02,Auto Loan,112740.19
CUST101418,2022-07-07,Personal Loan,127317.8
CUST101420,2022-10-04,Personal Loan,92306.22
CUST101420,2021-11-14,Unsecured Others,154035.48
CUST101420,2022-10-05,Unsecured Others,54499.47
CUST101421,2022-11-17,Auto Loan,6662.78
CUST101422,2021-12-16,Unsecured Others,17489.29
CUST101422,2021-09-30,Home Loan,123985.87
CUST101423,2022-07-03,Credit Card,174667.53
CUST101423,2021-06-25,Personal Loan,146938.61
CUST101423,2021-01-04,Personal Loan,109831.32
CUST101423,2022-11-08,Unsecured Others,160704.88
CUST101423,2021-09-17,Home Loan,55932.12
CUST101423,2022-12-22,Unsecured Others,99233.82
CUST101426,2021-04-14,Personal Loan,64734.11
CUST101426,2021-02-22,Auto Loan,191104.21
CUST101426,2021-06-06,Unsecured Others,95126.79
CUST101426,2022-09-11,Unsecured Others,193606.83
CUST101426,2021-11-27,Unsecured Others,167443.44
CUST101426,2021-01-06,Credit Card,148852.49
CUST101428,2022-12-17,Personal Loan,132909.24
CUST101428,2022-10-13,Auto Loan,12003.88
CUST101429,2021-12-26,Home Loan,173080.79
CUST101429,2021-08-03,Home Loan,185267.09
CUST101429,2022-09-08,Personal Loan,39481.71
CUST101429,2021-11-02,Home Loan,184751.86
CUST101429,2021-04-26,Home Loan,166393.11
CUST101429,2022-04-02,Unsecured Others,183195.42
CUST101430,2022-01-22,Credit Card,129037.7
CUST101432,2021-10-13,Unsecured Others,169227.08
CUST101434,2022-06-29,Personal Loan,122461.46
CUST101434,2021-08-02,Auto Loan,30464.37
CUST101434,2021-09-16,Unsecured Others,14611.95
CUST101434,2021-04-12,Home Loan,70611.29
CUST101434,2021-03-18,Credit Card,180025.54
CUST101434,2022-02-05,Credit Card,20643.31
CUST101436,2022-03-27,Auto Loan,143051.21
CUST101436,2021-08-12,Unsecured Others,14507.99
CUST101436,2022-03-16,Auto Loan,109636.71
CUST101436,2021-01-07,Home Loan,20408.76
CUST101437,2022-11-14,Personal Loan,34008.3
CUST101437,2021-02-25,Credit Card,18290.46
CUST101437,2021-12-09,Home Loan,60265.03
CUST101437,2021-02-28,Home Loan,28780.62
CUST101437,2022-02-23,Personal Loan,185716.07
CUST101438,2022-09-21,Home Loan,75685.95
CUST101438,2021-05-27,Personal Loan,52829.06
CUST101438,2022-08-09,Unsecured Others,15860.32
CUST101438,2021-03-15,Home Loan,108464.66
CUST101438,2022-08-08,Home Loan,53479.48
CUST101438,2021-04-25,Unsecured Others,123581.43
CUST101438,2022-01-26,Home Loan,162719.8
CUST101439,2022-02-05,Unsecured Others,60632.09
CUST101439,2022-08-09,Credit Card,73077.77
CUST101440,2022-03-27,Unsecured Others,46319.72
CUST101441,2022-04-26,Personal Loan,5988.27
CUST101441,2022-10-29,Personal Loan,26810.31
CUST101441,2022-02-08,Credit Card,179435.43
CUST101441,2021-08-27,Unsecured Others,125068.59
CUST101442,2022-07-10,Unsecured Others,28734.25
CUST101442,2022-01-12,Personal Loan,195193.76
CUST101442,2021-05-18,Auto Loan,79211.43
CUST101442,2022-03-28,Unsecured Others,190603.03
CUST101443,2022-03-17,Credit Card,125329.08
CUST101443,2021-05-10,Auto Loan,151673.93
CUST101443,2021-01-17,Personal Loan,64517.05
CUST101444,2021-02-05,Home Loan,42204.32
CUST101444,2021-03-23,Auto Loan,40224.3
CUST101445,2021-04-25,Personal Loan,156598.32
CUST101445,2021-06-20,Personal Loan,5275.32
CUST101445,2021-10-24,Auto Loan,192791.56
CUST101445,2021-06-06,Unsecured Others,160762.82
CUST101446,2022-08-20,Credit Card,192211.13
CUST101447,2021-04-21,Home Loan,100691.84
CUST101447,2021-04-12,Credit Card,135413.25
CUST101447,2021-05-10,Auto Loan,126311.21
CUST101448,2022-03-22,Unsecured Others,28297.04
CUST101448,2021-02-23,Credit Card,158519.55
CUST101448,2022-11-04,Unsecured Others,23654.2
CUST101449,2021-07-19,Home Loan,174648.63
CUST101450,2022-10-15,Home Loan,43237.44
CUST101450,2021-10-13,Personal Loan,179039.62
CUST101450,2022-07-06,Home Loan,193013.53
CUST101450,2022-05-27,Personal Loan,110996.89
CUST101450,2021-11-02,Unsecured Others,138240.61
CUST101451,2022-10-31,Unsecured Others,29604.82
CUST101451,2021-10-17,Credit Card,151455.74
CUST101451,2021-06-20,Personal Loan,134175.45
CUST101452,2022-02-11,Auto Loan,131394.7
CUST101452,2022-08-21,Personal Loan,153881.39
CUST101452,2021-08-30,Credit Card,101828.38
CUST101452,2022-11-07,Auto Loan,104176.11
CUST101452,2022-06-27,Unsecured Others,168023.13
CUST101453,2021-12-15,Unsecured Others,58852.97
CUST101453,2021-01-22,Unsecured Others,117148.43
CUST101453,2022-08-14,Personal Loan,24150.15
CUST101453,2021-01-31,Personal Loan,70081.0
CUST101454,2022-06-11,Home Loan,83512.36
CUST101454,2022-12-09,Auto Loan,137187.54
CUST101454,2022-10-07,Home Loan,100772.31
CUST101456,2021-03-14,Unsecured Others,175428.38
CUST101456,2021-10-09,Unsecured Others,166903.14
CUST101456,2022-09-29,Home Loan,152811.58
CUST101456,2022-12-05,Auto Loan,180912.62
CUST101458,2021-05-15,Home Loan,163228.66
CUST101458,2021-01-10,Auto Loan,40985.64
CUST101459,2022-01-12,Personal Loan,19191.14
CUST101460,2022-04-21,Auto Loan,125027.73
CUST101460,2022-03-30,Unsecured Others,93445.14
CUST101460,2021-09-26,Auto Loan,34376.1
CUST101461,2022-06-21,Home Loan,60185.03
CUST101461,2022-12-12,Home Loan,42714.51
CUST101461,2021-03-10,Personal Loan,28329.38
CUST101461,2022-11-29,Unsecured Others,134845.58
CUST101461,2021-08-25,Auto Loan,44901.42
CUST101462,2022-06-17,Unsecured Others,59211.27
CUST101462,2022-03-18,Home Loan,63092.6
CUST101463,2021-09-19,Home Loan,42843.82
CUST101463,2021-05-17,Credit Card,96519.23
CUST101463,2021-09-22,Unsecured Others,187077.68
CUST101463,2021-11-28,Personal Loan,11294.12
CUST101464,2021-01-18,Personal Loan,122508.25
CUST101464,2022-01-30,Unsecured Others,120644.28
CUST101464,2021-01-25,Home Loan,35732.56
CUST101464,2022-04-17,Unsecured Others,72341.7
CUST101464,2022-05-16,Credit Card,61136.27
CUST101465,2022-08-26,Unsecured Others,7990.92
CUST101465,2022-11-06,Credit Card,162055.47
CUST101465,2022-01-16,Personal Loan,65191.13
CUST101465,2021-03-28,Auto Loan,38946.29
CUST101466,2021-06-18,Credit Card,115030.86
CUST101466,2022-07-11,Auto Loan,145745.01
CUST101467,2022-10-25,Personal Loan,58743.55
CUST101467,2021-08-25,Personal Loan,22325.22
CUST101467,2021-02-01,Personal Loan,28777.72
CUST101467,2022-05-26,Unsecured Others,171554.99
CUST101467,2022-02-06,Home Loan,175898.75
CUST101468,2022-08-29,Auto Loan,169324.96
CUST101468,2021-10-14,Home Loan,161708.56
CUST101468,2022-08-09,Unsecured Others,72068.25
CUST101468,2022-02-11,Auto Loan,188986.22
CUST101469,2022-11-18,Home Loan,138580.22
CUST101469,2021-03-22,Credit Card,91235.51
CUST101469,2022-09-12,Unsecured Others,10254.81
CUST101469,2021-03-30,Unsecured Others,35378.19
CUST101470,2022-04-30,Home Loan,187564.52
CUST101471,2021-11-26,Credit Card,182717.62
CUST101471,2022-02-14,Unsecured Others,24168.0
CUST101471,2021-02-27,Personal Loan,83544.03
CUST101471,2021-10-18,Unsecured Others,37002.63
CUST101473,2022-04-07,Unsecured Others,105330.03
CUST101473,2021-11-29,Auto Loan,101402.58
CUST101474,2022-11-02,Home Loan,53787.9
CUST101474,2021-04-23,Personal Loan,93098.44
CUST101474,2021-11-28,Home Loan,147212.14
CUST101474,2021-06-25,Personal Loan,53436.49
CUST101475,2022-07-13,Personal Loan,79726.0
CUST101477,2022-08-17,Auto Loan,184629.14
CUST101477,2021-02-07,Personal Loan,167910.23
CUST101477,2021-03-07,Home Loan,27026.68
CUST101477,2021-08-03,Auto Loan,105491.07
CUST101477,2022-08-17,Home Loan,113435.22
CUST101478,2022-05-11,Unsecured Others,12431.18
CUST101478,2021-01-21,Auto Loan,19124.59
CUST101478,2022-08-17,Personal Loan,199738.96
CUST101478,2021-05-08,Personal Loan,130817.48
CUST101478,2022-12-29,Home Loan,125065.75
CUST101478,2021-08-19,Unsecured Others,49319.52
CUST101479,2022-04-09,Unsecured Others,21144.59
CUST101479,2022-01-14,Unsecured Others,86784.16
CUST101479,2022-04-05,Home Loan,52925.18
CUST101479,2022-05-18,Auto Loan,121803.32
CUST101479,2021-08-27,Home Loan,167671.54
CUST101480,2022-05-31,Personal Loan,17383.02
CUST101480,2022-06-08,Personal Loan,198362.62
CUST101481,2021-06-13,Credit Card,90295.61
CUST101481,2022-07-02,Credit Card,63136.61
CUST101481,2022-01-23,Home Loan,176306.05
CUST101481,2022-12-19,Home Loan,145501.4
CUST101481,2022-10-15,Auto Loan,156141.09
CUST101481,2022-08-06,Credit Card,103172.4
CUST101481,2021-05-13,Personal Loan,22175.14
CUST101482,2021-09-28,Personal Loan,188231.32
CUST101482,2021-11-11,Credit Card,18923.31
CUST101482,2022-08-04,Credit Card,148559.43
CUST101482,2022-10-16,Unsecured Others,155708.67
CUST101482,2022-11-20,Credit Card,48857.73
CUST101482,2021-12-21,Home Loan,17308.4
CUST101482,2022-03-11,Credit Card,149217.87
CUST101483,2021-10-27,Auto Loan,157195.91
CUST101483,2022-09-21,Personal Loan,83735.49
CUST101484,2021-09-03,Personal Loan,179324.17
CUST101484,2021-05-09,Auto Loan,16844.77
CUST101484,2021-04-16,Home Loan,43570.91
CUST101485,2021-11-14,Auto Loan,134143.23
CUST101485,2021-03-08,Auto Loan,133280.72
CUST101485,2021-06-02,Credit Card,146658.8
CUST101485,2022-03-21,Unsecured Others,174224.68
CUST101485,2021-03-17,Unsecured Others,53892.39
CUST101485,2021-02-02,Auto Loan,176152.5
CUST101486,2022-05-22,Credit Card,71985.94
CUST101486,2021-03-22,Personal Loan,127923.5
CUST101486,2022-06-20,Personal Loan,81452.47
CUST101486,2021-06-17,Auto Loan,127822.86
CUST101487,2021-06-06,Credit Card,156017.85
CUST101487,2022-11-27,Personal Loan,121000.33
CUST101487,2021-06-19,Home Loan,34144.14
CUST101487,2022-05-24,Personal Loan,49706.38
CUST101487,2022-06-24,Home Loan,169489.72
CUST101488,2022-06-11,Personal Loan,8611.21
CUST101488,2021-07-01,Personal Loan,54916.39
CUST101488,2022-07-06,Credit Card,145977.11
CUST101488,2022-04-16,Unsecured Others,119010.82
CUST101488,2021-05-18,Personal Loan,194624.83
CUST101488,2021-04-13,Home Loan,172757.98
CUST101490,2022-01-21,Home Loan,141489.16
CUST101490,2021-04-24,Auto Loan,176717.54
CUST101491,2022-11-20,Personal Loan,188412.56
CUST101491,2022-10-25,Unsecured Others,65895.02
CUST101492,2021-01-27,Auto Loan,29070.29
CUST101493,2022-03-25,Auto Loan,62936.42
CUST101493,2021-04-13,Home Loan,147930.33
CUST101493,2022-06-04,Credit Card,98233.48
CUST101495,2021-01-29,Credit Card,176078.34
CUST101495,2021-01-15,Home Loan,73020.63
CUST101495,2022-08-31,Unsecured Others,129500.12
CUST101495,2021-11-09,Home Loan,85630.77
CUST101496,2022-04-11,Credit Card,7544.71
CUST101496,2021-10-11,Unsecured Others,7441.93
CUST101496,2022-11-21,Auto Loan,174983.98
CUST101496,2022-10-22,Home Loan,181892.35
CUST101496,2022-10-05,Home Loan,48004.98
CUST101497,2021-06-10,Unsecured Others,46137.52
CUST101497,2022-12-17,Home Loan,118922.57
CUST101499,2021-03-25,Credit Card,134890.38
CUST101499,2021-03-16,Unsecured Others,23269.21
CUST101499,2022-07-09,Unsecured Others,89070.57
CUST101499,2021-07-18,Auto Loan,12808.71
CUST101502,2021-06-01,Personal Loan,85747.56
CUST101502,2021-04-14,Credit Card,116974.51
CUST101502,2021-08-30,Credit Card,84430.97
CUST101502,2021-06-04,Credit Card,198651.91
CUST101503,2022-08-17,Home Loan,13766.8
CUST101504,2022-11-19,Personal Loan,19871.35
CUST101504,2022-07-24,Auto Loan,182014.59
CUST101504,2021-05-10,Unsecured Others,27276.83
CUST101504,2021-09-09,Home Loan,148215.4
CUST101504,2022-10-15,Auto Loan,102927.34
CUST101504,2022-11-10,Personal Loan,80819.64
CUST101505,2022-02-10,Auto Loan,182007.56
CUST101505,2021-11-11,Personal Loan,19065.23
CUST101505,2021-04-12,Personal Loan,127973.17
CUST101506,2021-06-16,Personal Loan,58935.13
CUST101506,2021-02-21,Personal Loan,176640.94
CUST101506,2022-09-11,Unsecured Others,51837.99
CUST101506,2022-02-24,Auto Loan,89635.66
CUST101506,2021-01-16,Personal Loan,24448.42
CUST101507,2021-03-06,Unsecured Others,127054.18
CUST101508,2022-01-19,Auto Loan,198484.31
CUST101508,2021-02-18,Credit Card,132256.81
CUST101509,2021-03-31,Home Loan,182541.41
CUST101509,2021-01-07,Auto Loan,101008.83
CUST101509,2021-04-25,Personal Loan,81697.1
CUST101510,2022-06-12,Credit Card,155557.74
CUST101510,2022-09-02,Personal Loan,18880.55
CUST101510,2021-11-03,Home Loan,62108.91
CUST101510,2021-07-19,Unsecured Others,6324.62
CUST101510,2022-04-30,Personal Loan,169146.23
CUST101510,2022-06-03,Unsecured Others,37319.93
CUST101510,2021-06-10,Auto Loan,126034.01
CUST101511,2021-08-20,Unsecured Others,107486.92
CUST101511,2022-03-17,Home Loan,171043.25
CUST101511,2022-05-29,Personal Loan,26764.14
CUST101511,2021-12-19,Personal Loan,23583.95
CUST101512,2021-07-21,Credit Card,44160.16
CUST101512,2021-09-07,Auto Loan,97251.39
CUST101512,2022-11-05,Personal Loan,141447.25
CUST101512,2021-06-05,Personal Loan,58576.6
CUST101512,2021-04-04,Auto Loan,66367.15
CUST101513,2022-12-02,Auto Loan,25973.03
CUST101513,2021-09-18,Personal Loan,115856.17
CUST101514,2021-09-18,Home Loan,147485.32
CUST101515,2021-04-16,Unsecured Others,123990.54
CUST101515,2021-11-13,Unsecured Others,89805.4
CUST101515,2021-06-23,Unsecured Others,175843.87
CUST101515,2022-10-07,Unsecured Others,139990.02
CUST101515,2022-07-03,Home Loan,196777.43
CUST101515,2022-06-09,Unsecured Others,59691.28
CUST101515,2022-03-25,Home Loan,151530.05
CUST101516,2021-02-11,Auto Loan,119278.0
CUST101516,2022-05-16,Credit Card,104572.84
CUST101516,2021-12-27,Unsecured Others,65928.76
CUST101518,2021-10-28,Home Loan,158967.23
CUST101518,2022-03-09,Home Loan,104492.96
CUST101518,2022-05-04,Unsecured Others,178968.2
CUST101518,2022-03-20,Auto Loan,6250.53
CUST101518,2022-11-28,Home Loan,41079.38
CUST101518,2021-05-26,Home Loan,82743.27
CUST101518,2021-03-19,Auto Loan,25783.26
CUST101519,2022-06-19,Unsecured Others,134353.12
CUST101519,2022-01-12,Home Loan,65387.54
CUST101519,2021-03-05,Unsecured Others,94262.31
CUST101519,2022-11-03,Credit Card,161237.33
CUST101519,2022-07-05,Home Loan,112975.46
CUST101519,2021-03-26,Unsecured Others,147428.2
CUST101521,2021-08-08,Home Loan,29662.39
CUST101521,2022-08-05,Auto Loan,91743.16
CUST101521,2022-06-28,Personal Loan,126798.93
CUST101521,2022-05-26,Home Loan,164133.08
CUST101521,2021-12-15,Auto Loan,164888.34
CUST101522,2022-02-06,Unsecured Others,194595.83
CUST101522,2022-06-01,Credit Card,22365.48
CUST101522,2022-03-28,Unsecured Others,151957.02
CUST101522,2022-04-30,Home Loan,166162.21
CUST101522,2022-04-11,Auto Loan,150370.83
CUST101523,2022-08-10,Credit Card,32511.7
CUST101524,2021-03-16,Auto Loan,15657.46
CUST101524,2021-11-25,Unsecured Others,46147.5
CUST101524,2022-05-26,Credit Card,161382.96
CUST101524,2021-08-29,Credit Card,196676.74
CUST101525,2021-10-22,Auto Loan,128741.12
CUST101525,2021-07-09,Auto Loan,37865.16
CUST101525,2021-09-08,Auto Loan,151360.11
CUST101525,2021-06-24,Auto Loan,183895.33
CUST101526,2022-01-21,Personal Loan,77965.96
CUST101526,2022-11-27,Credit Card,60456.99
CUST101527,2022-05-05,Credit Card,156645.2
CUST101527,2022-01-29,Home Loan,49536.92
CUST101527,2021-06-04,Credit Card,65097.99
CUST101528,2021-04-12,Personal Loan,37999.76
CUST101528,2022-06-12,Home Loan,89880.09
CUST101528,2022-01-21,Unsecured Others,155941.94
CUST101529,2021-05-20,Home Loan,153140.2
CUST101529,2022-07-14,Auto Loan,125016.67
CUST101529,2021-12-17,Personal Loan,61084.69
CUST101529,2021-05-22,Home Loan,18528.78
CUST101529,2021-07-31,Unsecured Others,31447.18
CUST101529,2022-08-24,Unsecured Others,70916.18
CUST101531,2021-10-01,Unsecured Others,101253.74
CUST101531,2021-10-04,Credit Card,136954.34
CUST101531,2021-10-19,Home Loan,111676.61
CUST101531,2021-01-11,Home Loan,184061.91
CUST101531,2022-08-31,Credit Card,113894.91
CUST101531,2021-06-11,Auto Loan,198006.99
CUST101532,2021-10-15,Unsecured Others,178547.77
CUST101532,2022-03-01,Credit Card,33651.34
CUST101533,2021-07-26,Auto Loan,101597.23
CUST101533,2021-10-02,Auto Loan,155724.3
CUST101534,2021-06-01,Credit Card,143963.49
CUST101534,2022-04-28,Home Loan,45586.56
CUST101534,2022-06-05,Personal Loan,113461.03
CUST101534,2022-09-15,Personal Loan,36585.82
CUST101534,2021-03-25,Home Loan,196805.98
CUST101534,2021-09-10,Unsecured Others,128998.71
CUST101534,2022-04-25,Home Loan,106783.31
CUST101535,2021-11-02,Auto Loan,28370.05
CUST101535,2021-06-20,Credit Card,85941.8
CUST101535,2022-11-21,Unsecured Others,53009.47
CUST101535,2022-07-17,Personal Loan,63425.76
CUST101535,2022-09-05,Auto Loan,171499.76
CUST101536,2021-02-02,Auto Loan,5693.33
CUST101536,2022-06-29,Credit Card,179765.82
CUST101537,2022-07-31,Personal Loan,132132.97
CUST101537,2022-08-26,Auto Loan,136863.61
CUST101538,2021-09-24,Credit Card,114346.95
CUST101539,2021-02-20,Credit Card,76301.55
CUST101539,2021-12-21,Personal Loan,102997.35
CUST101539,2022-04-01,Credit Card,114665.42
CUST101539,2021-09-16,Credit Card,5892.55
CUST101539,2022-09-30,Auto Loan,11571.64
CUST101539,2021-12-20,Home Loan,8500.8
CUST101539,2021-07-28,Personal Loan,12656.47
CUST101540,2022-01-15,Home Loan,32939.79
CUST101540,2021-08-25,Unsecured Others,34297.09
CUST101541,2022-03-29,Credit Card,55336.93
CUST101541,2022-06-02,Unsecured Others,87344.1
CUST101541,2021-03-03,Credit Card,94422.76
CUST101541,2022-10-14,Unsecured Others,100185.41
CUST101541,2021-06-22,Personal Loan,37152.21
CUST101541,2021-03-29,Credit Card,111408.17
CUST101542,2022-05-22,Auto Loan,153767.51
CUST101542,2021-08-31,Auto Loan,193920.41
CUST101543,2021-03-20,Unsecured Others,98431.78
CUST101543,2021-09-26,Auto Loan,96285.3
CUST101543,2021-11-27,Auto Loan,59318.58
CUST101544,2021-12-04,Personal Loan,23597.0
CUST101546,2021-09-19,Personal Loan,62453.7
CUST101546,2022-07-19,Personal Loan,82474.33
CUST101546,2022-09-09,Credit Card,148348.28
CUST101546,2022-06-18,Home Loan,61063.91
CUST101546,2022-03-17,Unsecured Others,111827.19
CUST101547,2021-11-07,Personal Loan,35830.01
CUST101547,2022-10-24,Unsecured Others,107952.42
CUST101547,2021-02-13,Auto Loan,40566.76
CUST101547,2022-01-19,Personal Loan,127278.54
CUST101550,2022-11-20,Personal Loan,52282.48
CUST101550,2022-06-06,Home Loan,153757.04
CUST101550,2022-11-24,Personal Loan,159358.04
CUST101550,2022-07-22,Home Loan,37170.05
CUST101550,2021-06-09,Credit Card,132729.74
CUST101550,2022-09-30,Personal Loan,69094.33
CUST101550,2022-08-16,Credit Card,112275.56
CUST101551,2021-06-26,Personal Loan,167827.15
CUST101551,2022-05-09,Home Loan,141517.08
CUST101552,2021-08-19,Home Loan,9196.78
CUST101552,2021-02-07,Unsecured Others,78887.72
CUST101553,2022-09-20,Home Loan,110254.49
CUST101553,2021-12-24,Auto Loan,177715.64
CUST101554,2022-05-21,Auto Loan,100950.2
CUST101554,2021-07-24,Credit Card,122248.01
CUST101555,2022-10-19,Home Loan,9203.0
CUST101555,2021-11-07,Home Loan,106819.39
CUST101555,2022-10-21,Auto Loan,25092.11
CUST101556,2022-03-01,Personal Loan,21638.76
CUST101556,2021-11-13,Auto Loan,137652.09
CUST101556,2021-11-08,Auto Loan,106737.85
CUST101557,2022-11-19,Unsecured Others,82307.01
CUST101557,2022-03-21,Auto Loan,66443.4
CUST101558,2021-07-13,Personal Loan,67047.59
CUST101558,2021-06-17,Credit Card,53786.72
CUST101559,2022-03-08,Home Loan,62776.48
CUST101559,2022-09-26,Unsecured Others,10948.7
CUST101559,2022-07-28,Home Loan,66400.6
CUST101559,2022-12-09,Auto Loan,125596.02
CUST101559,2021-05-13,Unsecured Others,38224.16
CUST101559,2021-08-19,Unsecured Others,122208.05
CUST101560,2022-09-29,Auto Loan,109088.46
CUST101560,2021-06-04,Home Loan,65278.62
CUST101560,2022-12-23,Credit Card,158551.13
CUST101560,2022-03-31,Personal Loan,19991.57
CUST101560,2022-06-19,Unsecured Others,63974.85
CUST101560,2022-08-02,Personal Loan,187135.22
CUST101560,2022-05-01,Credit Card,65693.79
CUST101561,2021-10-30,Home Loan,73375.59
CUST101562,2022-04-21,Home Loan,197356.08
CUST101562,2021-06-01,Personal Loan,86667.3
CUST101562,2022-04-07,Unsecured Others,115811.6
CUST101563,2022-05-20,Credit Card,166777.05
CUST101563,2022-02-20,Home Loan,69966.86
CUST101563,2021-03-08,Personal Loan,183711.01
CUST101563,2021-12-14,Auto Loan,141443.59
CUST101563,2021-04-17,Unsecured Others,6772.54
CUST101564,2022-06-09,Home Loan,181313.96
CUST101564,2022-12-26,Unsecured Others,29857.23
CUST101564,2022-11-13,Personal Loan,186087.04
CUST101564,2022-03-17,Credit Card,107139.32
CUST101565,2021-09-10,Credit Card,101937.62
CUST101565,2021-05-11,Credit Card,124593.35
CUST101566,2021-10-05,Credit Card,166706.64
CUST101566,2022-11-30,Unsecured Others,84687.59
CUST101566,2022-04-02,Unsecured Others,8523.28
CUST101566,2021-02-23,Home Loan,21063.39
CUST101566,2022-12-07,Personal Loan,115994.47
CUST101566,2021-03-11,Personal Loan,78890.86
CUST101566,2022-04-11,Home Loan,174493.96
CUST101567,2022-01-25,Auto Loan,190177.52
CUST101567,2021-02-25,Personal Loan,180826.29
CUST101567,2021-11-06,Personal Loan,125889.18
CUST101567,2022-03-14,Unsecured Others,54137.48
CUST101567,2021-04-06,Unsecured Others,73926.78
CUST101567,2022-04-01,Unsecured Others,129546.65
CUST101569,2021-05-27,Unsecured Others,152985.77
CUST101569,2022-06-01,Personal Loan,151509.44
CUST101570,2022-11-28,Home Loan,148237.06
CUST101570,2021-06-24,Home Loan,155330.0
CUST101570,2021-07-15,Personal Loan,135469.28
CUST101570,2021-10-08,Credit Card,168267.89
CUST101570,2022-04-11,Auto Loan,191609.81
CUST101571,2021-12-27,Home Loan,127852.78
CUST101571,2022-05-04,Personal Loan,133932.11
CUST101571,2022-03-11,Auto Loan,119984.41
CUST101571,2022-12-27,Unsecured Others,39134.62
CUST101572,2021-12-17,Personal Loan,23867.68
CUST101572,2022-09-30,Auto Loan,71145.46
CUST101572,2022-01-26,Home Loan,158368.48
CUST101572,2021-05-06,Unsecured Others,180850.54
CUST101572,2021-06-25,Credit Card,150084.68
CUST101572,2022-01-01,Unsecured Others,71114.61
CUST101572,2021-06-22,Personal Loan,176196.87
CUST101573,2022-01-23,Personal Loan,88499.87
CUST101573,2021-08-28,Credit Card,9707.51
CUST101573,2021-08-23,Credit Card,191294.08
CUST101574,2021-06-09,Personal Loan,78747.17
CUST101574,2022-01-08,Auto Loan,51856.99
CUST101574,2022-02-22,Home Loan,101459.93
CUST101574,2022-02-03,Auto Loan,186644.27
CUST101575,2021-08-31,Unsecured Others,49037.64
CUST101575,2021-01-25,Credit Card,82717.48
CUST101575,2022-06-04,Credit Card,51716.93
CUST101575,2022-05-12,Unsecured Others,65686.29
CUST101575,2022-04-11,Home Loan,65382.19
CUST101575,2021-04-26,Unsecured Others,111616.14
CUST101575,2021-12-18,Unsecured Others,103335.44
CUST101576,2022-04-20,Auto Loan,15409.03
CUST101576,2021-02-04,Unsecured Others,90175.24
CUST101576,2022-12-08,Personal Loan,66172.03
CUST101576,2022-06-24,Auto Loan,104952.2
CUST101576,2021-05-12,Unsecured Others,43223.09
CUST101576,2022-11-14,Personal Loan,165836.44
CUST101576,2021-04-10,Credit Card,7394.86
CUST101577,2021-12-05,Personal Loan,161334.93
CUST101577,2021-05-23,Credit Card,180193.93
CUST101577,2021-02-14,Auto Loan,116385.63
CUST101577,2022-10-17,Unsecured Others,161911.96
CUST101577,2022-07-29,Unsecured Others,162643.29
CUST101577,2021-05-30,Home Loan,113056.39
CUST101578,2022-03-29,Auto Loan,134703.86
CUST101578,2022-03-20,Home Loan,121219.52
CUST101579,2022-07-09,Auto Loan,33332.97
CUST101579,2022-10-20,Unsecured Others,5093.39
CUST101579,2021-12-07,Unsecured Others,143373.86
CUST101579,2022-02-19,Home Loan,167599.18
CUST101579,2021-04-07,Unsecured Others,8963.78
CUST101579,2021-07-10,Credit Card,134787.04
CUST101579,2022-04-14,Credit Card,32757.82
CUST101580,2022-04-06,Home Loan,34266.57
CUST101580,2021-07-21,Auto Loan,192242.58
CUST101580,2022-06-08,Auto Loan,118585.71
CUST101580,2022-09-15,Personal Loan,32963.28
CUST101580,2022-01-09,Auto Loan,11300.12
CUST101581,2022-06-24,Credit Card,123752.47
CUST101581,2021-09-03,Auto Loan,163434.68
CUST101581,2022-12-22,Personal Loan,36791.31
CUST101582,2021-03-28,Auto Loan,43977.87
CUST101582,2021-03-22,Unsecured Others,132070.66
CUST101582,2022-05-19,Credit Card,168057.37
CUST101582,2022-05-21,Unsecured Others,70385.56
CUST101582,2021-04-11,Home Loan,14709.0
CUST101582,2021-10-11,Credit Card,76891.96
CUST101582,2022-01-14,Personal Loan,50588.5
CUST101583,2021-09-19,Unsecured Others,67600.94
CUST101583,2021-11-17,Personal Loan,34058.15
CUST101583,2022-01-10,Unsecured Others,189541.19
CUST101583,2022-09-07,Home Loan,62833.62
CUST101584,2021-12-13,Credit Card,111224.65
CUST101584,2022-04-24,Personal Loan,6194.02
CUST101584,2021-01-14,Personal Loan,188281.52
CUST101584,2022-07-04,Unsecured Others,66282.25
CUST101584,2022-09-08,Home Loan,51998.87
CUST101585,2022-07-01,Auto Loan,164868.28
CUST101586,2021-01-12,Unsecured Others,65499.37
CUST101586,2021-09-13,Credit Card,21115.63
CUST101586,2021-03-09,Home Loan,115638.09
CUST101586,2022-02-15,Personal Loan,49823.85
CUST101586,2021-12-06,Personal Loan,53679.25
CUST101586,2022-10-08,Credit Card,79634.27
CUST101587,2021-12-10,Credit Card,103690.43
CUST101587,2021-12-02,Unsecured Others,114885.77
CUST101587,2022-12-15,Home Loan,81939.54
CUST101587,2021-02-01,Unsecured Others,170491.87
CUST101587,2021-08-24,Auto Loan,118586.45
CUST101587,2022-05-22,Personal Loan,152929.8
CUST101588,2021-05-31,Unsecured Others,71362.99
CUST101588,2021-04-14,Personal Loan,183878.52
CUST101589,2022-10-31,Home Loan,18280.98
CUST101589,2021-10-27,Personal Loan,58459.06
CUST101589,2021-11-17,Auto Loan,43461.6
CUST101589,2022-06-22,Home Loan,54335.72
CUST101589,2022-06-23,Credit Card,67937.82
CUST101589,2021-12-02,Credit Card,34223.81
CUST101590,2021-02-13,Home Loan,192733.97
CUST101590,2021-08-22,Auto Loan,105794.38
CUST101590,2021-09-08,Unsecured Others,26984.62
CUST101590,2021-10-27,Personal Loan,195730.57
CUST101590,2022-01-02,Home Loan,23362.72
CUST101590,2022-04-14,Credit Card,125782.24
CUST101590,2022-07-03,Home Loan,42426.0
CUST101591,2022-05-08,Auto Loan,167553.8
CUST101591,2021-07-21,Home Loan,33893.06
CUST101591,2021-04-09,Home Loan,17028.34
CUST101591,2022-10-31,Unsecured Others,68870.47
CUST101591,2022-10-02,Auto Loan,126868.9
CUST101591,2022-08-15,Home Loan,125550.76
CUST101593,2022-04-06,Auto Loan,174048.96
CUST101593,2021-01-02,Credit Card,134291.48
CUST101593,2022-10-19,Unsecured Others,122423.68
CUST101593,2021-09-09,Personal Loan,39971.51
CUST101593,2022-09-27,Unsecured Others,39650.71
CUST101593,2021-03-30,Unsecured Others,172394.8
CUST101593,2022-08-31,Credit Card,20235.34
CUST101594,2021-11-19,Personal Loan,20795.83
CUST101595,2022-05-27,Auto Loan,190700.65
CUST101595,2022-07-02,Credit Card,69676.63
CUST101596,2021-02-17,Credit Card,172134.3
CUST101596,2021-02-19,Credit Card,165991.85
CUST101596,2021-10-05,Personal Loan,174619.97
CUST101596,2022-08-09,Personal Loan,7187.98
CUST101596,2021-05-29,Personal Loan,20617.38
CUST101596,2022-06-22,Home Loan,185193.4
CUST101597,2022-11-30,Auto Loan,116075.77
CUST101597,2021-05-15,Home Loan,186372.85
CUST101598,2022-02-03,Credit Card,115834.12
CUST101598,2022-05-29,Auto Loan,164960.76
CUST101599,2022-10-21,Auto Loan,37998.57
CUST101599,2022-12-03,Unsecured Others,77754.25
CUST101599,2021-02-22,Home Loan,29128.94
CUST101600,2021-07-31,Unsecured Others,9519.77
CUST101600,2021-08-06,Unsecured Others,57285.33
CUST101600,2022-10-27,Personal Loan,156517.79
CUST101601,2022-06-15,Personal Loan,79627.4
CUST101601,2022-06-11,Credit Card,81728.84
CUST101601,2022-11-28,Home Loan,132500.13
CUST101601,2022-01-12,Home Loan,164190.99
CUST101602,2021-09-03,Home Loan,82789.67
CUST101602,2022-11-29,Home Loan,139858.23
CUST101602,2022-04-28,Personal Loan,93737.42
CUST101602,2021-04-16,Auto Loan,91991.3
CUST101602,2021-07-11,Auto Loan,134985.35
CUST101602,2021-09-27,Credit Card,162545.78
CUST101603,2022-07-18,Auto Loan,24146.31
CUST101603,2022-05-07,Auto Loan,43425.06
CUST101603,2022-04-30,Personal Loan,191126.93
CUST101603,2022-10-27,Personal Loan,87536.69
CUST101603,2022-05-28,Personal Loan,56264.66
CUST101604,2022-03-20,Auto Loan,159752.14
CUST101604,2021-10-06,Personal Loan,105822.96
CUST101605,2021-04-02,Home Loan,85017.56
CUST101605,2022-06-19,Home Loan,26456.65
CUST101605,2022-10-20,Unsecured Others,49641.05
CUST101605,2022-07-28,Auto Loan,146082.32
CUST101606,2022-04-07,Credit Card,191026.02
CUST101606,2021-12-30,Personal Loan,197025.54
CUST101606,2021-09-05,Auto Loan,30756.42
CUST101606,2021-10-13,Home Loan,8045.47
CUST101607,2022-07-22,Unsecured Others,77714.61
CUST101607,2021-04-27,Credit Card,195036.63
CUST101607,2022-12-30,Unsecured Others,184056.1
CUST101607,2022-10-07,Personal Loan,114369.31
CUST101607,2021-10-30,Home Loan,121956.66
CUST101607,2022-11-24,Credit Card,30897.02
CUST101607,2021-08-06,Home Loan,100180.8
CUST101611,2022-07-25,Personal Loan,195410.83
CUST101611,2021-03-17,Unsecured Others,34342.24
CUST101611,2022-03-31,Auto Loan,39606.12
CUST101612,2022-10-10,Personal Loan,30208.47
CUST101612,2021-05-25,Home Loan,11353.88
CUST101612,2022-04-13,Home Loan,188683.18
CUST101612,2021-03-28,Personal Loan,75069.74
CUST101613,2021-04-24,Auto Loan,160555.93
CUST101613,2021-12-19,Home Loan,125353.44
CUST101614,2021-05-16,Personal Loan,98166.83
CUST101614,2022-02-24,Auto Loan,185784.43
CUST101614,2022-08-27,Credit Card,106337.84
CUST101614,2022-05-19,Home Loan,126010.44
CUST101614,2021-05-28,Credit Card,105024.58
CUST101614,2022-04-30,Credit Card,108192.65
CUST101615,2021-12-10,Unsecured Others,58336.0
CUST101615,2021-01-23,Auto Loan,87792.64
CUST101615,2021-06-14,Unsecured Others,143893.34
CUST101615,2021-10-02,Credit Card,87577.12
CUST101615,2021-11-11,Auto Loan,92502.12
CUST101615,2021-04-26,Personal Loan,130857.25
CUST101615,2022-07-14,Personal Loan,161320.69
CUST101616,2021-02-14,Unsecured Others,187716.73
CUST101617,2021-11-24,Auto Loan,15950.22
CUST101617,2021-08-11,Personal Loan,120674.18
CUST101617,2022-06-18,Auto Loan,179718.46
CUST101617,2021-10-31,Unsecured Others,123825.15
CUST101617,2021-08-01,Unsecured Others,183498.01
CUST101618,2021-02-02,Home Loan,160377.09
CUST101618,2021-09-26,Credit Card,155375.53
CUST101618,2021-06-23,Home Loan,71623.35
CUST101618,2021-06-02,Home Loan,177363.55
CUST101618,2021-04-06,Credit Card,69711.95
CUST101618,2022-08-21,Credit Card,156851.32
CUST101618,2021-06-09,Personal Loan,164176.48
CUST101620,2022-03-03,Unsecured Others,17476.5
CUST101621,2021-09-30,Personal Loan,172305.79
CUST101621,2022-12-14,Home Loan,34179.54
CUST101621,2022-12-24,Unsecured Others,64736.23
CUST101621,2022-11-13,Personal Loan,136119.65
CUST101621,2021-10-28,Unsecured Others,37514.97
CUST101622,2021-06-06,Personal Loan,129715.47
CUST101622,2021-10-28,Unsecured Others,108748.44
CUST101622,2021-10-06,Home Loan,159683.19
CUST101622,2022-07-11,Auto Loan,18881.17
CUST101622,2021-03-21,Unsecured Others,108733.83
CUST101622,2021-12-13,Auto Loan,70322.94
CUST101622,2021-01-15,Unsecured Others,133119.43
CUST101624,2021-03-16,Unsecured Others,70193.6
CUST101624,2022-06-04,Credit Card,85556.46
CUST101624,2022-02-04,Unsecured Others,28466.93
CUST101624,2021-08-03,Personal Loan,15532.54
CUST101625,2021-11-15,Personal Loan,40272.68
CUST101625,2021-08-30,Auto Loan,129494.85
CUST101625,2021-07-01,Auto Loan,48834.75
CUST101626,2022-01-16,Credit Card,141386.35
CUST101626,2021-05-02,Home Loan,69980.82
CUST101626,2021-02-26,Auto Loan,154796.07
CUST101626,2022-03-22,Credit Card,121307.26
CUST101627,2022-07-18,Auto Loan,59097.53
CUST101627,2022-10-08,Personal Loan,63452.62
CUST101627,2021-03-14,Personal Loan,61994.1
CUST101627,2022-12-28,Personal Loan,19951.62
CUST101628,2022-11-15,Unsecured Others,157431.39
CUST101628,2021-11-03,Home Loan,144939.2
CUST101628,2021-02-02,Auto Loan,81228.76
CUST101628,2021-11-05,Credit Card,51525.94
CUST101628,2022-02-23,Home Loan,55536.34
CUST101629,2022-06-27,Personal Loan,144002.26
CUST101629,2022-11-04,Personal Loan,26431.08
CUST101629,2022-05-09,Personal Loan,188772.96
CUST101629,2021-01-25,Home Loan,52009.94
CUST101630,2022-02-20,Personal Loan,112663.34
CUST101630,2022-04-08,Home Loan,194878.3
CUST101631,2021-03-13,Home Loan,136212.59
CUST101631,2021-04-26,Unsecured Others,23253.68
CUST101631,2021-10-18,Auto Loan,43999.04
CUST101632,2022-08-14,Unsecured Others,53468.26
CUST101632,2021-09-26,Personal Loan,149530.72
CUST101632,2022-10-09,Unsecured Others,116827.71
CUST101634,2021-08-03,Auto Loan,6768.8
CUST101634,2022-01-03,Auto Loan,109071.48
CUST101634,2022-12-30,Unsecured Others,79556.44
CUST101634,2022-06-30,Personal Loan,170494.1
CUST101634,2021-04-13,Auto Loan,66200.23
CUST101634,2021-02-04,Auto Loan,74898.69
CUST101635,2021-05-15,Unsecured Others,180522.48
CUST101636,2022-04-18,Credit Card,135455.99
CUST101636,2022-12-09,Credit Card,70209.95
CUST101637,2022-01-26,Credit Card,197542.01
CUST101637,2021-09-16,Personal Loan,118594.94
CUST101637,2021-01-27,Auto Loan,77510.92
CUST101638,2022-11-09,Home Loan,169671.3
CUST101638,2021-10-14,Auto Loan,110650.32
CUST101638,2022-01-17,Auto Loan,149298.0
CUST101638,2021-11-20,Unsecured Others,58968.99
CUST101638,2022-11-05,Unsecured Others,94118.6
CUST101638,2021-11-18,Auto Loan,40286.62
CUST101639,2021-08-31,Unsecured Others,56233.32
CUST101639,2021-01-18,Unsecured Others,21657.33
CUST101639,2022-03-24,Auto Loan,82288.23
CUST101642,2021-08-13,Credit Card,172909.72
CUST101642,2022-03-04,Credit Card,54495.43
CUST101642,2022-04-30,Home Loan,124949.88
CUST101642,2021-07-10,Credit Card,80959.88
CUST101642,2021-09-29,Auto Loan,102525.79
CUST101645,2021-12-11,Home Loan,25101.2
CUST101645,2022-04-08,Unsecured Others,154077.28
CUST101646,2022-07-26,Auto Loan,146876.56
CUST101646,2021-09-06,Personal Loan,99499.42
CUST101646,2022-09-03,Unsecured Others,172432.64
CUST101646,2022-12-22,Auto Loan,96340.15
CUST101646,2021-07-27,Credit Card,104268.51
CUST101647,2021-12-10,Credit Card,170335.71
CUST101647,2021-07-25,Unsecured Others,33145.18
CUST101647,2021-03-05,Credit Card,16508.73
CUST101648,2022-05-14,Credit Card,69266.58
CUST101648,2021-07-31,Home Loan,14138.3
CUST101649,2021-09-12,Home Loan,65943.99
CUST101649,2022-08-09,Auto Loan,186169.18
CUST101649,2022-12-02,Personal Loan,185559.25
CUST101650,2022-12-15,Personal Loan,147656.87
CUST101650,2022-12-11,Unsecured Others,64834.9
CUST101651,2021-06-13,Unsecured Others,100995.03
CUST101651,2021-05-10,Personal Loan,42869.08
CUST101652,2022-05-19,Auto Loan,181268.63
CUST101652,2022-07-09,Unsecured Others,23839.41
CUST101652,2021-03-06,Home Loan,15748.4
CUST101652,2021-05-14,Home Loan,168816.79
CUST101652,2022-11-22,Auto Loan,120952.6
CUST101652,2022-11-29,Unsecured Others,11674.81
CUST101652,2022-07-22,Home Loan,93415.62
CUST101653,2022-04-15,Unsecured Others,133294.08
CUST101653,2022-10-20,Unsecured Others,141524.81
CUST101653,2022-03-09,Auto Loan,188226.29
CUST101653,2022-10-07,Credit Card,26530.45
CUST101653,2022-08-01,Unsecured Others,137325.05
CUST101655,2022-07-25,Personal Loan,74200.8
CUST101656,2022-12-25,Home Loan,51099.07
CUST101656,2022-09-15,Home Loan,140743.72
CUST101656,2021-04-13,Credit Card,31081.04
CUST101657,2021-06-15,Home Loan,105241.6
CUST101657,2021-03-19,Unsecured Others,73162.41
CUST101657,2022-12-21,Unsecured Others,93465.7
CUST101657,2022-05-01,Home Loan,16758.11
CUST101658,2021-03-02,Credit Card,166308.26
CUST101658,2021-11-01,Unsecured Others,58972.13
CUST101658,2022-12-14,Auto Loan,45272.91
CUST101658,2022-01-03,Home Loan,136394.57
CUST101660,2021-01-05,Auto Loan,74737.24
CUST101660,2021-11-22,Personal Loan,102036.1
CUST101660,2021-06-15,Credit Card,36114.02
CUST101660,2021-02-03,Home Loan,147252.44
CUST101661,2021-04-29,Home Loan,173191.29
CUST101661,2021-09-15,Personal Loan,10221.72
CUST101661,2021-08-09,Personal Loan,172326.13
CUST101661,2021-04-30,Auto Loan,149401.36
CUST101662,2021-12-07,Credit Card,55156.2
CUST101663,2021-03-27,Unsecured Others,64823.63
CUST101663,2022-09-13,Credit Card,140060.38
CUST101663,2021-03-04,Personal Loan,32943.06
CUST101663,2022-10-29,Auto Loan,43443.49
CUST101663,2022-10-31,Home Loan,67299.71
CUST101663,2022-12-27,Personal Loan,132321.83
CUST101663,2022-03-19,Home Loan,175370.17
CUST101664,2021-01-29,Home Loan,62355.12
CUST101665,2022-11-25,Unsecured Others,40254.62
CUST101665,2021-11-25,Unsecured Others,91140.09
CUST101665,2021-05-23,Home Loan,83113.88
CUST101665,2021-09-19,Personal Loan,50109.07
CUST101665,2022-02-24,Auto Loan,73193.17
CUST101666,2022-12-23,Personal Loan,138775.95
CUST101667,2022-02-18,Auto Loan,98691.17
CUST101667,2021-01-07,Auto Loan,12385.99
CUST101667,2021-03-27,Unsecured Others,56060.27
CUST101668,2021-08-06,Credit Card,137198.14
CUST101668,2021-05-24,Credit Card,7593.11
CUST101668,2022-01-18,Auto Loan,93417.59
CUST101668,2021-05-03,Credit Card,101114.31
CUST101668,2022-12-29,Personal Loan,184863.78
CUST101668,2022-07-02,Unsecured Others,94302.22
CUST101669,2021-01-03,Personal Loan,12221.09
CUST101670,2021-09-25,Personal Loan,16732.0
CUST101670,2022-09-03,Personal Loan,129655.78
CUST101670,2022-01-01,Unsecured Others,124222.3
CUST101670,2021-07-03,Unsecured Others,104261.32
CUST101670,2021-04-14,Unsecured Others,100182.37
CUST101671,2022-02-11,Unsecured Others,189927.86
CUST101671,2022-10-26,Credit Card,88753.51
CUST101671,2022-07-05,Personal Loan,172422.61
CUST101671,2022-11-30,Auto Loan,96071.93
CUST101671,2021-06-14,Auto Loan,101272.24
CUST101671,2021-12-20,Home Loan,120669.78
CUST101671,2021-07-09,Home Loan,118699.66
CUST101672,2022-11-21,Unsecured Others,174086.3
CUST101672,2021-03-30,Personal Loan,196777.88
CUST101672,2022-09-02,Unsecured Others,149111.56
CUST101672,2022-12-14,Personal Loan,63168.85
CUST101672,2021-03-24,Unsecured Others,95176.66
CUST101673,2021-08-10,Auto Loan,161279.62
CUST101673,2022-11-23,Unsecured Others,7697.98
CUST101674,2021-06-05,Auto Loan,184412.58
CUST101674,2022-01-18,Auto Loan,11860.68
CUST101674,2022-04-14,Unsecured Others,194598.69
CUST101674,2021-08-26,Personal Loan,54598.97
CUST101674,2021-09-26,Unsecured Others,32336.72
CUST101675,2022-07-21,Personal Loan,52895.58
CUST101675,2021-04-19,Home Loan,10812.95
CUST101675,2021-03-14,Credit Card,143469.83
CUST101675,2021-04-19,Unsecured Others,65318.2
CUST101676,2021-09-04,Unsecured Others,80807.29
CUST101676,2021-12-07,Credit Card,99925.51
CUST101676,2021-05-11,Auto Loan,46451.44
CUST101676,2021-06-28,Auto Loan,78003.2
CUST101676,2021-11-03,Home Loan,53192.77
CUST101676,2022-02-23,Home Loan,170425.0
CUST101676,2021-09-28,Home Loan,25120.82
CUST101678,2022-04-27,Unsecured Others,117617.14
CUST101679,2022-12-21,Home Loan,65927.53
CUST101679,2021-02-12,Unsecured Others,38519.74
CUST101679,2022-03-01,Credit Card,137653.26
CUST101679,2021-01-07,Unsecured Others,187578.26
CUST101679,2021-04-25,Unsecured Others,103433.45
CUST101679,2021-11-19,Personal Loan,97310.71
CUST101680,2022-10-31,Credit Card,63440.25
CUST101682,2021-10-08,Credit Card,39954.67
CUST101682,2022-01-13,Auto Loan,49434.5
CUST101682,2021-07-10,Unsecured Others,141890.11
CUST101682,2022-08-27,Unsecured Others,143018.16
CUST101682,2022-10-02,Unsecured Others,120756.58
CUST101682,2021-08-10,Home Loan,67434.99
CUST101683,2021-04-04,Home Loan,16388.39
CUST101683,2021-10-19,Unsecured Others,124934.32
CUST101683,2021-11-27,Unsecured Others,173159.12
CUST101683,2022-01-06,Unsecured Others,140575.45
CUST101683,2022-10-24,Unsecured Others,85249.74
CUST101683,2022-05-26,Credit Card,12444.67
CUST101684,2022-10-19,Credit Card,99000.96
CUST101684,2022-12-14,Auto Loan,192675.78
CUST101684,2021-03-09,Personal Loan,132356.55
CUST101684,2022-01-31,Auto Loan,141193.7
CUST101685,2021-11-11,Unsecured Others,96647.0
CUST101685,2021-10-21,Credit Card,84670.14
CUST101685,2021-09-08,Personal Loan,171118.84
CUST101685,2022-09-27,Auto Loan,126337.01
CUST101686,2022-02-13,Home Loan,145444.07
CUST101686,2021-03-12,Home Loan,56683.9
CUST101686,2022-12-10,Unsecured Others,86714.23
CUST101686,2022-11-20,Home Loan,65434.15
CUST101686,2022-01-19,Personal Loan,132225.78
CUST101686,2022-01-13,Personal Loan,57297.61
CUST101687,2022-11-19,Personal Loan,7932.21
CUST101687,2021-09-25,Auto Loan,134210.85
CUST101687,2022-12-22,Unsecured Others,197720.28
CUST101687,2021-02-13,Auto Loan,30373.27
CUST101687,2022-10-26,Credit Card,92712.49
CUST101688,2022-05-27,Home Loan,14462.99
CUST101688,2021-07-16,Personal Loan,102371.42
CUST101689,2022-04-08,Unsecured Others,129832.07
CUST101689,2022-03-15,Auto Loan,164023.57
CUST101689,2022-10-09,Auto Loan,163386.97
CUST101689,2021-01-02,Credit Card,112608.33
CUST101689,2021-01-12,Home Loan,175236.08
CUST101691,2022-06-02,Home Loan,192781.75
CUST101691,2022-09-05,Auto Loan,128551.48
CUST101691,2022-04-29,Credit Card,57766.31
CUST101691,2022-06-12,Auto Loan,137085.1
CUST101691,2021-11-17,Credit Card,163890.45
CUST101691,2022-02-19,Credit Card,154305.01
CUST101691,2021-02-22,Personal Loan,100074.72
CUST101692,2021-07-21,Personal Loan,142517.52
CUST101693,2021-02-13,Unsecured Others,26917.68
CUST101693,2022-03-16,Auto Loan,102617.85
CUST101693,2022-11-25,Unsecured Others,172622.44
CUST101694,2022-07-21,Personal Loan,133056.69
CUST101694,2021-02-02,Unsecured Others,114747.29
CUST101694,2022-04-12,Credit Card,109966.54
CUST101695,2022-09-09,Personal Loan,97066.6
CUST101695,2022-12-27,Auto Loan,150291.21
CUST101695,2022-12-23,Credit Card,164505.92
CUST101695,2021-04-23,Auto Loan,133775.55
CUST101695,2022-06-26,Auto Loan,73124.54
CUST101696,2021-09-19,Credit Card,72539.35
CUST101696,2021-03-26,Credit Card,160769.69
CUST101696,2021-07-02,Unsecured Others,43000.44
CUST101696,2022-03-12,Credit Card,15698.48
CUST101697,2021-03-12,Auto Loan,77054.34
CUST101697,2022-05-29,Home Loan,164947.27
CUST101697,2021-04-15,Home Loan,29365.85
CUST101697,2022-05-23,Unsecured Others,56850.65
CUST101698,2022-05-25,Personal Loan,161783.48
CUST101698,2022-11-09,Auto Loan,75341.16
CUST101698,2022-10-27,Home Loan,66585.97
CUST101699,2022-05-14,Credit Card,17330.4
CUST101699,2022-01-10,Unsecured Others,58529.16
CUST101700,2021-11-21,Unsecured Others,162190.69
CUST101700,2022-04-01,Auto Loan,61523.22
CUST101700,2021-09-25,Credit Card,171685.51
CUST101700,2021-03-19,Home Loan,45918.51
CUST101700,2022-12-13,Unsecured Others,134932.84
CUST101700,2021-11-30,Personal Loan,142325.56
CUST101700,2022-09-14,Personal Loan,119114.67
CUST101701,2022-04-12,Personal Loan,155722.23
CUST101701,2021-03-15,Unsecured Others,77675.69
CUST101701,2022-04-27,Home Loan,148997.04
CUST101703,2022-01-13,Credit Card,174844.45
CUST101703,2022-02-01,Home Loan,121439.74
CUST101703,2022-05-24,Personal Loan,32611.29
CUST101703,2021-06-19,Personal Loan,17368.21
CUST101703,2021-03-25,Home Loan,106426.17
CUST101704,2022-05-26,Personal Loan,118033.0
CUST101704,2022-12-10,Unsecured Others,184902.74
CUST101704,2021-03-16,Home Loan,41730.81
CUST101704,2022-10-22,Credit Card,157770.09
CUST101704,2021-07-11,Home Loan,7131.03
CUST101704,2021-06-19,Auto Loan,96943.14
CUST101704,2021-11-05,Home Loan,56579.23
CUST101705,2021-02-13,Unsecured Others,109679.29
CUST101705,2021-01-26,Home Loan,28480.49
CUST101707,2021-04-29,Home Loan,111588.24
CUST101707,2022-12-29,Unsecured Others,118658.24
CUST101707,2022-08-23,Unsecured Others,182935.97
CUST101708,2022-01-16,Home Loan,40265.48
CUST101708,2022-08-14,Auto Loan,141891.69
CUST101708,2021-03-10,Personal Loan,131849.57
CUST101708,2021-10-07,Home Loan,96158.94
CUST101708,2022-05-04,Unsecured Others,147913.31
CUST101708,2022-09-28,Home Loan,155647.88
CUST101709,2022-10-10,Unsecured Others,51621.95
CUST101709,2021-03-22,Auto Loan,124635.3
CUST101709,2022-12-16,Auto Loan,50429.11
CUST101709,2022-04-17,Auto Loan,119242.83
CUST101709,2022-06-14,Unsecured Others,125927.32
CUST101709,2021-05-06,Home Loan,183348.08
CUST101709,2022-12-21,Auto Loan,112158.53
CUST101710,2022-11-19,Personal Loan,198194.34
CUST101710,2021-03-17,Credit Card,26235.61
CUST101710,2021-05-20,Unsecured Others,190783.05
CUST101711,2022-09-23,Credit Card,81824.59
CUST101711,2022-12-21,Home Loan,115554.17
CUST101711,2021-08-04,Home Loan,81754.15
CUST101711,2022-12-23,Unsecured Others,55917.18
CUST101711,2022-02-27,Personal Loan,134669.09
CUST101711,2021-04-04,Unsecured Others,187141.91
CUST101711,2022-10-26,Unsecured Others,190656.23
CUST101712,2021-01-14,Credit Card,191484.36
CUST101714,2022-04-28,Home Loan,173264.39
CUST101714,2021-02-21,Unsecured Others,48320.69
CUST101714,2022-07-14,Unsecured Others,107844.81
CUST101714,2022-04-08,Personal Loan,15084.29
CUST101714,2022-05-29,Home Loan,27530.61
CUST101714,2021-06-29,Home Loan,34455.05
CUST101714,2021-11-28,Personal Loan,21309.68
CUST101715,2021-03-07,Home Loan,108528.76
CUST101715,2022-06-24,Unsecured Others,91187.58
CUST101715,2022-08-24,Credit Card,49927.69
CUST101715,2022-11-15,Auto Loan,154265.96
CUST101715,2022-05-25,Unsecured Others,104332.66
CUST101715,2021-04-08,Credit Card,90935.1
CUST101715,2022-07-30,Auto Loan,154772.61
CUST101716,2021-07-14,Unsecured Others,85985.24
CUST101716,2021-11-05,Home Loan,155711.62
CUST101716,2021-10-16,Auto Loan,154050.18
CUST101716,2021-02-01,Auto Loan,175911.87
CUST101716,2022-03-28,Credit Card,90041.96
CUST101718,2021-12-29,Auto Loan,124334.27
CUST101718,2022-04-29,Personal Loan,120810.17
CUST101718,2021-02-12,Personal Loan,50889.9
CUST101718,2021-08-21,Home Loan,37302.86
CUST101718,2021-10-25,Auto Loan,185028.67
CUST101718,2022-05-15,Credit Card,77733.15
CUST101719,2022-07-21,Auto Loan,90219.69
CUST101719,2021-05-24,Home Loan,60680.13
CUST101719,2021-10-20,Personal Loan,77039.57
CUST101719,2022-01-14,Personal Loan,183006.85
CUST101720,2021-02-20,Unsecured Others,188562.38
CUST101720,2021-06-01,Credit Card,34769.74
CUST101720,2021-08-06,Credit Card,6151.81
CUST101720,2021-12-21,Auto Loan,65639.92
CUST101721,2021-12-23,Unsecured Others,20126.42
CUST101723,2022-09-22,Auto Loan,35201.97
CUST101723,2022-08-21,Unsecured Others,13085.97
CUST101723,2022-04-03,Personal Loan,27964.23
CUST101723,2021-10-25,Auto Loan,30254.77
CUST101723,2021-09-05,Unsecured Others,25156.66
CUST101724,2021-12-12,Unsecured Others,87970.03
CUST101724,2022-05-17,Unsecured Others,17438.8
CUST101724,2021-10-19,Credit Card,15563.08
CUST101725,2022-05-28,Personal Loan,140171.17
CUST101725,2022-04-17,Credit Card,80994.47
CUST101725,2021-06-19,Personal Loan,146993.78
CUST101725,2021-02-11,Personal Loan,17941.86
CUST101725,2021-04-22,Personal Loan,165221.72
CUST101726,2021-01-19,Personal Loan,93818.79
CUST101726,2021-08-23,Unsecured Others,31906.27
CUST101726,2021-03-04,Unsecured Others,20653.26
CUST101726,2022-08-23,Auto Loan,34637.52
CUST101726,2021-08-05,Home Loan,78511.49
CUST101727,2022-03-02,Credit Card,92186.18
CUST101727,2021-04-07,Credit Card,149737.05
CUST101728,2021-01-27,Auto Loan,95888.34
CUST101728,2022-01-02,Auto Loan,90240.19
CUST101728,2022-05-25,Home Loan,94425.53
CUST101728,2022-12-25,Credit Card,84659.68
CUST101729,2022-09-01,Home Loan,140274.98
CUST101729,2021-01-16,Personal Loan,191954.22
CUST101729,2021-02-06,Unsecured Others,8564.47
CUST101729,2022-01-06,Credit Card,147962.06
CUST101730,2021-03-01,Unsecured Others,75102.59
CUST101730,2022-11-25,Auto Loan,64839.3
CUST101730,2021-04-08,Unsecured Others,35690.48
CUST101730,2021-07-03,Credit Card,167102.23
CUST101730,2021-06-09,Auto Loan,44145.89
CUST101730,2021-11-12,Auto Loan,46049.14
CUST101730,2022-03-13,Unsecured Others,10103.36
CUST101731,2021-05-15,Credit Card,154286.93
CUST101731,2022-03-10,Credit Card,122862.82
CUST101731,2022-09-14,Personal Loan,82267.67
CUST101731,2021-04-13,Auto Loan,86950.18
CUST101731,2021-09-20,Credit Card,114493.3
CUST101731,2022-04-01,Home Loan,156391.12
CUST101731,2022-10-30,Unsecured Others,165980.33
CUST101732,2021-07-12,Unsecured Others,157957.94
CUST101732,2021-01-28,Home Loan,152874.7
CUST101732,2021-08-14,Auto Loan,89107.61
CUST101732,2021-06-01,Credit Card,14539.15
CUST101732,2021-12-12,Personal Loan,12102.52
CUST101732,2021-11-24,Auto Loan,159293.49
CUST101733,2022-10-09,Auto Loan,39722.33
CUST101733,2021-10-27,Home Loan,124086.06
CUST101733,2022-05-04,Personal Loan,29589.66
CUST101733,2022-11-28,Auto Loan,173209.55
CUST101734,2022-09-26,Home Loan,41749.19
CUST101734,2021-03-18,Personal Loan,130014.29
CUST101734,2022-08-03,Home Loan,196518.24
CUST101735,2022-12-06,Unsecured Others,34047.88
CUST101735,2022-04-29,Unsecured Others,49569.77
CUST101736,2022-04-15,Auto Loan,70931.33
CUST101737,2021-11-01,Unsecured Others,124810.49
CUST101737,2022-11-16,Auto Loan,182037.02
CUST101737,2021-05-21,Home Loan,161400.74
CUST101737,2021-04-05,Auto Loan,169902.16
CUST101737,2021-09-25,Auto Loan,9717.01
CUST101738,2021-09-11,Personal Loan,150941.17
CUST101738,2022-11-24,Home Loan,152058.38
CUST101738,2021-01-11,Unsecured Others,94639.0
CUST101738,2022-04-19,Auto Loan,22726.48
CUST101740,2022-11-18,Home Loan,109947.06
CUST101741,2022-11-27,Unsecured Others,199872.35
CUST101741,2022-09-07,Auto Loan,138914.62
CUST101741,2021-10-26,Personal Loan,196878.15
CUST101742,2021-12-26,Unsecured Others,44220.68
CUST101744,2021-07-19,Unsecured Others,125394.16
CUST101744,2022-03-17,Auto Loan,15335.94
CUST101744,2022-05-28,Personal Loan,117702.09
CUST101745,2021-09-14,Unsecured Others,50926.5
CUST101745,2022-04-01,Home Loan,60996.71
CUST101746,2022-05-02,Unsecured Others,8754.22
CUST101748,2021-12-19,Unsecured Others,101099.58
CUST101748,2021-07-21,Auto Loan,31057.4
CUST101749,2021-03-23,Credit Card,158554.71
CUST101749,2022-11-19,Unsecured Others,138213.22
CUST101749,2022-01-03,Personal Loan,51090.79
CUST101750,2022-08-20,Personal Loan,65824.83
CUST101750,2022-04-29,Home Loan,114754.92
CUST101750,2021-05-04,Credit Card,83277.08
CUST101753,2022-04-20,Personal Loan,159629.62
CUST101753,2021-07-28,Unsecured Others,48230.57
CUST101753,2022-05-03,Personal Loan,71933.42
CUST101754,2021-07-12,Home Loan,97669.38
CUST101754,2022-01-09,Auto Loan,39680.62
CUST101754,2021-02-16,Auto Loan,140762.88
CUST101755,2022-10-13,Auto Loan,189830.35
CUST101755,2022-12-15,Home Loan,101825.25
CUST101755,2021-12-04,Personal Loan,151152.29
CUST101755,2022-01-04,Auto Loan,130565.51
CUST101756,2021-12-11,Unsecured Others,142899.82
CUST101756,2022-09-25,Home Loan,117910.23
CUST101757,2021-07-15,Home Loan,74178.05
CUST101757,2021-08-13,Credit Card,123483.13
CUST101757,2022-09-07,Credit Card,101691.82
CUST101757,2021-10-27,Credit Card,118697.1
CUST101757,2022-04-10,Credit Card,170873.24
CUST101758,2021-12-02,Credit Card,41398.69
CUST101758,2021-02-18,Auto Loan,95365.44
CUST101758,2021-09-20,Unsecured Others,8888.85
CUST101758,2022-06-29,Unsecured Others,16664.67
CUST101759,2021-05-27,Unsecured Others,105649.3
CUST101759,2022-04-27,Personal Loan,144724.95
CUST101759,2022-06-28,Home Loan,145216.58
CUST101759,2021-02-14,Credit Card,77463.96
CUST101759,2021-07-27,Unsecured Others,184753.97
CUST101759,2021-11-10,Unsecured Others,196000.77
CUST101759,2022-12-11,Personal Loan,47522.06
CUST101760,2021-03-06,Auto Loan,28743.42
CUST101760,2022-04-11,Personal Loan,62404.34
CUST101760,2022-09-20,Auto Loan,144248.07
CUST101760,2022-11-03,Credit Card,120404.21
CUST101761,2022-05-14,Personal Loan,63691.77
CUST101762,2022-08-17,Personal Loan,75523.09
CUST101762,2021-03-25,Unsecured Others,27970.2
CUST101762,2021-08-14,Unsecured Others,181330.63
CUST101763,2021-04-29,Auto Loan,179625.76
CUST101763,2022-12-25,Credit Card,171141.03
CUST101763,2021-08-29,Home Loan,155926.82
CUST101763,2022-12-13,Home Loan,57905.65
CUST101763,2021-07-10,Unsecured Others,126699.75
CUST101763,2021-05-24,Home Loan,94961.98
CUST101765,2021-02-17,Auto Loan,189475.78
CUST101765,2021-12-29,Home Loan,5047.34
CUST101765,2021-02-11,Unsecured Others,178329.86
CUST101765,2021-10-17,Personal Loan,53595.66
CUST101765,2021-08-09,Unsecured Others,103403.48
CUST101765,2021-03-23,Credit Card,133747.85
CUST101765,2022-07-04,Home Loan,41131.56
CUST101766,2022-12-04,Auto Loan,159982.29
CUST101766,2022-06-22,Home Loan,172721.26
CUST101766,2021-09-15,Home Loan,23041.94
CUST101767,2022-05-17,Personal Loan,199210.01
CUST101767,2021-03-28,Personal Loan,191776.25
CUST101767,2022-05-15,Unsecured Others,132141.09
CUST101767,2022-12-28,Home Loan,11340.11
CUST101767,2021-07-20,Auto Loan,167932.75
CUST101767,2022-08-30,Personal Loan,192020.34
CUST101768,2021-02-05,Credit Card,132197.66
CUST101768,2021-11-01,Home Loan,112050.17
CUST101768,2022-09-10,Unsecured Others,107849.92
CUST101768,2021-06-18,Unsecured Others,142677.46
CUST101769,2021-02-19,Home Loan,156060.05
CUST101769,2022-01-13,Personal Loan,188897.2
CUST101769,2022-04-06,Auto Loan,146743.12
CUST101769,2021-09-08,Auto Loan,71594.48
CUST101770,2022-12-03,Auto Loan,33601.06
CUST101770,2021-10-09,Home Loan,32269.49
CUST101770,2022-05-09,Credit Card,23848.96
CUST101770,2022-06-30,Personal Loan,140980.63
CUST101770,2021-09-01,Auto Loan,88032.75
CUST101771,2021-07-15,Personal Loan,39876.64
CUST101772,2021-07-19,Personal Loan,163799.2
CUST101772,2021-12-12,Unsecured Others,88495.07
CUST101772,2021-09-13,Home Loan,38080.19
CUST101773,2022-07-24,Unsecured Others,123884.56
CUST101773,2021-10-13,Home Loan,153779.47
CUST101773,2021-07-19,Personal Loan,159884.14
CUST101774,2022-09-17,Home Loan,196133.25
CUST101775,2021-11-19,Unsecured Others,193174.02
CUST101775,2022-05-09,Credit Card,59647.36
CUST101777,2022-09-11,Auto Loan,106618.93
CUST101777,2022-03-25,Credit Card,87844.84
CUST101777,2021-01-18,Credit Card,196849.51
CUST101777,2021-04-25,Personal Loan,96870.46
CUST101777,2022-08-19,Personal Loan,123981.88
CUST101777,2021-12-04,Home Loan,6987.69
CUST101778,2022-06-12,Auto Loan,154991.92
CUST101778,2021-03-13,Personal Loan,164902.31
CUST101778,2022-03-22,Credit Card,154113.47
CUST101778,2021-09-29,Personal Loan,121420.64
CUST101779,2022-06-16,Home Loan,94238.34
CUST101779,2021-01-30,Unsecured Others,18381.74
CUST101779,2021-11-18,Personal Loan,87026.85
CUST101779,2021-05-30,Unsecured Others,113875.46
CUST101779,2022-08-20,Personal Loan,118470.0
CUST101779,2022-03-06,Home Loan,41061.14
CUST101780,2021-12-17,Auto Loan,157177.57
CUST101780,2021-10-02,Unsecured Others,101163.27
CUST101780,2021-03-25,Credit Card,52386.48
CUST101781,2022-01-23,Credit Card,9974.72
CUST101781,2021-05-15,Home Loan,170036.93
CUST101781,2021-09-05,Personal Loan,49490.38
CUST101781,2022-08-07,Auto Loan,104554.44
CUST101782,2021-11-09,Unsecured Others,7325.47
CUST101783,2022-07-23,Home Loan,71455.75
CUST101783,2021-01-18,Personal Loan,163986.14
CUST101783,2021-10-23,Home Loan,76068.39
CUST101784,2022-10-21,Personal Loan,130380.2
CUST101784,2021-02-09,Credit Card,42846.37
CUST101784,2022-06-14,Credit Card,44760.24
CUST101784,2021-05-15,Home Loan,92451.17
CUST101785,2021-11-26,Home Loan,182254.82
CUST101785,2022-04-01,Home Loan,63609.25
CUST101785,2021-02-19,Unsecured Others,166864.61
CUST101785,2022-03-29,Unsecured Others,107148.54
CUST101785,2022-07-30,Credit Card,44864.74
CUST101786,2021-12-08,Personal Loan,7710.52
CUST101786,2021-09-10,Personal Loan,142300.66
CUST101786,2022-06-07,Personal Loan,79178.62
CUST101786,2022-03-16,Auto Loan,198849.47
CUST101786,2021-11-19,Credit Card,22160.74
CUST101786,2021-11-22,Unsecured Others,38538.0
CUST101787,2022-01-22,Credit Card,42422.21
CUST101787,2022-05-28,Auto Loan,171205.54
CUST101788,2021-08-04,Auto Loan,149637.8
CUST101788,2022-07-18,Credit Card,25616.16
CUST101788,2021-06-29,Personal Loan,22763.55
CUST101788,2021-05-19,Unsecured Others,95005.09
CUST101789,2021-05-11,Unsecured Others,9936.03
CUST101789,2022-01-04,Credit Card,48440.38
CUST101790,2022-09-02,Personal Loan,130210.15
CUST101790,2022-04-16,Unsecured Others,71003.25
CUST101790,2021-12-22,Auto Loan,81009.03
CUST101790,2022-10-27,Home Loan,137082.43
CUST101790,2021-06-04,Home Loan,146827.17
CUST101790,2022-02-13,Home Loan,106794.33
CUST101791,2021-05-20,Auto Loan,83663.24
CUST101791,2022-08-18,Auto Loan,190043.75
CUST101791,2022-09-12,Home Loan,78474.89
CUST101791,2022-10-29,Home Loan,161550.17
CUST101791,2021-10-29,Personal Loan,182835.42
CUST101791,2022-10-23,Home Loan,82377.18
CUST101791,2021-07-31,Home Loan,67417.07
CUST101792,2022-04-27,Credit Card,88216.88
CUST101792,2021-09-30,Unsecured Others,124055.76
CUST101792,2022-01-24,Unsecured Others,22832.93
CUST101792,2022-06-21,Home Loan,183270.78
CUST101792,2022-06-18,Credit Card,88326.01
CUST101794,2022-02-07,Personal Loan,74081.52
CUST101795,2022-11-02,Personal Loan,168753.28
CUST101795,2022-07-09,Auto Loan,134837.82
CUST101795,2021-03-13,Auto Loan,19689.42
CUST101796,2022-03-03,Personal Loan,116758.51
CUST101797,2021-04-13,Personal Loan,150332.79
CUST101797,2022-06-07,Home Loan,46626.68
CUST101797,2022-05-14,Personal Loan,135705.59
CUST101797,2022-03-14,Auto Loan,74881.56
CUST101798,2022-08-18,Credit Card,57341.64
CUST101798,2021-07-13,Home Loan,75947.17
CUST101798,2021-07-06,Unsecured Others,93573.73
CUST101798,2021-08-25,Home Loan,38489.58
CUST101798,2022-10-08,Unsecured Others,123159.27
CUST101799,2021-02-13,Personal Loan,93494.04
CUST101799,2021-03-04,Personal Loan,26212.9
CUST101799,2022-08-22,Home Loan,153369.77
CUST101799,2021-06-25,Home Loan,7163.29
CUST101800,2022-01-21,Personal Loan,151456.65
CUST101800,2022-07-12,Credit Card,85759.24
CUST101800,2021-10-25,Auto Loan,195057.69
CUST101800,2021-06-13,Personal Loan,189818.56
CUST101800,2022-05-01,Personal Loan,191348.79
CUST101801,2022-03-01,Auto Loan,42964.7
CUST101801,2022-12-07,Personal Loan,126778.71
CUST101802,2022-01-07,Credit Card,197128.57
CUST101802,2022-12-17,Unsecured Others,177279.18
CUST101802,2022-05-23,Unsecured Others,146057.07
CUST101802,2021-07-06,Home Loan,10763.59
CUST101803,2021-05-10,Unsecured Others,191165.8
CUST101803,2021-01-06,Home Loan,111240.22
CUST101803,2022-03-24,Auto Loan,106693.27
CUST101803,2021-09-12,Home Loan,100071.64
CUST101803,2022-03-11,Unsecured Others,145806.2
CUST101804,2022-02-06,Home Loan,171640.18
CUST101804,2021-02-17,Auto Loan,105244.4
CUST101804,2022-01-26,Personal Loan,8048.87
CUST101804,2022-03-21,Home Loan,130039.9
CUST101805,2022-04-10,Unsecured Others,158175.18
CUST101805,2022-12-10,Home Loan,48076.97
CUST101805,2021-09-02,Auto Loan,163311.72
CUST101805,2022-11-19,Personal Loan,25538.62
CUST101805,2021-12-22,Home Loan,161629.09
CUST101805,2021-01-19,Unsecured Others,101002.18
CUST101805,2022-01-17,Unsecured Others,23515.15
CUST101806,2022-11-22,Unsecured Others,122723.33
CUST101806,2022-03-01,Credit Card,96459.75
CUST101807,2022-04-06,Credit Card,164023.55
CUST101807,2022-04-28,Auto Loan,41155.74
CUST101809,2021-10-12,Unsecured Others,107605.77
CUST101810,2021-11-21,Credit Card,162450.26
CUST101810,2022-07-14,Credit Card,165827.93
CUST101810,2022-09-16,Unsecured Others,127500.03
CUST101811,2022-08-27,Credit Card,36424.79
CUST101811,2021-08-21,Home Loan,198731.86
CUST101811,2022-11-14,Auto Loan,92068.08
CUST101812,2021-04-24,Auto Loan,60566.86
CUST101812,2022-04-09,Home Loan,49278.03
CUST101812,2022-09-30,Home Loan,108818.35
CUST101812,2021-01-14,Home Loan,96037.59
CUST101812,2022-04-11,Credit Card,60081.83
CUST101812,2021-08-31,Personal Loan,101463.09
CUST101812,2021-04-05,Home Loan,176696.79
CUST101813,2022-11-24,Personal Loan,78002.03
CUST101815,2021-11-14,Auto Loan,103626.34
CUST101815,2021-07-22,Home Loan,49891.16
CUST101815,2022-11-07,Home Loan,98401.89
CUST101815,2021-09-01,Home Loan,105793.3
CUST101816,2022-06-22,Credit Card,138142.26
CUST101816,2022-06-03,Auto Loan,138253.6
CUST101817,2022-04-15,Home Loan,139476.04
CUST101817,2022-11-13,Auto Loan,80734.66
CUST101817,2022-09-28,Personal Loan,100056.52
CUST101817,2022-09-12,Home Loan,176578.96
CUST101818,2021-06-14,Home Loan,129435.35
CUST101818,2022-10-29,Unsecured Others,92933.07
CUST101818,2021-07-26,Personal Loan,69639.16
CUST101820,2022-12-03,Auto Loan,189373.72
CUST101820,2021-03-06,Home Loan,100356.63
CUST101820,2022-12-24,Auto Loan,33700.33
CUST101821,2021-06-27,Home Loan,186217.62
CUST101821,2022-05-05,Auto Loan,79624.72
CUST101821,2021-04-07,Personal Loan,83928.97
CUST101821,2021-12-17,Auto Loan,136924.49
CUST101821,2022-04-08,Unsecured Others,121581.46
CUST101821,2021-11-06,Auto Loan,177016.92
CUST101821,2022-04-03,Home Loan,87586.89
CUST101822,2021-10-30,Unsecured Others,130730.35
CUST101822,2022-05-30,Credit Card,20780.96
CUST101822,2022-11-13,Personal Loan,55905.14
CUST101822,2022-12-23,Personal Loan,64527.15
CUST101822,2021-12-01,Auto Loan,84418.71
CUST101823,2021-04-21,Home Loan,5339.91
CUST101823,2022-07-01,Unsecured Others,162100.33
CUST101823,2021-10-23,Unsecured Others,143790.12
CUST101823,2022-02-27,Credit Card,140120.63
CUST101824,2022-10-14,Unsecured Others,72952.31
CUST101824,2022-11-09,Unsecured Others,159516.56
CUST101824,2021-07-26,Unsecured Others,175028.91
CUST101824,2021-03-23,Home Loan,36440.38
CUST101825,2021-02-24,Auto Loan,86457.37
CUST101825,2022-05-27,Unsecured Others,21963.57
CUST101825,2021-05-27,Credit Card,77021.52
CUST101825,2022-02-22,Auto Loan,18995.11
CUST101825,2022-08-02,Home Loan,110707.68
CUST101825,2021-11-25,Credit Card,101907.57
CUST101825,2021-09-26,Auto Loan,136305.85
CUST101826,2021-07-29,Home Loan,182784.81
CUST101826,2021-07-23,Credit Card,49089.37
CUST101826,2021-12-25,Home Loan,129734.91
CUST101826,2022-05-11,Auto Loan,5603.75
CUST101826,2022-10-04,Auto Loan,56536.75
CUST101827,2022-10-23,Unsecured Others,130986.79
CUST101827,2021-03-17,Unsecured Others,130486.37
CUST101827,2022-03-23,Home Loan,162839.49
CUST101827,2021-12-06,Unsecured Others,162578.21
CUST101827,2021-01-22,Home Loan,45574.05
CUST101827,2021-03-17,Personal Loan,46859.7
CUST101827,2022-03-24,Personal Loan,54261.91
CUST101828,2022-01-21,Credit Card,164233.79
CUST101828,2022-06-21,Credit Card,113682.62
CUST101828,2021-10-20,Unsecured Others,42456.69
CUST101829,2021-09-07,Credit Card,133009.69
CUST101829,2021-08-07,Unsecured Others,113308.96
CUST101830,2022-05-08,Personal Loan,199282.96
CUST101830,2021-05-17,Auto Loan,126865.09
CUST101830,2021-07-17,Home Loan,182975.84
CUST101830,2021-11-04,Home Loan,58860.52
CUST101831,2021-06-20,Unsecured Others,65080.88
CUST101831,2022-07-30,Personal Loan,187318.5
CUST101831,2022-04-13,Auto Loan,153133.81
CUST101831,2021-04-25,Unsecured Others,164080.36
CUST101832,2021-03-04,Home Loan,76483.8
CUST101832,2022-11-10,Credit Card,5141.67
CUST101832,2021-01-09,Home Loan,59041.01
CUST101832,2021-11-19,Credit Card,41977.8
CUST101833,2022-06-15,Personal Loan,194071.04
CUST101833,2022-04-06,Home Loan,178671.89
CUST101833,2022-08-14,Unsecured Others,164036.15
CUST101833,2022-11-29,Auto Loan,119343.69
CUST101834,2022-01-06,Personal Loan,120424.31
CUST101834,2022-01-19,Home Loan,5047.03
CUST101834,2022-08-28,Home Loan,23299.03
CUST101834,2022-04-08,Auto Loan,106580.88
CUST101834,2021-09-07,Personal Loan,49521.35
CUST101834,2022-10-15,Personal Loan,113496.96
CUST101835,2021-11-13,Home Loan,100314.58
CUST101835,2021-10-02,Home Loan,51601.59
CUST101835,2021-08-05,Auto Loan,195505.68
CUST101835,2022-07-12,Unsecured Others,42857.05
CUST101835,2022-03-29,Personal Loan,95475.84
CUST101836,2021-07-12,Personal Loan,114229.4
CUST101837,2021-02-14,Unsecured Others,190662.7
CUST101837,2021-02-16,Credit Card,54817.62
CUST101837,2021-09-22,Unsecured Others,139601.28
CUST101838,2021-01-08,Home Loan,69088.07
CUST101838,2022-02-03,Home Loan,95358.82
CUST101838,2022-05-15,Auto Loan,82548.93
CUST101838,2021-08-04,Unsecured Others,98884.69
CUST101838,2021-04-06,Personal Loan,199568.28
CUST101838,2022-04-30,Unsecured Others,191204.94
CUST101839,2022-01-09,Unsecured Others,50532.79
CUST101840,2021-01-22,Credit Card,33402.16
CUST101840,2021-08-06,Auto Loan,27593.5
CUST101840,2022-12-22,Auto Loan,119076.08
CUST101840,2022-08-14,Auto Loan,165903.38
CUST101840,2021-03-26,Auto Loan,81000.12
CUST101840,2021-01-05,Auto Loan,141107.07
CUST101840,2022-09-18,Home Loan,152814.94
CUST101841,2021-11-30,Auto Loan,154111.82
CUST101841,2021-08-30,Auto Loan,104660.88
CUST101841,2022-09-22,Personal Loan,196517.39
CUST101841,2021-01-31,Home Loan,133721.19
CUST101842,2022-06-27,Unsecured Others,39013.59
CUST101842,2021-08-31,Personal Loan,54617.0
CUST101842,2021-04-02,Unsecured Others,99062.04
CUST101842,2021-04-26,Personal Loan,171625.36
CUST101842,2022-03-04,Credit Card,177990.49
CUST101842,2022-06-12,Auto Loan,193594.34
CUST101843,2021-02-16,Auto Loan,77387.88
CUST101843,2021-05-27,Credit Card,127383.07
CUST101843,2021-12-28,Unsecured Others,123990.0
CUST101843,2021-07-26,Personal Loan,140300.1
CUST101843,2021-08-28,Unsecured Others,27078.24
CUST101844,2021-11-17,Auto Loan,174844.17
CUST101844,2022-11-18,Personal Loan,14075.11
CUST101844,2021-08-04,Auto Loan,55808.17
CUST101844,2022-06-08,Credit Card,194457.73
CUST101844,2022-03-27,Unsecured Others,17144.26
CUST101845,2022-07-15,Personal Loan,66270.84
CUST101846,2022-09-21,Auto Loan,120359.75
CUST101846,2021-02-22,Home Loan,99107.15
CUST101846,2021-12-23,Credit Card,80369.38
CUST101846,2021-07-31,Home Loan,6221.76
CUST101846,2022-02-23,Auto Loan,198057.89
CUST101846,2021-12-25,Credit Card,189353.37
CUST101847,2021-03-25,Auto Loan,159783.53
CUST101847,2022-10-23,Credit Card,120167.01
CUST101847,2022-06-17,Personal Loan,127675.5
CUST101847,2021-07-06,Unsecured Others,147738.44
CUST101847,2021-05-03,Personal Loan,26948.51
CUST101847,2021-04-17,Personal Loan,173841.97
CUST101848,2021-08-03,Credit Card,124267.69
CUST101850,2022-05-16,Auto Loan,73226.5
CUST101850,2021-05-15,Home Loan,107594.55
CUST101850,2022-07-28,Home Loan,32441.78
CUST101850,2021-11-28,Personal Loan,114823.46
CUST101850,2021-03-05,Unsecured Others,103065.48
CUST101850,2022-07-13,Unsecured Others,173197.25
CUST101851,2021-10-07,Credit Card,181792.86
CUST101851,2022-02-20,Personal Loan,145202.72
CUST101851,2022-12-07,Unsecured Others,135803.8
CUST101851,2022-03-17,Unsecured Others,127103.14
CUST101851,2021-03-16,Home Loan,186212.22
CUST101851,2021-01-13,Unsecured Others,167356.22
CUST101852,2022-03-14,Home Loan,88740.8
CUST101854,2021-07-30,Unsecured Others,12053.38
CUST101854,2022-03-10,Unsecured Others,18174.08
CUST101855,2022-06-22,Home Loan,198479.2
CUST101855,2021-01-30,Personal Loan,142113.17
CUST101855,2021-09-10,Personal Loan,67117.18
CUST101855,2022-07-21,Home Loan,47347.78
CUST101855,2022-02-23,Personal Loan,67170.39
CUST101855,2021-06-17,Auto Loan,123082.08
CUST101856,2022-05-09,Unsecured Others,185107.66
CUST101856,2021-09-11,Auto Loan,180786.41
CUST101856,2021-05-26,Home Loan,38567.31
CUST101858,2022-09-12,Personal Loan,14202.38
CUST101858,2021-07-29,Credit Card,25212.88
CUST101859,2021-08-05,Personal Loan,191150.92
CUST101859,2022-01-28,Auto Loan,14566.51
CUST101859,2022-11-08,Credit Card,70964.47
CUST101859,2022-09-01,Credit Card,108325.44
CUST101859,2022-10-30,Home Loan,69276.75
CUST101859,2022-09-23,Credit Card,95778.53
CUST101860,2022-12-19,Unsecured Others,173588.69
CUST101860,2021-06-02,Auto Loan,94280.8
CUST101861,2021-06-30,Personal Loan,90112.26
CUST101861,2022-04-14,Auto Loan,189762.52
CUST101861,2022-02-20,Personal Loan,134023.77
CUST101861,2022-10-15,Home Loan,157788.54
CUST101862,2022-11-04,Unsecured Others,38451.3
CUST101862,2022-12-21,Unsecured Others,31213.68
CUST101862,2022-10-18,Home Loan,30219.28
CUST101863,2022-11-18,Home Loan,22431.58
CUST101865,2022-11-07,Credit Card,129047.75
CUST101865,2021-07-27,Unsecured Others,198778.25
CUST101865,2022-09-09,Personal Loan,88752.5
CUST101865,2021-01-24,Auto Loan,25382.69
CUST101865,2022-11-07,Credit Card,161575.27
CUST101865,2022-11-01,Home Loan,118069.37
CUST101866,2021-06-05,Personal Loan,197200.45
CUST101866,2022-02-14,Unsecured Others,162568.49
CUST101866,2022-02-07,Personal Loan,129985.13
CUST101867,2021-05-04,Unsecured Others,171867.12
CUST101867,2022-01-07,Home Loan,15186.23
CUST101867,2021-08-16,Personal Loan,178468.25
CUST101867,2021-05-04,Credit Card,92777.68
CUST101868,2021-07-07,Home Loan,11714.77
CUST101868,2022-05-04,Credit Card,25112.64
CUST101868,2022-08-17,Personal Loan,25100.12
CUST101868,2021-10-24,Personal Loan,7323.7
CUST101868,2021-11-26,Auto Loan,60541.32
CUST101869,2021-05-12,Auto Loan,114346.19
CUST101869,2021-05-23,Personal Loan,55681.73
CUST101869,2021-11-06,Credit Card,127875.22
CUST101870,2022-08-03,Auto Loan,9499.95
CUST101871,2021-08-11,Personal Loan,183425.5
CUST101871,2021-10-19,Home Loan,77227.63
CUST101871,2021-12-31,Home Loan,141214.75
CUST101871,2021-09-03,Unsecured Others,21228.56
CUST101872,2022-01-17,Unsecured Others,52742.11
CUST101872,2021-09-12,Auto Loan,174544.88
CUST101872,2021-05-14,Unsecured Others,154667.82
CUST101872,2021-10-28,Auto Loan,103877.81
CUST101873,2022-03-02,Auto Loan,165065.85
CUST101873,2022-12-22,Credit Card,119730.23
CUST101873,2022-05-14,Personal Loan,86420.36
CUST101873,2021-10-16,Auto Loan,156710.28
CUST101873,2021-11-09,Home Loan,53484.82
CUST101874,2021-08-10,Auto Loan,58613.41
CUST101874,2021-08-09,Auto Loan,188154.62
CUST101874,2022-07-30,Credit Card,74311.34
CUST101874,2022-01-05,Unsecured Others,32769.64
CUST101874,2022-01-20,Unsecured Others,39321.59
CUST101874,2022-05-20,Personal Loan,112098.94
CUST101874,2021-03-03,Auto Loan,47885.83
CUST101876,2021-12-12,Credit Card,179049.37
CUST101876,2021-12-19,Auto Loan,78356.44
CUST101876,2022-09-18,Personal Loan,90811.04
CUST101876,2022-06-14,Auto Loan,58675.42
CUST101877,2021-02-05,Auto Loan,124679.07
CUST101877,2022-08-05,Personal Loan,134031.64
CUST101879,2021-01-12,Credit Card,93603.07
CUST101881,2022-01-18,Personal Loan,12694.48
CUST101881,2022-11-28,Personal Loan,12862.29
CUST101881,2021-05-27,Unsecured Others,126725.41
CUST101881,2022-05-23,Personal Loan,189459.66
CUST101881,2021-04-06,Home Loan,46355.42
CUST101882,2022-10-28,Personal Loan,30509.75
CUST101882,2022-10-26,Unsecured Others,183809.66
CUST101882,2022-05-06,Unsecured Others,146037.88
CUST101882,2022-11-17,Unsecured Others,73350.93
CUST101882,2022-03-27,Home Loan,12682.1
CUST101882,2021-11-14,Home Loan,70476.82
CUST101883,2021-10-15,Unsecured Others,82711.6
CUST101883,2021-10-10,Home Loan,95928.92
CUST101884,2022-06-25,Auto Loan,194936.39
CUST101884,2022-10-17,Auto Loan,83857.97
CUST101884,2022-06-27,Unsecured Others,122372.08
CUST101884,2022-01-22,Personal Loan,124202.7
CUST101884,2022-09-06,Credit Card,171271.66
CUST101885,2022-06-30,Home Loan,61419.51
CUST101885,2022-04-21,Credit Card,181135.23
CUST101885,2022-05-02,Auto Loan,112896.16
CUST101885,2021-07-01,Personal Loan,190134.06
CUST101885,2021-09-06,Unsecured Others,7225.36
CUST101885,2021-06-23,Unsecured Others,63293.28
CUST101885,2022-08-16,Unsecured Others,92335.86
CUST101886,2021-04-01,Personal Loan,109526.22
CUST101886,2021-01-18,Auto Loan,149510.06
CUST101886,2022-07-30,Home Loan,25908.92
CUST101886,2022-11-11,Personal Loan,84786.65
CUST101886,2022-07-16,Auto Loan,198502.44
CUST101886,2022-09-29,Unsecured Others,116262.81
CUST101886,2021-08-21,Credit Card,138581.23
CUST101887,2021-05-01,Unsecured Others,45713.22
CUST101887,2021-05-11,Home Loan,198700.95
CUST101887,2022-02-09,Unsecured Others,136140.4
CUST101887,2022-05-19,Credit Card,56650.51
CUST101887,2022-11-18,Home Loan,178460.67
CUST101887,2021-10-08,Credit Card,103410.4
CUST101888,2021-02-03,Credit Card,14607.75
CUST101888,2022-12-08,Credit Card,140561.33
CUST101888,2022-02-09,Credit Card,139473.69
CUST101888,2022-08-06,Home Loan,146406.2
CUST101888,2022-09-20,Auto Loan,111075.3
CUST101888,2021-10-27,Auto Loan,19516.76
CUST101889,2021-05-09,Credit Card,77984.12
CUST101889,2022-02-27,Credit Card,25570.93
CUST101889,2022-02-13,Auto Loan,30712.25
CUST101890,2021-02-21,Credit Card,92576.17
CUST101890,2021-07-27,Unsecured Others,152297.13
CUST101890,2021-07-07,Home Loan,158363.71
CUST101891,2022-09-16,Personal Loan,124182.4
CUST101891,2021-12-06,Unsecured Others,23984.47
CUST101891,2022-10-29,Personal Loan,190067.98
CUST101893,2022-04-26,Unsecured Others,58428.88
CUST101893,2021-04-09,Home Loan,69838.14
CUST101893,2021-04-14,Auto Loan,156614.27
CUST101894,2022-07-07,Personal Loan,68060.54
CUST101894,2022-01-17,Home Loan,176635.67
CUST101894,2021-02-06,Home Loan,6471.78
CUST101894,2021-12-29,Unsecured Others,42627.15
CUST101895,2021-06-18,Personal Loan,27959.24
CUST101895,2021-04-07,Personal Loan,47799.24
CUST101895,2022-05-01,Home Loan,150945.89
CUST101895,2021-03-04,Credit Card,31195.1
CUST101897,2021-04-12,Unsecured Others,183200.05
CUST101897,2021-06-04,Home Loan,90834.41
CUST101897,2022-09-29,Unsecured Others,63544.95
CUST101897,2022-02-11,Personal Loan,131526.04
CUST101897,2022-08-11,Unsecured Others,98094.74
CUST101899,2021-12-18,Credit Card,148652.71
CUST101899,2022-07-10,Personal Loan,15770.42
CUST101899,2022-10-17,Unsecured Others,40160.34
CUST101903,2022-06-04,Personal Loan,124386.48
CUST101903,2021-05-10,Personal Loan,158928.19
CUST101904,2022-01-14,Auto Loan,187409.9
CUST101905,2022-08-27,Home Loan,131030.54
CUST101905,2022-04-13,Credit Card,48908.76
CUST101905,2021-03-14,Auto Loan,151930.71
CUST101906,2022-11-25,Unsecured Others,63191.8
CUST101906,2022-05-17,Auto Loan,89628.05
CUST101906,2021-02-20,Credit Card,92607.06
CUST101907,2022-08-03,Auto Loan,188054.1
CUST101907,2022-09-12,Unsecured Others,72671.09
CUST101907,2022-03-16,Home Loan,17049.74
CUST101907,2022-06-29,Unsecured Others,44565.97
CUST101907,2022-08-31,Credit Card,41735.5
CUST101907,2021-03-22,Personal Loan,163941.99
CUST101907,2021-02-16,Home Loan,185047.25
CUST101908,2021-03-03,Credit Card,164234.98
CUST101908,2022-05-21,Home Loan,81607.83
CUST101908,2022-04-29,Personal Loan,11671.29
CUST101908,2022-12-24,Personal Loan,84492.25
CUST101908,2021-11-20,Home Loan,175760.36
CUST101908,2021-03-30,Home Loan,38883.99
CUST101909,2021-07-18,Personal Loan,38000.95
CUST101909,2021-11-11,Personal Loan,186809.16
CUST101909,2022-12-15,Personal Loan,43942.82
CUST101909,2022-12-26,Personal Loan,26109.61
CUST101909,2021-03-10,Credit Card,68553.2
CUST101909,2022-05-11,Personal Loan,121059.38
CUST101910,2022-02-14,Auto Loan,166987.87
CUST101911,2021-12-02,Personal Loan,33506.26
CUST101912,2022-08-18,Personal Loan,71633.49
CUST101912,2022-03-20,Auto Loan,179291.01
CUST101912,2022-07-20,Home Loan,17766.19
CUST101912,2021-10-23,Credit Card,60049.88
CUST101913,2022-06-06,Credit Card,137092.48
CUST101913,2021-02-18,Personal Loan,118753.7
CUST101913,2021-05-26,Credit Card,87643.92
CUST101913,2021-02-24,Home Loan,69697.03
CUST101913,2022-02-11,Auto Loan,128593.27
CUST101913,2021-11-23,Auto Loan,120354.09
CUST101913,2022-04-02,Auto Loan,157614.19
CUST101914,2021-11-06,Personal Loan,102568.32
CUST101914,2021-03-08,Credit Card,66216.35
CUST101915,2021-08-31,Auto Loan,133822.72
CUST101916,2022-03-02,Auto Loan,149647.63
CUST101917,2022-07-23,Personal Loan,178815.8
CUST101917,2021-11-20,Home Loan,193750.05
CUST101917,2022-06-13,Auto Loan,176530.67
CUST101917,2022-11-05,Home Loan,25420.88
CUST101917,2022-01-30,Credit Card,141048.77
CUST101918,2021-02-20,Home Loan,11625.88
CUST101918,2022-11-08,Personal Loan,26805.05
CUST101918,2022-04-09,Auto Loan,71899.54
CUST101918,2022-04-08,Personal Loan,87997.81
CUST101918,2022-06-07,Auto Loan,63315.51
CUST101919,2022-12-06,Personal Loan,65863.6
CUST101919,2021-06-16,Unsecured Others,112535.51
CUST101919,2021-08-14,Auto Loan,13672.7
CUST101919,2022-02-24,Unsecured Others,127899.16
CUST101919,2022-09-22,Home Loan,187030.43
CUST101922,2022-03-17,Auto Loan,140705.17
CUST101922,2022-03-01,Credit Card,181689.06
CUST101923,2021-01-27,Unsecured Others,102293.81
CUST101923,2021-06-08,Auto Loan,53335.3
CUST101923,2021-04-11,Home Loan,29572.37
CUST101923,2022-10-11,Personal Loan,126913.7
CUST101924,2021-10-08,Auto Loan,116551.13
CUST101924,2022-04-05,Home Loan,20637.67
CUST101925,2021-09-23,Credit Card,108029.51
CUST101925,2022-03-03,Personal Loan,142930.71
CUST101925,2021-08-20,Credit Card,189120.35
CUST101925,2022-07-22,Credit Card,80899.4
CUST101926,2021-09-24,Unsecured Others,121415.62
CUST101927,2022-06-08,Personal Loan,170789.88
CUST101927,2021-05-30,Unsecured Others,80165.1
CUST101927,2021-08-15,Credit Card,107742.92
CUST101927,2021-05-22,Personal Loan,36005.98
CUST101927,2022-01-26,Home Loan,51452.69
CUST101927,2022-07-08,Auto Loan,114557.65
CUST101927,2022-05-10,Unsecured Others,157326.0
CUST101928,2021-10-27,Unsecured Others,148200.86
CUST101928,2021-12-01,Credit Card,99586.43
CUST101928,2021-09-10,Auto Loan,199592.39
CUST101929,2021-09-16,Credit Card,59442.0
CUST101929,2022-05-04,Unsecured Others,31146.05
CUST101929,2022-03-09,Unsecured Others,17316.68
CUST101929,2022-06-03,Unsecured Others,54972.43
CUST101931,2021-05-28,Credit Card,197551.9
CUST101931,2021-09-18,Home Loan,27732.64
CUST101931,2021-12-05,Credit Card,95415.61
CUST101931,2022-01-26,Credit Card,90054.38
CUST101931,2021-03-14,Unsecured Others,143290.39
CUST101932,2021-08-22,Personal Loan,185150.33
CUST101932,2022-05-29,Personal Loan,19067.97
CUST101932,2021-04-29,Personal Loan,165437.95
CUST101932,2021-12-03,Personal Loan,53409.03
CUST101932,2022-12-25,Home Loan,58883.77
CUST101932,2021-07-12,Unsecured Others,22829.31
CUST101933,2022-01-09,Credit Card,147057.99
CUST101933,2021-01-14,Home Loan,19512.42
CUST101933,2021-01-29,Personal Loan,52316.37
CUST101933,2022-02-09,Auto Loan,16552.36
CUST101933,2021-09-22,Auto Loan,48096.88
CUST101933,2021-03-15,Personal Loan,135402.16
CUST101934,2022-07-23,Personal Loan,54985.37
CUST101934,2022-07-21,Home Loan,199732.79
CUST101934,2022-12-03,Personal Loan,71074.37
CUST101934,2021-08-11,Home Loan,195037.43
CUST101934,2022-09-09,Auto Loan,187804.19
CUST101934,2022-11-26,Unsecured Others,148274.4
CUST101934,2022-10-07,Unsecured Others,30933.11
CUST101935,2021-03-04,Credit Card,167963.21
CUST101935,2022-01-10,Auto Loan,95564.96
CUST101935,2021-08-14,Unsecured Others,21383.47
CUST101935,2021-05-27,Home Loan,138884.91
CUST101935,2021-02-27,Unsecured Others,120570.92
CUST101935,2021-07-25,Personal Loan,9787.83
CUST101935,2021-11-16,Auto Loan,46653.68
CUST101936,2021-11-30,Unsecured Others,134991.21
CUST101936,2022-05-30,Auto Loan,26444.29
CUST101936,2022-07-29,Personal Loan,178554.48
CUST101936,2021-11-21,Personal Loan,14645.33
CUST101936,2022-09-29,Credit Card,188629.46
CUST101937,2022-10-07,Home Loan,18492.18
CUST101937,2021-10-08,Auto Loan,55845.67
CUST101937,2022-09-21,Personal Loan,55873.22
CUST101938,2022-02-25,Personal Loan,93246.48
CUST101938,2021-04-22,Personal Loan,148424.46
CUST101938,2021-09-26,Credit Card,176333.83
CUST101938,2022-12-16,Personal Loan,134088.13
CUST101938,2021-03-07,Credit Card,101700.0
CUST101939,2021-05-03,Credit Card,82212.03
CUST101939,2021-11-19,Personal Loan,18872.67
CUST101939,2021-05-19,Credit Card,80731.62
CUST101939,2022-10-27,Auto Loan,69481.01
CUST101939,2021-11-02,Credit Card,162413.13
CUST101939,2021-04-05,Credit Card,91249.35
CUST101939,2022-01-29,Personal Loan,62022.54
CUST101941,2022-02-14,Personal Loan,127626.36
CUST101941,2022-01-27,Credit Card,182867.26
CUST101941,2022-08-04,Auto Loan,57923.9
CUST101941,2022-03-27,Credit Card,84146.07
CUST101941,2022-07-30,Home Loan,124366.73
CUST101942,2021-06-07,Home Loan,58246.05
CUST101942,2021-03-19,Personal Loan,156859.44
CUST101942,2021-04-09,Personal Loan,61003.29
CUST101943,2022-05-29,Home Loan,111747.07
CUST101943,2022-07-14,Unsecured Others,146651.28
CUST101943,2022-02-02,Personal Loan,173437.03
CUST101943,2021-02-03,Personal Loan,6542.31
CUST101943,2022-07-02,Home Loan,192171.98
CUST101944,2021-11-07,Home Loan,109243.41
CUST101944,2021-06-02,Auto Loan,114658.18
CUST101944,2021-01-14,Unsecured Others,186280.94
CUST101944,2022-05-06,Credit Card,195238.41
CUST101944,2022-07-13,Home Loan,160709.59
CUST101944,2021-12-19,Auto Loan,63144.74
CUST101944,2022-05-14,Personal Loan,46094.41
CUST101945,2022-08-27,Personal Loan,175257.7
CUST101945,2021-02-03,Personal Loan,157285.46
CUST101945,2021-01-28,Auto Loan,161483.71
CUST101949,2021-04-08,Personal Loan,144691.86
CUST101949,2022-11-08,Home Loan,129298.04
CUST101949,2021-07-31,Home Loan,139618.4
CUST101949,2021-02-15,Unsecured Others,161907.78
CUST101949,2022-09-08,Credit Card,193826.92
CUST101949,2021-11-30,Home Loan,52432.73
CUST101950,2021-09-24,Unsecured Others,194427.49
CUST101950,2021-06-11,Credit Card,106385.19
CUST101950,2021-12-21,Personal Loan,42672.13
CUST101952,2021-06-28,Personal Loan,37221.63
CUST101952,2021-01-14,Credit Card,105113.08
CUST101952,2022-11-25,Unsecured Others,137562.77
CUST101952,2021-06-28,Home Loan,54823.1
CUST101952,2022-08-29,Personal Loan,8641.21
CUST101952,2022-09-29,Home Loan,56759.59
CUST101953,2021-05-16,Credit Card,137222.3
CUST101953,2021-09-08,Credit Card,140045.25
CUST101954,2021-07-29,Personal Loan,91111.96
CUST101954,2021-08-30,Home Loan,76488.99
CUST101954,2022-11-21,Home Loan,137351.79
CUST101954,2021-08-22,Credit Card,35728.66
CUST101954,2022-05-11,Unsecured Others,119166.19
CUST101954,2021-12-31,Home Loan,86703.83
CUST101954,2021-11-13,Unsecured Others,135218.26
CUST101955,2022-08-25,Auto Loan,100761.08
CUST101955,2022-01-21,Home Loan,67725.11
CUST101955,2021-04-27,Unsecured Others,73488.94
CUST101955,2022-04-21,Home Loan,42131.94
CUST101955,2021-11-23,Unsecured Others,82653.23
CUST101956,2022-02-17,Unsecured Others,175616.23
CUST101956,2021-02-12,Home Loan,126656.88
CUST101956,2022-12-29,Auto Loan,166109.33
CUST101957,2022-02-22,Credit Card,83143.94
CUST101957,2022-09-29,Credit Card,194500.94
CUST101957,2022-09-06,Auto Loan,158273.37
CUST101957,2021-05-01,Personal Loan,147275.26
CUST101959,2021-06-30,Credit Card,179456.03
CUST101959,2022-07-12,Personal Loan,158301.3
CUST101959,2021-08-23,Personal Loan,87277.34
CUST101959,2021-04-17,Auto Loan,63933.52
CUST101959,2022-12-25,Auto Loan,124241.76
CUST101961,2021-05-10,Credit Card,151037.87
CUST101961,2022-05-17,Auto Loan,130845.6
CUST101961,2022-09-21,Unsecured Others,20976.84
CUST101962,2022-07-17,Home Loan,162871.11
CUST101962,2022-11-23,Credit Card,68794.8
CUST101962,2021-01-23,Personal Loan,167885.4
CUST101962,2022-08-09,Auto Loan,60115.21
CUST101962,2021-06-11,Personal Loan,118247.03
CUST101963,2021-05-02,Unsecured Others,129893.92
CUST101964,2022-11-21,Auto Loan,177831.08
CUST101964,2022-07-15,Auto Loan,53717.15
CUST101964,2021-12-02,Credit Card,65957.26
CUST101964,2022-03-01,Credit Card,155776.99
CUST101965,2021-09-09,Auto Loan,155093.19
CUST101965,2022-06-11,Home Loan,13907.38
CUST101965,2022-11-02,Auto Loan,165029.38
CUST101966,2022-04-26,Home Loan,192476.79
CUST101966,2021-11-15,Personal Loan,39781.09
CUST101966,2021-04-02,Home Loan,22695.35
CUST101966,2022-08-21,Home Loan,186941.04
CUST101966,2022-07-17,Auto Loan,57702.83
CUST101966,2021-12-29,Unsecured Others,191839.7
CUST101967,2022-07-22,Personal Loan,76876.34
CUST101967,2022-11-02,Auto Loan,193718.02
CUST101968,2022-03-14,Credit Card,125285.96
CUST101968,2022-06-27,Credit Card,164041.26
CUST101968,2021-04-22,Credit Card,173606.81
CUST101968,2021-03-16,Unsecured Others,49291.47
CUST101968,2021-12-18,Auto Loan,107913.84
CUST101968,2022-06-24,Personal Loan,169728.13
CUST101968,2022-10-25,Unsecured Others,174343.27
CUST101969,2021-01-18,Auto Loan,148245.0
CUST101969,2022-01-19,Home Loan,147063.88
CUST101969,2021-03-31,Credit Card,76362.05
CUST101969,2022-12-20,Credit Card,178244.39
CUST101970,2022-08-19,Auto Loan,13207.7
CUST101970,2021-11-05,Unsecured Others,40586.74
CUST101970,2022-05-11,Auto Loan,47811.05
CUST101970,2021-09-02,Home Loan,110664.22
CUST101970,2022-06-28,Unsecured Others,176403.12
CUST101970,2022-07-04,Personal Loan,11209.72
CUST101970,2021-09-21,Home Loan,133724.15
CUST101972,2022-09-17,Auto Loan,125498.09
CUST101972,2021-06-11,Personal Loan,60997.82
CUST101972,2022-11-22,Unsecured Others,174165.71
CUST101972,2022-10-15,Unsecured Others,144771.34
CUST101973,2022-09-25,Home Loan,147345.27
CUST101973,2021-08-12,Unsecured Others,25193.78
CUST101973,2022-08-21,Personal Loan,60149.99
CUST101974,2021-11-13,Auto Loan,18722.9
CUST101974,2022-02-07,Auto Loan,153121.46
CUST101974,2022-04-05,Credit Card,164650.26
CUST101974,2021-07-15,Credit Card,106631.65
CUST101974,2022-06-03,Auto Loan,104453.61
CUST101977,2022-11-14,Auto Loan,136647.05
CUST101977,2021-05-19,Home Loan,88352.53
CUST101977,2022-12-18,Unsecured Others,5304.21
CUST101978,2021-01-20,Credit Card,124859.55
CUST101978,2021-10-09,Credit Card,40283.94
CUST101978,2021-03-22,Unsecured Others,169709.46
CUST101978,2021-08-13,Credit Card,24499.45
CUST101979,2022-10-26,Auto Loan,134684.25
CUST101979,2022-07-15,Unsecured Others,20393.05
CUST101979,2021-11-08,Auto Loan,86684.84
CUST101979,2022-08-04,Auto Loan,131052.08
CUST101979,2022-02-28,Auto Loan,63660.2
CUST101980,2022-08-20,Auto Loan,140383.33
CUST101980,2022-09-09,Credit Card,46928.7
CUST101980,2021-12-14,Personal Loan,197124.19
CUST101981,2021-01-08,Credit Card,119249.8
CUST101981,2022-01-06,Unsecured Others,162481.47
CUST101981,2021-10-23,Personal Loan,13298.99
CUST101981,2021-11-16,Unsecured Others,14429.42
CUST101982,2021-08-20,Credit Card,100018.17
CUST101982,2022-05-31,Auto Loan,107753.58
CUST101982,2021-10-20,Personal Loan,177922.62
CUST101982,2022-01-07,Auto Loan,97405.28
CUST101982,2021-06-17,Auto Loan,85245.25
CUST101982,2021-02-14,Unsecured Others,145344.14
CUST101983,2022-04-30,Unsecured Others,185959.56
CUST101984,2022-04-08,Personal Loan,192310.94
CUST101984,2022-04-06,Personal Loan,65509.14
CUST101984,2021-09-11,Credit Card,147596.36
CUST101984,2021-06-06,Home Loan,67512.39
CUST101984,2021-10-17,Auto Loan,193973.26
CUST101985,2022-04-22,Auto Loan,90832.5
CUST101985,2021-08-19,Personal Loan,160539.47
CUST101985,2021-03-01,Unsecured Others,179948.0
CUST101985,2021-08-25,Credit Card,122987.48
CUST101985,2021-09-14,Auto Loan,97698.26
CUST101986,2022-07-24,Home Loan,110775.0
CUST101986,2022-05-02,Unsecured Others,8840.9
CUST101986,2021-02-08,Auto Loan,58801.45
CUST101986,2022-06-13,Credit Card,186669.13
CUST101987,2021-10-06,Auto Loan,70660.92
CUST101987,2022-02-28,Unsecured Others,156213.37
CUST101987,2021-11-07,Personal Loan,169401.76
CUST101988,2021-12-08,Home Loan,165659.08
CUST101988,2021-12-01,Personal Loan,144003.89
CUST101988,2022-04-21,Credit Card,143246.44
CUST101988,2022-06-16,Credit Card,180203.65
CUST101988,2021-05-27,Credit Card,42258.24
CUST101988,2022-05-02,Credit Card,40585.91
CUST101990,2022-10-05,Auto Loan,137368.1
CUST101990,2021-08-16,Credit Card,146249.76
CUST101990,2021-05-28,Home Loan,141546.95
CUST101990,2021-12-17,Auto Loan,98367.49
CUST101990,2021-05-28,Unsecured Others,165077.34
CUST101991,2022-04-21,Credit Card,194406.53
CUST101991,2022-01-30,Auto Loan,111311.93
CUST101991,2022-11-17,Unsecured Others,16180.16
CUST101991,2022-08-28,Auto Loan,99920.13
CUST101991,2021-07-26,Credit Card,177725.67
CUST101992,2021-09-05,Home Loan,190532.55
CUST101992,2021-01-03,Personal Loan,37752.93
CUST101992,2021-12-20,Unsecured Others,63784.26
CUST101992,2021-05-08,Unsecured Others,197428.36
CUST101992,2022-01-01,Auto Loan,134180.4
CUST101992,2022-06-05,Unsecured Others,92641.46
CUST101992,2022-01-30,Auto Loan,181009.89
CUST101993,2022-01-14,Credit Card,111054.79
CUST101993,2022-07-10,Home Loan,59556.55
CUST101993,2021-11-15,Unsecured Others,42668.6
CUST101993,2022-12-10,Credit Card,198638.77
CUST101993,2021-07-24,Personal Loan,190628.23
CUST101994,2022-06-10,Credit Card,164742.83
CUST101994,2022-11-03,Auto Loan,177765.81
CUST101994,2021-05-27,Credit Card,119770.86
CUST101994,2021-06-11,Unsecured Others,114175.68
CUST101994,2022-09-06,Auto Loan,107811.11
CUST101994,2021-01-03,Unsecured Others,165749.33
CUST101994,2021-11-08,Unsecured Others,88583.31
CUST101995,2021-05-28,Credit Card,111472.67
CUST101995,2021-07-03,Auto Loan,112838.17
CUST101995,2021-10-23,Unsecured Others,113262.2
CUST101996,2022-06-18,Home Loan,31124.88
CUST101996,2021-09-06,Unsecured Others,65747.12
CUST101996,2022-05-15,Personal Loan,143442.66
CUST101997,2022-06-03,Auto Loan,78843.34
CUST101997,2022-05-21,Home Loan,131351.22
CUST101997,2022-12-04,Unsecured Others,98017.23
CUST101997,2021-07-08,Home Loan,91542.37
CUST101997,2022-07-04,Personal Loan,51500.18
CUST101998,2021-04-10,Auto Loan,113348.06
CUST101998,2022-10-20,Personal Loan,13479.19
CUST101999,2022-01-27,Unsecured Others,91056.62
CUST101999,2021-03-21,Auto Loan,63898.23
CUST101999,2021-02-06,Unsecured Others,90066.91
CUST101999,2022-04-24,Unsecured Others,8831.03
CUST102000,2022-02-19,Personal Loan,155177.91
CUST102000,2021-05-14,Personal Loan,74323.99
CUST102000,2022-02-06,Home Loan,8814.44
CUST102000,2021-11-06,Auto Loan,9238.24
CUST102001,2021-05-17,Credit Card,96168.58
CUST102001,2022-01-03,Credit Card,133553.08
CUST102001,2022-11-08,Auto Loan,158639.77
CUST102001,2022-11-18,Personal Loan,173034.26
CUST102002,2022-12-17,Credit Card,144244.19
CUST102002,2021-02-19,Unsecured Others,82902.86
CUST102003,2022-01-17,Credit Card,158055.49
CUST102004,2021-08-10,Home Loan,199190.44
CUST102004,2022-10-02,Credit Card,75749.57
CUST102004,2021-09-03,Unsecured Others,60801.18
CUST102005,2021-01-31,Unsecured Others,75088.48
CUST102006,2022-08-08,Credit Card,46980.11
CUST102006,2022-10-19,Auto Loan,169972.57
CUST102006,2021-08-15,Unsecured Others,63040.54
CUST102006,2021-09-22,Home Loan,153874.66
CUST102007,2021-05-13,Credit Card,108725.8
CUST102007,2021-08-16,Personal Loan,174762.05
CUST102007,2022-10-14,Home Loan,155314.46
CUST102007,2021-10-28,Credit Card,18610.22
CUST102007,2021-09-22,Credit Card,86835.54
CUST102008,2021-08-13,Unsecured Others,158730.91
CUST102008,2022-02-19,Credit Card,166438.27
CUST102008,2021-06-29,Home Loan,183356.14
CUST102008,2021-06-04,Home Loan,141633.53
CUST102008,2022-12-16,Personal Loan,108334.5
CUST102008,2021-04-14,Personal Loan,73729.98
CUST102009,2022-04-09,Personal Loan,188755.34
CUST102010,2021-09-11,Home Loan,59649.55
CUST102010,2021-03-19,Credit Card,113666.02
CUST102012,2022-04-08,Personal Loan,185438.24
CUST102012,2021-06-15,Unsecured Others,78379.51
CUST102012,2021-03-12,Home Loan,69342.3
CUST102012,2022-07-10,Home Loan,110698.3
CUST102014,2021-02-03,Home Loan,73723.19
CUST102014,2022-11-22,Unsecured Others,78954.33
CUST102014,2022-11-21,Credit Card,182598.59
CUST102015,2022-01-26,Personal Loan,10215.08
CUST102016,2022-10-13,Personal Loan,130941.06
CUST102016,2022-06-14,Unsecured Others,112157.83
CUST102016,2021-05-13,Personal Loan,176915.82
CUST102016,2021-02-01,Personal Loan,162418.04
CUST102018,2022-05-04,Auto Loan,123924.31
CUST102018,2021-10-05,Auto Loan,133164.17
CUST102018,2021-10-07,Personal Loan,145389.26
CUST102018,2022-08-20,Personal Loan,87953.31
CUST102018,2021-09-19,Personal Loan,124636.38
CUST102018,2021-02-08,Credit Card,101936.85
CUST102019,2022-05-28,Auto Loan,20518.31
CUST102019,2023-01-01,Auto Loan,26530.88
CUST102019,2022-11-29,Auto Loan,131919.42
CUST102019,2022-07-06,Personal Loan,107475.3
CUST102019,2022-12-15,Unsecured Others,130345.49
CUST102019,2022-11-16,Auto Loan,151309.69
CUST102020,2021-12-22,Home Loan,52389.05
CUST102020,2022-07-16,Home Loan,183591.14
CUST102020,2022-03-23,Credit Card,138119.21
CUST102020,2021-01-06,Home Loan,5269.1
CUST102020,2022-09-05,Home Loan,107763.39
CUST102020,2022-04-07,Personal Loan,155025.74
CUST102021,2021-04-29,Home Loan,90236.11
CUST102021,2021-02-13,Home Loan,128732.69
CUST102021,2022-06-15,Home Loan,149825.84
CUST102021,2022-01-23,Personal Loan,82690.05
CUST102021,2021-10-20,Unsecured Others,156160.68
CUST102022,2021-07-29,Home Loan,196005.09
CUST102022,2021-02-01,Credit Card,189898.94
CUST102022,2021-07-01,Personal Loan,31663.68
CUST102022,2022-11-27,Unsecured Others,83792.93
CUST102022,2021-11-16,Personal Loan,175705.29
CUST102022,2021-03-12,Personal Loan,36107.94
CUST102022,2022-06-13,Credit Card,57830.51
CUST102023,2022-11-06,Home Loan,187177.74
CUST102023,2021-03-09,Unsecured Others,160061.64
CUST102023,2022-01-27,Unsecured Others,65680.42
CUST102024,2021-11-19,Personal Loan,15006.09
CUST102024,2022-10-10,Auto Loan,31460.81
CUST102024,2021-06-02,Credit Card,170927.91
CUST102024,2022-05-11,Auto Loan,61763.96
CUST102024,2022-03-04,Home Loan,126112.52
CUST102024,2021-11-21,Auto Loan,38037.57
CUST102025,2021-10-31,Home Loan,43766.07
CUST102025,2021-02-10,Home Loan,59213.27
CUST102025,2022-12-11,Home Loan,138073.36
CUST102025,2022-12-05,Unsecured Others,127151.08
CUST102026,2022-11-14,Home Loan,84013.91
CUST102026,2022-07-16,Unsecured Others,94416.87
CUST102026,2021-01-26,Home Loan,115489.32
CUST102026,2022-11-30,Personal Loan,106299.81
CUST102026,2022-10-29,Home Loan,50871.96
CUST102027,2021-09-17,Auto Loan,55557.67
CUST102027,2022-06-27,Credit Card,186500.78
CUST102027,2022-08-24,Unsecured Others,165660.81
CUST102027,2022-08-20,Unsecured Others,28513.78
CUST102027,2021-07-30,Personal Loan,97703.73
CUST102028,2022-12-01,Personal Loan,190030.1
CUST102028,2022-03-21,Personal Loan,70993.01
CUST102028,2021-07-16,Auto Loan,61479.85
CUST102028,2021-07-13,Auto Loan,72714.06
CUST102028,2022-01-22,Home Loan,141729.02
CUST102028,2022-03-27,Personal Loan,38207.58
CUST102028,2021-10-23,Unsecured Others,112129.72
CUST102029,2022-03-18,Personal Loan,28985.0
CUST102031,2022-12-02,Unsecured Others,163851.29
CUST102031,2022-06-01,Credit Card,111933.08
CUST102031,2021-03-19,Auto Loan,14341.17
CUST102031,2022-12-03,Auto Loan,141234.12
CUST102031,2022-02-06,Auto Loan,117259.8
CUST102032,2021-12-03,Personal Loan,107388.17
CUST102032,2022-04-30,Home Loan,158158.55
CUST102032,2022-05-01,Unsecured Others,169987.29
CUST102033,2022-04-10,Auto Loan,88844.89
CUST102033,2022-02-21,Unsecured Others,185567.76
CUST102034,2021-05-26,Personal Loan,44683.65
CUST102034,2021-04-06,Home Loan,29544.93
CUST102035,2021-10-31,Credit Card,140346.76
CUST102036,2021-09-29,Credit Card,56941.01
CUST102037,2021-05-14,Auto Loan,19605.26
CUST102038,2021-06-28,Home Loan,168348.55
CUST102039,2022-12-24,Credit Card,184398.55
CUST102039,2022-03-23,Unsecured Others,133185.01
CUST102039,2022-11-27,Personal Loan,133240.88
CUST102039,2022-02-26,Home Loan,161941.01
CUST102039,2021-03-11,Credit Card,167836.66
CUST102039,2021-10-28,Home Loan,81873.0
CUST102040,2021-10-25,Auto Loan,164574.66
CUST102040,2022-04-12,Credit Card,16229.31
CUST102040,2021-02-01,Personal Loan,191850.7
CUST102040,2022-03-09,Unsecured Others,153979.89
CUST102040,2021-09-26,Home Loan,55200.58
CUST102040,2022-01-03,Home Loan,115804.41
CUST102042,2021-06-21,Auto Loan,195221.42
CUST102042,2021-05-20,Auto Loan,77070.84
CUST102042,2022-12-19,Credit Card,144234.8
CUST102042,2021-11-27,Personal Loan,71007.84
CUST102042,2022-08-03,Credit Card,142254.11
CUST102043,2022-12-01,Auto Loan,51657.25
CUST102043,2022-03-25,Unsecured Others,27739.5
CUST102043,2021-03-22,Home Loan,118486.7
CUST102043,2022-08-19,Unsecured Others,44942.17
CUST102043,2022-03-04,Personal Loan,173411.98
CUST102044,2021-11-12,Personal Loan,35448.15
CUST102044,2021-04-11,Credit Card,195774.52
CUST102044,2021-05-05,Auto Loan,54497.96
CUST102045,2022-07-27,Unsecured Others,184451.04
CUST102045,2022-12-29,Unsecured Others,100848.99
CUST102045,2021-07-01,Personal Loan,160589.86
CUST102045,2022-08-11,Unsecured Others,66606.4
CUST102046,2022-10-21,Home Loan,92860.26
CUST102046,2021-02-13,Auto Loan,80532.53
CUST102046,2021-07-06,Credit Card,80613.27
CUST102046,2021-12-11,Home Loan,112926.41
CUST102046,2021-08-07,Auto Loan,59954.81
CUST102047,2021-06-07,Home Loan,65225.19
CUST102048,2021-02-03,Credit Card,80257.56
CUST102049,2021-08-22,Unsecured Others,24565.08
CUST102051,2022-12-31,Home Loan,123197.43
CUST102051,2021-10-19,Home Loan,26654.37
CUST102051,2021-11-17,Unsecured Others,108449.27
CUST102052,2021-03-30,Credit Card,133720.43
CUST102052,2022-10-18,Home Loan,82687.18
CUST102052,2021-04-04,Personal Loan,117253.58
CUST102052,2022-06-20,Auto Loan,67916.63
CUST102053,2022-12-07,Credit Card,103386.99
CUST102053,2022-11-04,Auto Loan,98729.93
CUST102054,2021-02-26,Home Loan,113657.76
CUST102054,2022-03-19,Home Loan,49512.28
CUST102055,2021-03-28,Credit Card,162187.0
CUST102055,2021-10-30,Auto Loan,131407.55
CUST102055,2021-08-20,Auto Loan,172091.32
CUST102056,2022-06-06,Auto Loan,181177.44
CUST102056,2021-02-02,Credit Card,44066.97
CUST102056,2022-01-11,Personal Loan,123334.05
CUST102057,2021-12-18,Home Loan,106171.96
CUST102057,2021-05-26,Personal Loan,141605.31
CUST102058,2021-04-06,Unsecured Others,86832.97
CUST102058,2022-01-22,Unsecured Others,7788.45
CUST102058,2022-08-02,Auto Loan,179601.01
CUST102058,2021-03-21,Personal Loan,94699.36
CUST102058,2022-06-30,Home Loan,135581.83
CUST102059,2021-02-27,Unsecured Others,74406.52
CUST102059,2021-02-27,Unsecured Others,193912.97
CUST102059,2022-11-01,Unsecured Others,69421.22
CUST102059,2022-11-21,Credit Card,160508.08
CUST102059,2021-03-02,Home Loan,135092.23
CUST102059,2021-12-11,Credit Card,77827.19
CUST102059,2022-11-01,Home Loan,112792.0
CUST102060,2021-05-09,Personal Loan,168209.79
CUST102060,2021-12-08,Auto Loan,174191.02
CUST102060,2021-05-28,Auto Loan,139744.65
CUST102060,2021-05-04,Auto Loan,42368.46
CUST102060,2021-12-31,Credit Card,167191.97
CUST102060,2022-05-24,Unsecured Others,83094.37
CUST102060,2022-02-23,Personal Loan,138503.2
CUST102061,2022-12-11,Home Loan,164324.34
CUST102062,2021-05-14,Credit Card,54841.52
CUST102062,2022-10-04,Credit Card,89932.82
CUST102062,2021-05-15,Personal Loan,192094.21
CUST102063,2022-12-05,Home Loan,187046.79
CUST102063,2021-11-20,Personal Loan,15110.65
CUST102063,2021-06-17,Unsecured Others,60817.13
CUST102063,2022-01-02,Unsecured Others,141337.07
CUST102063,2021-03-12,Credit Card,96191.61
CUST102063,2022-07-05,Credit Card,98017.82
CUST102063,2022-06-14,Auto Loan,57522.71
CUST102064,2021-04-09,Auto Loan,128379.23
CUST102064,2022-05-13,Unsecured Others,162246.01
CUST102065,2022-04-13,Personal Loan,24956.68
CUST102066,2021-02-17,Credit Card,13450.17
CUST102066,2021-09-17,Personal Loan,162559.42
CUST102066,2021-09-03,Unsecured Others,15985.52
CUST102067,2022-02-17,Unsecured Others,171914.09
CUST102067,2021-02-20,Auto Loan,169376.17
CUST102067,2021-01-09,Auto Loan,30101.84
CUST102067,2021-08-01,Home Loan,123316.38
CUST102068,2022-01-09,Unsecured Others,195783.24
CUST102068,2021-12-21,Credit Card,76162.76
CUST102069,2021-11-27,Unsecured Others,77292.32
CUST102069,2021-01-09,Unsecured Others,112914.69
CUST102069,2021-06-26,Credit Card,19835.18
CUST102069,2021-08-18,Credit Card,133319.7
CUST102070,2021-10-11,Personal Loan,164668.03
CUST102070,2022-10-13,Auto Loan,155163.68
CUST102070,2021-02-25,Credit Card,32359.62
CUST102071,2021-10-27,Unsecured Others,86234.38
CUST102071,2022-02-08,Credit Card,116595.15
CUST102071,2021-01-15,Home Loan,21951.1
CUST102071,2021-12-24,Credit Card,84734.31
CUST102071,2021-09-08,Home Loan,182977.53
CUST102071,2021-08-04,Personal Loan,43968.16
CUST102072,2022-11-02,Auto Loan,179159.09
CUST102072,2021-03-11,Unsecured Others,126734.96
CUST102072,2021-12-31,Personal Loan,9094.57
CUST102072,2021-01-20,Personal Loan,180632.36
CUST102072,2021-08-29,Auto Loan,31255.59
CUST102073,2021-08-07,Home Loan,114246.06
CUST102073,2021-01-15,Auto Loan,26623.91
CUST102074,2022-05-10,Unsecured Others,190117.23
CUST102074,2021-11-15,Unsecured Others,130070.72
CUST102074,2021-06-09,Home Loan,122830.86
CUST102074,2022-05-23,Home Loan,179179.07
CUST102074,2021-08-10,Unsecured Others,129896.6
CUST102074,2021-09-29,Personal Loan,83048.7
CUST102075,2022-10-09,Personal Loan,97884.62
CUST102075,2022-07-01,Home Loan,154723.4
CUST102075,2021-08-29,Unsecured Others,139010.58
CUST102075,2022-06-22,Unsecured Others,37057.78
CUST102075,2022-08-04,Credit Card,115160.9
CUST102075,2022-12-28,Credit Card,165879.55
CUST102075,2022-08-01,Home Loan,24998.05
CUST102076,2022-03-26,Personal Loan,128802.21
CUST102076,2021-04-22,Personal Loan,26943.91
CUST102076,2021-08-27,Personal Loan,136395.45
CUST102076,2022-04-28,Credit Card,180942.01
CUST102076,2021-08-15,Credit Card,25508.49
CUST102076,2022-05-19,Personal Loan,29240.12
CUST102077,2021-07-28,Credit Card,51555.9
CUST102077,2021-06-08,Personal Loan,197695.2
CUST102077,2021-01-31,Unsecured Others,129281.02
CUST102077,2022-08-10,Auto Loan,144192.57
CUST102077,2021-12-03,Auto Loan,29146.94
CUST102078,2022-10-08,Home Loan,148874.9
CUST102078,2022-08-18,Auto Loan,171976.47
CUST102078,2021-11-17,Home Loan,179501.72
CUST102078,2021-10-27,Auto Loan,168972.15
CUST102078,2022-01-20,Personal Loan,36967.97
CUST102078,2022-10-10,Unsecured Others,128851.85
CUST102080,2022-08-27,Auto Loan,59448.54
CUST102080,2021-12-27,Auto Loan,186881.17
CUST102080,2021-06-24,Auto Loan,157569.22
CUST102080,2021-12-21,Unsecured Others,20879.51
CUST102080,2021-01-23,Unsecured Others,183322.58
CUST102080,2021-06-14,Home Loan,19509.35
CUST102080,2022-09-30,Home Loan,159675.95
CUST102082,2021-10-17,Home Loan,120484.94
CUST102082,2021-07-22,Unsecured Others,7038.48
CUST102082,2022-01-23,Personal Loan,17629.74
CUST102082,2022-11-13,Unsecured Others,120400.84
CUST102082,2022-12-25,Home Loan,125968.01
CUST102083,2021-01-12,Credit Card,42028.9
CUST102083,2021-04-23,Auto Loan,54767.74
CUST102083,2022-05-21,Unsecured Others,103780.15
CUST102083,2021-01-09,Home Loan,10267.05
CUST102084,2021-09-02,Home Loan,180678.8
CUST102084,2022-05-08,Unsecured Others,26044.34
CUST102084,2021-12-18,Credit Card,180692.13
CUST102085,2022-09-01,Unsecured Others,117194.98
CUST102086,2022-04-02,Personal Loan,147219.16
CUST102088,2021-10-09,Auto Loan,162036.03
CUST102088,2022-10-01,Home Loan,39050.31
CUST102089,2022-06-14,Unsecured Others,137701.48
CUST102089,2022-08-17,Auto Loan,165208.25
CUST102089,2021-05-04,Credit Card,17075.24
CUST102090,2021-03-24,Auto Loan,158325.31
CUST102090,2021-11-05,Auto Loan,138513.63
CUST102090,2021-12-07,Credit Card,90104.0
CUST102090,2022-01-16,Unsecured Others,128279.09
CUST102090,2021-02-09,Credit Card,107441.14
CUST102091,2022-04-17,Unsecured Others,42678.77
CUST102091,2021-05-21,Personal Loan,74302.08
CUST102092,2022-12-20,Credit Card,65675.64
CUST102092,2021-12-30,Personal Loan,28792.84
CUST102092,2021-05-07,Personal Loan,149691.29
CUST102092,2021-10-09,Personal Loan,134786.42
CUST102092,2021-08-05,Auto Loan,78373.14
CUST102092,2022-02-19,Personal Loan,97465.73
CUST102093,2021-06-18,Auto Loan,116868.11
CUST102093,2022-10-20,Credit Card,159367.16
CUST102093,2021-12-18,Auto Loan,51906.92
CUST102093,2021-10-15,Home Loan,103043.31
CUST102093,2022-09-22,Home Loan,5774.46
CUST102094,2022-03-09,Personal Loan,38447.06
CUST102094,2021-02-25,Personal Loan,83705.93
CUST102094,2021-04-11,Personal Loan,17595.06
CUST102095,2021-05-08,Home Loan,184290.85
CUST102096,2021-12-24,Auto Loan,93759.6
CUST102096,2022-06-24,Unsecured Others,104234.79
CUST102096,2021-05-14,Home Loan,198380.4
CUST102096,2022-08-16,Home Loan,162133.63
CUST102096,2022-01-09,Home Loan,146263.01
CUST102096,2021-04-18,Unsecured Others,157876.69
CUST102097,2022-12-07,Home Loan,107063.7
CUST102097,2022-09-03,Unsecured Others,72974.0
CUST102097,2021-08-04,Credit Card,80331.87
CUST102098,2021-07-03,Credit Card,92427.68
CUST102098,2021-01-18,Auto Loan,66704.88
CUST102098,2022-01-02,Unsecured Others,174733.87
CUST102098,2021-12-16,Personal Loan,105573.2
CUST102098,2021-09-18,Credit Card,156328.94
CUST102098,2021-09-11,Auto Loan,82833.9
CUST102098,2021-07-27,Credit Card,197711.5
CUST102100,2021-10-28,Auto Loan,134422.89
CUST102100,2022-01-05,Home Loan,165192.47
CUST102100,2022-01-03,Auto Loan,164025.32
CUST102100,2021-02-17,Unsecured Others,73141.78
CUST102100,2021-10-29,Home Loan,193122.84
CUST102101,2022-08-22,Personal Loan,47776.69
CUST102102,2021-02-26,Home Loan,68577.4
CUST102102,2022-03-09,Credit Card,16120.09
CUST102102,2022-01-16,Auto Loan,116466.67
CUST102105,2021-07-28,Unsecured Others,33674.13
CUST102105,2022-10-09,Auto Loan,21948.23
CUST102105,2021-10-08,Credit Card,10330.43
CUST102105,2022-07-21,Auto Loan,91042.6
CUST102105,2021-05-13,Home Loan,165297.53
CUST102106,2021-07-21,Personal Loan,87386.97
CUST102106,2022-03-09,Auto Loan,163967.44
CUST102106,2021-05-29,Credit Card,120829.91
CUST102107,2022-02-19,Home Loan,85636.74
CUST102107,2022-07-04,Auto Loan,186622.99
CUST102108,2022-12-01,Unsecured Others,151610.29
CUST102108,2022-08-03,Credit Card,102061.88
CUST102108,2021-03-30,Unsecured Others,44647.2
CUST102108,2021-02-26,Auto Loan,9921.38
CUST102108,2022-10-01,Unsecured Others,28823.21
CUST102108,2021-12-07,Auto Loan,143929.19
CUST102108,2021-06-09,Personal Loan,39493.33
CUST102109,2022-04-03,Auto Loan,34973.55
CUST102109,2021-04-04,Home Loan,69286.26
CUST102109,2021-04-23,Unsecured Others,122297.44
CUST102109,2022-04-21,Auto Loan,37049.21
CUST102109,2021-03-21,Personal Loan,192456.36
CUST102109,2022-10-17,Unsecured Others,55943.97
CUST102110,2022-07-14,Personal Loan,36621.31
CUST102110,2022-11-27,Home Loan,148422.98
CUST102110,2022-02-06,Unsecured Others,33448.88
CUST102110,2021-12-16,Home Loan,34415.06
CUST102111,2022-05-15,Personal Loan,170347.07
CUST102111,2022-03-05,Personal Loan,140609.76
CUST102111,2021-11-08,Credit Card,30740.12
CUST102111,2022-04-07,Unsecured Others,68401.45
CUST102113,2021-08-17,Personal Loan,92417.44
CUST102113,2021-08-08,Credit Card,121730.02
CUST102113,2022-10-07,Unsecured Others,74446.6
CUST102113,2021-05-14,Credit Card,76661.49
CUST102113,2022-01-29,Auto Loan,179003.02
CUST102113,2021-07-30,Personal Loan,99555.57
CUST102113,2022-03-23,Credit Card,165779.25
CUST102114,2021-04-07,Personal Loan,162640.33
CUST102114,2021-10-27,Unsecured Others,180077.93
CUST102114,2022-08-13,Auto Loan,192606.69
CUST102114,2021-10-17,Home Loan,99086.62
CUST102114,2021-11-10,Unsecured Others,162025.79
CUST102114,2022-12-14,Unsecured Others,84128.53
CUST102114,2021-05-09,Unsecured Others,110298.12
CUST102115,2022-03-09,Credit Card,145785.58
CUST102115,2021-10-27,Personal Loan,116929.62
CUST102115,2022-12-16,Personal Loan,180229.61
CUST102115,2022-11-21,Unsecured Others,53000.03
CUST102115,2021-09-10,Unsecured Others,59704.0
CUST102115,2021-04-30,Home Loan,60550.26
CUST102116,2021-04-23,Auto Loan,6480.8
CUST102116,2022-11-07,Personal Loan,108594.75
CUST102116,2022-10-13,Home Loan,73717.34
CUST102116,2021-01-06,Credit Card,168891.57
CUST102116,2022-06-25,Home Loan,167086.02
CUST102116,2022-11-02,Auto Loan,192155.72
CUST102117,2021-02-18,Unsecured Others,17957.02
CUST102117,2021-09-01,Unsecured Others,44244.14
CUST102117,2021-02-09,Personal Loan,106758.24
CUST102118,2021-01-25,Home Loan,90092.66
CUST102118,2022-05-10,Home Loan,152942.0
CUST102120,2021-05-21,Personal Loan,172887.22
CUST102122,2021-03-24,Unsecured Others,112694.61
CUST102122,2021-11-16,Unsecured Others,52982.91
CUST102122,2022-03-27,Personal Loan,56924.75
CUST102122,2022-10-10,Unsecured Others,119435.83
CUST102122,2022-07-08,Personal Loan,49512.72
CUST102122,2022-07-21,Credit Card,193693.73
CUST102122,2021-06-23,Unsecured Others,171149.37
CUST102123,2021-01-29,Auto Loan,117450.42
CUST102123,2021-08-21,Unsecured Others,147733.89
CUST102123,2022-07-08,Credit Card,113933.19
CUST102123,2021-06-11,Credit Card,158844.34
CUST102124,2021-02-14,Credit Card,143926.26
CUST102124,2022-04-26,Home Loan,52900.65
CUST102124,2021-12-29,Personal Loan,147777.51
CUST102124,2021-03-26,Auto Loan,138027.39
CUST102124,2022-02-10,Home Loan,137484.33
CUST102124,2022-04-26,Unsecured Others,185301.4
CUST102125,2021-12-16,Personal Loan,41336.75
CUST102125,2021-02-19,Credit Card,86236.79
CUST102125,2021-07-04,Personal Loan,137378.71
CUST102126,2022-03-27,Auto Loan,150211.51
CUST102126,2022-04-30,Auto Loan,54721.78
CUST102126,2021-10-23,Auto Loan,46390.55
CUST102126,2022-01-04,Credit Card,29533.27
CUST102126,2021-11-05,Personal Loan,17728.93
CUST102126,2022-04-09,Unsecured Others,149392.45
CUST102126,2021-03-08,Auto Loan,153494.84
CUST102128,2021-04-17,Credit Card,48780.58
CUST102128,2022-04-24,Credit Card,68937.77
CUST102128,2022-02-10,Credit Card,123497.38
CUST102128,2022-03-02,Unsecured Others,89547.61
CUST102128,2022-11-30,Personal Loan,180107.26
CUST102128,2021-12-10,Unsecured Others,101002.49
CUST102129,2021-12-16,Unsecured Others,89855.25
CUST102129,2022-09-09,Unsecured Others,168275.78
CUST102129,2022-02-14,Auto Loan,89139.21
CUST102130,2022-08-10,Personal Loan,116670.25
CUST102130,2021-01-19,Personal Loan,8904.26
CUST102130,2022-01-01,Credit Card,15350.41
CUST102131,2021-07-18,Credit Card,151277.3
CUST102131,2021-01-29,Auto Loan,85111.91
CUST102131,2022-03-17,Auto Loan,102594.09
CUST102131,2022-12-21,Credit Card,48193.98
CUST102131,2022-06-04,Unsecured Others,163862.31
CUST102131,2022-12-05,Unsecured Others,84600.25
CUST102131,2022-10-05,Auto Loan,44748.57
CUST102132,2022-12-31,Home Loan,18660.5
CUST102132,2022-12-29,Personal Loan,121341.66
CUST102132,2022-06-03,Personal Loan,46584.73
CUST102132,2022-03-02,Credit Card,118918.1
CUST102133,2022-11-04,Home Loan,168289.35
CUST102133,2021-04-27,Personal Loan,11924.13
CUST102133,2021-03-11,Unsecured Others,109971.24
CUST102133,2022-05-05,Personal Loan,55575.26
CUST102133,2021-07-27,Auto Loan,140842.69
CUST102133,2022-03-18,Credit Card,139049.0
CUST102134,2022-10-23,Credit Card,67642.27
CUST102134,2021-09-30,Auto Loan,139732.86
CUST102135,2022-03-08,Personal Loan,60948.95
CUST102135,2022-08-09,Auto Loan,25495.51
CUST102136,2021-04-19,Personal Loan,173054.7
CUST102136,2022-01-17,Home Loan,86842.48
CUST102137,2021-10-07,Credit Card,9760.52
CUST102139,2022-09-19,Personal Loan,197321.29
CUST102139,2022-08-15,Home Loan,157626.34
CUST102139,2021-01-25,Personal Loan,41903.68
CUST102140,2022-05-17,Unsecured Others,112354.73
CUST102140,2022-04-27,Home Loan,162935.67
CUST102140,2022-01-18,Home Loan,121176.53
CUST102140,2021-09-21,Unsecured Others,38491.97
CUST102140,2021-06-27,Credit Card,58201.86
CUST102140,2021-10-19,Credit Card,92802.84
CUST102141,2021-10-13,Auto Loan,195446.91
CUST102142,2022-06-26,Auto Loan,132918.05
CUST102142,2021-07-29,Credit Card,14042.96
CUST102142,2022-04-26,Home Loan,175987.63
CUST102142,2022-01-13,Unsecured Others,182673.79
CUST102143,2021-06-13,Personal Loan,26007.36
CUST102143,2022-02-04,Auto Loan,109746.91
CUST102143,2022-11-30,Home Loan,146324.83
CUST102143,2022-01-15,Unsecured Others,151537.9
CUST102143,2021-07-29,Personal Loan,21641.05
CUST102143,2021-11-19,Credit Card,99097.92
CUST102143,2021-10-23,Unsecured Others,42442.62
CUST102144,2021-07-22,Auto Loan,27883.18
CUST102145,2021-01-08,Home Loan,125541.6
CUST102146,2021-02-15,Credit Card,89587.18
CUST102146,2022-11-03,Unsecured Others,129398.87
CUST102146,2021-12-13,Personal Loan,176644.99
CUST102146,2022-11-19,Credit Card,58609.88
CUST102146,2022-03-02,Personal Loan,66556.66
CUST102146,2022-09-14,Credit Card,29266.23
CUST102146,2022-07-02,Personal Loan,40003.17
CUST102147,2021-05-11,Unsecured Others,30885.84
CUST102147,2022-06-29,Personal Loan,156413.06
CUST102148,2021-08-22,Auto Loan,164822.04
CUST102148,2022-04-17,Credit Card,162004.42
CUST102148,2022-08-28,Home Loan,171707.88
CUST102148,2022-05-31,Unsecured Others,42776.03
CUST102149,2021-06-07,Credit Card,62504.0
CUST102150,2021-01-25,Credit Card,20885.05
CUST102151,2021-08-07,Personal Loan,187016.49
CUST102151,2022-12-30,Credit Card,149663.51
CUST102152,2021-08-07,Personal Loan,105693.79
CUST102153,2022-12-20,Unsecured Others,77916.49
CUST102155,2022-03-28,Auto Loan,107666.55
CUST102155,2021-06-01,Auto Loan,151610.38
CUST102155,2021-11-27,Credit Card,193084.84
CUST102155,2022-10-24,Home Loan,54462.93
CUST102155,2021-03-27,Personal Loan,88304.29
CUST102155,2021-09-25,Home Loan,197736.18
CUST102156,2021-02-25,Unsecured Others,55274.46
CUST102156,2022-04-12,Auto Loan,54615.55
CUST102156,2021-11-28,Auto Loan,109230.55
CUST102156,2022-10-17,Auto Loan,94642.07
CUST102157,2021-01-25,Personal Loan,110447.32
CUST102157,2022-08-31,Unsecured Others,189078.24
CUST102157,2021-09-29,Unsecured Others,113979.47
CUST102157,2021-09-03,Personal Loan,174575.7
CUST102157,2022-07-16,Auto Loan,69070.88
CUST102157,2021-03-26,Auto Loan,14717.7
CUST102157,2021-05-15,Credit Card,172405.41
CUST102158,2021-04-15,Home Loan,124442.49
CUST102158,2021-01-05,Credit Card,199915.54
CUST102158,2021-08-16,Home Loan,192453.79
CUST102158,2021-11-16,Unsecured Others,86676.07
CUST102158,2022-04-29,Home Loan,105463.31
CUST102159,2022-04-10,Home Loan,104306.68
CUST102159,2022-05-13,Auto Loan,154398.02
CUST102159,2022-07-11,Credit Card,146860.33
CUST102159,2021-03-09,Unsecured Others,47538.04
CUST102160,2022-08-01,Home Loan,182889.6
CUST102160,2021-05-06,Home Loan,175351.61
CUST102160,2022-01-14,Home Loan,53215.71
CUST102160,2022-06-19,Auto Loan,192765.37
CUST102160,2021-09-11,Credit Card,72098.2
CUST102160,2021-11-16,Credit Card,138153.44
CUST102160,2021-04-16,Personal Loan,24836.6
CUST102161,2022-01-31,Auto Loan,163550.79
CUST102161,2022-02-19,Home Loan,32210.64
CUST102161,2022-05-09,Home Loan,27056.45
CUST102161,2022-07-28,Home Loan,163682.22
CUST102161,2022-04-08,Home Loan,165814.98
CUST102161,2022-12-05,Unsecured Others,49665.88
CUST102162,2021-07-03,Personal Loan,25851.25
CUST102163,2022-07-09,Auto Loan,101517.49
CUST102163,2021-08-20,Credit Card,83393.39
CUST102163,2022-03-11,Auto Loan,66720.34
CUST102163,2022-03-11,Home Loan,167005.7
CUST102164,2021-10-24,Home Loan,98895.73
CUST102164,2022-03-20,Unsecured Others,44714.69
CUST102164,2022-05-18,Home Loan,5370.97
CUST102164,2021-08-11,Home Loan,188037.05
CUST102164,2022-03-18,Auto Loan,53559.73
CUST102164,2022-08-02,Personal Loan,195901.22
CUST102166,2022-01-10,Unsecured Others,60164.07
CUST102166,2022-11-21,Personal Loan,11441.83
CUST102166,2022-06-28,Auto Loan,98222.31
CUST102166,2022-04-16,Home Loan,88163.84
CUST102168,2022-08-13,Credit Card,104569.76
CUST102168,2021-06-30,Home Loan,99550.37
CUST102168,2021-01-06,Credit Card,73212.1
CUST102168,2021-12-08,Auto Loan,16766.28
CUST102168,2021-10-09,Credit Card,26608.46
CUST102169,2021-11-07,Unsecured Others,149354.07
CUST102169,2022-10-05,Home Loan,135936.11
CUST102169,2022-11-07,Unsecured Others,103151.04
CUST102169,2021-06-17,Credit Card,23789.87
CUST102169,2021-12-14,Personal Loan,193589.16
CUST102169,2021-11-03,Personal Loan,133890.56
CUST102170,2022-02-08,Auto Loan,20126.56
CUST102171,2022-04-26,Credit Card,65276.16
CUST102171,2022-02-02,Auto Loan,82605.73
CUST102171,2022-12-25,Unsecured Others,160331.91
CUST102171,2021-10-24,Home Loan,25095.44
CUST102172,2022-11-06,Auto Loan,6026.63
CUST102172,2021-03-31,Credit Card,160984.27
CUST102173,2022-09-22,Personal Loan,168666.3
CUST102173,2021-10-09,Credit Card,5560.62
CUST102173,2022-09-16,Home Loan,197186.16
CUST102174,2021-08-15,Auto Loan,52878.88
CUST102176,2022-02-20,Home Loan,153430.28
CUST102176,2021-03-29,Auto Loan,188039.5
CUST102176,2021-01-15,Credit Card,75712.66
CUST102177,2022-07-16,Credit Card,66448.48
CUST102177,2021-03-24,Personal Loan,167662.5
CUST102179,2022-02-22,Unsecured Others,170858.62
CUST102179,2022-03-07,Personal Loan,181551.59
CUST102179,2022-08-12,Home Loan,194703.8
CUST102179,2022-12-14,Auto Loan,158751.18
CUST102179,2022-03-09,Home Loan,105805.36
CUST102179,2021-08-25,Personal Loan,171054.68
CUST102180,2022-04-27,Auto Loan,121888.0
CUST102181,2022-10-28,Personal Loan,98053.02
CUST102181,2021-06-10,Unsecured Others,29536.72
CUST102182,2022-06-21,Credit Card,167786.87
CUST102182,2021-02-18,Credit Card,171478.65
CUST102182,2022-03-12,Unsecured Others,106087.08
CUST102182,2022-01-01,Unsecured Others,183349.09
CUST102182,2021-03-16,Unsecured Others,26591.86
CUST102183,2022-12-09,Unsecured Others,184642.27
CUST102183,2022-01-12,Home Loan,106880.86
CUST102183,2021-05-20,Unsecured Others,95835.53
CUST102183,2021-11-23,Home Loan,101337.09
CUST102184,2022-01-23,Personal Loan,86067.51
CUST102184,2022-05-11,Auto Loan,53430.18
CUST102186,2022-01-01,Credit Card,172789.82
CUST102186,2022-10-23,Auto Loan,199200.16
CUST102186,2022-02-07,Auto Loan,11209.98
CUST102186,2021-09-06,Auto Loan,13070.37
CUST102186,2021-01-18,Auto Loan,68674.17
CUST102186,2021-09-20,Personal Loan,141208.22
CUST102188,2022-12-23,Auto Loan,80411.3
CUST102188,2021-09-30,Personal Loan,15691.31
CUST102188,2021-08-01,Personal Loan,22811.31
CUST102188,2021-08-06,Home Loan,63669.51
CUST102188,2021-01-28,Credit Card,128952.74
CUST102189,2021-01-11,Unsecured Others,89411.55
CUST102189,2022-10-20,Credit Card,81492.47
CUST102189,2022-02-26,Auto Loan,72877.44
CUST102189,2021-10-30,Home Loan,65990.26
CUST102190,2022-06-28,Personal Loan,25250.16
CUST102192,2021-04-15,Unsecured Others,31456.51
CUST102192,2021-03-30,Auto Loan,146946.12
CUST102192,2022-08-29,Credit Card,113387.96
CUST102192,2021-06-20,Home Loan,56142.69
CUST102192,2021-11-06,Personal Loan,49068.25
CUST102192,2021-07-19,Auto Loan,181327.19
CUST102192,2021-05-01,Unsecured Others,119886.4
CUST102193,2021-12-27,Personal Loan,180324.65
CUST102193,2021-12-29,Personal Loan,157949.8
CUST102193,2021-12-29,Personal Loan,7465.47
CUST102194,2021-02-07,Personal Loan,16114.87
CUST102194,2022-11-25,Unsecured Others,136606.14
CUST102194,2022-01-30,Credit Card,22987.62
CUST102194,2021-07-12,Credit Card,25581.14
CUST102194,2022-05-27,Unsecured Others,103923.81
CUST102194,2021-06-21,Personal Loan,128232.16
CUST102194,2022-03-20,Personal Loan,9682.13
CUST102195,2021-12-23,Home Loan,156609.28
CUST102195,2022-10-04,Unsecured Others,40068.02
CUST102195,2022-09-15,Home Loan,192904.51
CUST102196,2021-11-04,Personal Loan,153905.23
CUST102196,2022-01-13,Home Loan,15334.77
CUST102196,2021-05-19,Credit Card,16915.33
CUST102196,2022-01-01,Home Loan,127820.65
CUST102196,2022-05-18,Credit Card,65275.11
CUST102196,2021-03-30,Credit Card,159525.1
CUST102196,2022-09-22,Auto Loan,57072.91
CUST102197,2021-04-23,Personal Loan,37858.62
CUST102197,2022-11-10,Unsecured Others,92969.82
CUST102197,2021-12-12,Unsecured Others,52621.21
CUST102197,2021-04-04,Unsecured Others,161040.23
CUST102197,2022-04-05,Home Loan,31127.72
CUST102199,2021-02-04,Personal Loan,182730.03
CUST102199,2022-10-08,Credit Card,144331.46
CUST102199,2021-11-01,Personal Loan,132748.19
CUST102199,2021-11-08,Credit Card,76890.35
CUST102199,2021-11-27,Auto Loan,129865.7
CUST102199,2021-07-06,Personal Loan,35466.95
CUST102200,2022-07-25,Personal Loan,31535.1
CUST102200,2021-09-04,Personal Loan,105765.56
CUST102200,2022-09-11,Personal Loan,169957.19
CUST102202,2022-10-04,Unsecured Others,27125.35
CUST102202,2022-05-05,Credit Card,180877.06
CUST102202,2021-06-21,Home Loan,33316.89
CUST102202,2021-08-11,Auto Loan,101930.98
CUST102202,2022-08-31,Home Loan,199897.98
CUST102203,2022-12-20,Home Loan,91167.64
CUST102203,2022-03-09,Home Loan,65274.74
CUST102203,2021-02-05,Personal Loan,136209.02
CUST102204,2021-04-16,Auto Loan,74111.34
CUST102204,2021-08-19,Personal Loan,162039.78
CUST102204,2022-11-06,Personal Loan,92955.49
CUST102204,2022-07-15,Unsecured Others,34676.25
CUST102204,2022-12-08,Credit Card,190832.25
CUST102204,2022-08-25,Credit Card,52881.16
CUST102204,2021-07-04,Unsecured Others,13603.35
CUST102205,2021-10-19,Home Loan,138593.51
CUST102206,2021-06-18,Personal Loan,120559.05
CUST102211,2022-03-06,Unsecured Others,16632.81
CUST102211,2021-05-15,Auto Loan,192608.68
CUST102211,2022-07-31,Credit Card,70796.52
CUST102211,2022-04-07,Unsecured Others,53502.66
CUST102211,2022-06-24,Home Loan,156568.32
CUST102211,2021-08-18,Personal Loan,116636.92
CUST102211,2021-11-03,Unsecured Others,112338.38
CUST102212,2022-01-05,Home Loan,93646.51
CUST102212,2022-07-19,Auto Loan,78173.74
CUST102212,2021-04-06,Auto Loan,127511.46
CUST102212,2022-11-09,Credit Card,136108.48
CUST102212,2022-06-15,Personal Loan,31707.29
CUST102212,2021-07-01,Personal Loan,46133.9
CUST102213,2021-11-27,Home Loan,159554.82
CUST102214,2022-08-08,Unsecured Others,42174.06
CUST102214,2022-01-27,Credit Card,75143.12
CUST102215,2022-07-23,Credit Card,117109.83
CUST102215,2021-07-29,Home Loan,63415.66
CUST102215,2022-04-06,Home Loan,126092.61
CUST102216,2022-12-08,Auto Loan,18608.01
CUST102217,2021-04-09,Personal Loan,21794.29
CUST102219,2022-11-28,Credit Card,9992.95
CUST102219,2022-03-08,Auto Loan,137064.1
CUST102219,2021-12-24,Unsecured Others,126842.97
CUST102219,2021-12-15,Unsecured Others,56201.24
CUST102219,2022-08-03,Personal Loan,22187.75
CUST102219,2021-02-17,Unsecured Others,150524.88
CUST102220,2021-05-12,Home Loan,47800.12
CUST102220,2022-09-07,Home Loan,25492.03
CUST102220,2022-12-02,Home Loan,76623.63
CUST102220,2022-06-09,Credit Card,198905.25
CUST102221,2021-12-11,Auto Loan,112032.75
CUST102221,2021-03-19,Credit Card,47269.09
CUST102221,2021-05-15,Auto Loan,49139.12
CUST102221,2021-05-24,Home Loan,197195.65
CUST102222,2021-04-06,Unsecured Others,135113.84
CUST102222,2021-01-07,Personal Loan,134935.32
CUST102222,2022-07-09,Personal Loan,64873.4
CUST102222,2021-11-03,Personal Loan,37293.26
CUST102223,2021-06-06,Auto Loan,119487.21
CUST102223,2021-07-28,Credit Card,76799.66
CUST102223,2022-06-26,Home Loan,116505.23
CUST102223,2022-01-16,Home Loan,139543.44
CUST102223,2021-08-08,Credit Card,46439.69
CUST102223,2021-09-13,Personal Loan,36883.6
CUST102223,2021-02-15,Unsecured Others,163812.68
CUST102224,2022-08-16,Credit Card,139445.49
CUST102224,2021-12-30,Home Loan,170336.14
CUST102224,2022-06-11,Unsecured Others,110481.81
CUST102224,2021-05-13,Home Loan,78089.84
CUST102225,2021-09-02,Home Loan,124454.01
CUST102225,2021-01-05,Unsecured Others,136764.05
CUST102225,2021-06-18,Personal Loan,90717.43
CUST102225,2022-07-31,Personal Loan,62640.14
CUST102225,2021-10-28,Personal Loan,69735.72
CUST102226,2022-12-19,Home Loan,64172.35
CUST102228,2022-11-26,Auto Loan,136001.07
CUST102229,2022-05-10,Home Loan,124863.98
CUST102229,2022-10-22,Home Loan,151788.73
CUST102230,2021-07-30,Personal Loan,9232.28
CUST102230,2021-06-16,Unsecured Others,158092.98
CUST102230,2021-04-15,Unsecured Others,95612.61
CUST102232,2022-02-26,Auto Loan,19882.15
CUST102232,2021-06-25,Unsecured Others,53549.99
CUST102232,2022-10-26,Home Loan,30201.05
CUST102232,2022-06-10,Personal Loan,25500.66
CUST102232,2021-03-14,Personal Loan,191829.31
CUST102232,2021-10-28,Unsecured Others,65434.43
CUST102232,2021-12-24,Unsecured Others,37227.85
CUST102233,2022-03-05,Personal Loan,12248.68
CUST102233,2022-09-17,Home Loan,126612.93
CUST102234,2022-05-20,Auto Loan,123041.44
CUST102234,2021-07-07,Auto Loan,168631.27
CUST102234,2022-01-22,Unsecured Others,135061.52
CUST102234,2022-01-02,Home Loan,32211.48
CUST102235,2021-06-17,Auto Loan,176165.12
CUST102235,2022-06-23,Unsecured Others,15726.3
CUST102235,2022-11-10,Unsecured Others,111608.96
CUST102235,2021-12-02,Home Loan,150855.97
CUST102235,2022-03-25,Unsecured Others,72184.46
CUST102236,2022-07-17,Personal Loan,144656.04
CUST102236,2022-07-31,Personal Loan,183925.06
CUST102236,2022-02-03,Personal Loan,65463.31
CUST102236,2022-11-01,Home Loan,99917.29
CUST102237,2021-02-10,Home Loan,184570.48
CUST102237,2022-10-15,Unsecured Others,10652.85
CUST102237,2021-07-15,Personal Loan,27138.74
CUST102237,2021-03-01,Credit Card,102262.83
CUST102237,2022-06-19,Auto Loan,13275.14
CUST102237,2022-09-08,Unsecured Others,42727.87
CUST102237,2021-05-31,Personal Loan,23029.29
CUST102238,2022-10-05,Personal Loan,10557.99
CUST102238,2022-07-30,Credit Card,40950.0
CUST102238,2022-05-17,Credit Card,15089.15
CUST102239,2021-03-07,Personal Loan,137254.9
CUST102239,2021-01-30,Personal Loan,63158.18
CUST102239,2022-11-09,Personal Loan,188279.12
CUST102239,2021-12-31,Auto Loan,157283.99
CUST102240,2021-05-09,Auto Loan,69468.82
CUST102240,2021-09-25,Credit Card,47026.76
CUST102240,2021-02-11,Auto Loan,115278.21
CUST102241,2021-08-13,Credit Card,140503.0
CUST102241,2022-09-07,Home Loan,7210.3
CUST102241,2021-01-25,Home Loan,15981.61
CUST102241,2022-10-01,Credit Card,197111.67
CUST102241,2022-02-20,Home Loan,175068.3
CUST102241,2022-07-16,Personal Loan,16877.07
CUST102243,2021-06-12,Auto Loan,154539.0
CUST102243,2022-05-28,Auto Loan,26459.46
CUST102243,2022-05-22,Unsecured Others,118824.13
CUST102243,2022-03-18,Personal Loan,76208.92
CUST102244,2021-12-11,Auto Loan,172407.54
CUST102245,2022-02-03,Personal Loan,137837.44
CUST102246,2021-11-15,Unsecured Others,95296.09
CUST102246,2022-12-13,Home Loan,70361.0
CUST102246,2021-03-11,Credit Card,90498.83
CUST102246,2022-03-11,Credit Card,36290.64
CUST102246,2022-01-27,Auto Loan,131716.4
CUST102247,2022-09-27,Auto Loan,147414.07
CUST102247,2021-03-22,Unsecured Others,96839.16
CUST102247,2022-09-09,Auto Loan,133950.59
CUST102247,2021-09-28,Unsecured Others,21603.18
CUST102247,2021-03-05,Personal Loan,127495.0
CUST102247,2022-10-16,Credit Card,175610.28
CUST102248,2022-03-10,Home Loan,12646.54
CUST102248,2022-02-17,Auto Loan,55242.53
CUST102250,2021-09-01,Credit Card,182166.0
CUST102250,2021-08-10,Auto Loan,127086.51
CUST102250,2022-01-22,Auto Loan,94429.79
CUST102250,2022-03-02,Unsecured Others,86596.84
CUST102251,2021-10-14,Home Loan,31578.01
CUST102251,2021-03-21,Auto Loan,176325.49
CUST102251,2021-04-18,Auto Loan,105000.27
CUST102251,2022-09-03,Home Loan,152767.03
CUST102251,2022-06-27,Auto Loan,151042.86
CUST102253,2022-01-25,Home Loan,72096.69
CUST102253,2022-09-18,Personal Loan,75253.22
CUST102253,2022-02-21,Personal Loan,13105.57
CUST102253,2021-03-12,Credit Card,80723.09
CUST102253,2022-10-08,Unsecured Others,182148.67
CUST102254,2021-04-30,Credit Card,29160.54
CUST102254,2022-08-09,Unsecured Others,191880.46
CUST102254,2022-06-02,Personal Loan,48116.43
CUST102254,2021-09-04,Credit Card,56742.7
CUST102255,2022-04-04,Unsecured Others,153242.7
CUST102256,2021-11-19,Unsecured Others,102421.72
CUST102256,2022-04-15,Credit Card,22034.27
CUST102256,2022-02-28,Unsecured Others,88663.94
CUST102256,2022-02-11,Unsecured Others,180710.09
CUST102256,2022-10-28,Unsecured Others,106224.24
CUST102256,2022-08-06,Personal Loan,24314.55
CUST102257,2021-01-13,Credit Card,59198.54
CUST102257,2022-10-21,Auto Loan,103883.68
CUST102257,2022-08-17,Auto Loan,74286.76
CUST102257,2021-12-27,Credit Card,148345.09
CUST102257,2021-01-26,Home Loan,186869.13
CUST102257,2021-12-01,Credit Card,70167.75
CUST102257,2022-06-28,Auto Loan,28221.84
CUST102258,2022-01-28,Personal Loan,82051.07
CUST102258,2021-05-30,Home Loan,109530.16
CUST102258,2022-10-29,Personal Loan,90571.89
CUST102258,2022-05-05,Unsecured Others,127999.48
CUST102258,2021-05-18,Personal Loan,141562.49
CUST102258,2022-06-13,Home Loan,52688.71
CUST102259,2021-02-07,Auto Loan,75247.1
CUST102260,2021-11-13,Personal Loan,181201.91
CUST102260,2022-01-13,Credit Card,54386.97
CUST102260,2022-07-06,Credit Card,56128.92
CUST102260,2021-01-07,Credit Card,197210.35
CUST102260,2021-12-07,Personal Loan,116330.34
CUST102260,2022-12-06,Unsecured Others,20473.1
CUST102261,2022-04-09,Unsecured Others,59754.07
CUST102261,2022-12-21,Credit Card,58274.95
CUST102261,2022-12-16,Home Loan,49241.41
CUST102261,2022-07-18,Unsecured Others,121121.3
CUST102261,2022-11-08,Home Loan,78781.03
CUST102261,2021-02-03,Credit Card,82824.63
CUST102262,2021-12-26,Credit Card,49589.39
CUST102262,2021-02-07,Unsecured Others,17900.97
CUST102262,2022-04-09,Unsecured Others,68117.92
CUST102262,2021-09-24,Personal Loan,114467.37
CUST102262,2021-02-01,Credit Card,84948.99
CUST102262,2021-08-09,Credit Card,157045.6
CUST102263,2021-02-19,Home Loan,84968.41
CUST102263,2022-03-30,Auto Loan,113551.0
CUST102263,2021-06-18,Auto Loan,192950.76
CUST102263,2021-06-25,Home Loan,104269.9
CUST102263,2021-12-06,Auto Loan,193087.05
CUST102263,2021-10-29,Credit Card,8669.7
CUST102263,2021-06-30,Personal Loan,52863.92
CUST102264,2022-12-02,Home Loan,91849.5
CUST102264,2022-05-09,Auto Loan,106935.25
CUST102264,2021-02-27,Auto Loan,68186.98
CUST102264,2021-09-28,Home Loan,129352.55
CUST102264,2022-02-06,Unsecured Others,111868.14
CUST102264,2021-07-10,Auto Loan,159276.71
CUST102264,2022-07-30,Personal Loan,104718.16
CUST102265,2021-06-09,Credit Card,145167.76
CUST102265,2021-09-14,Personal Loan,146103.62
CUST102265,2022-10-31,Personal Loan,95668.17
CUST102265,2021-07-04,Home Loan,167820.09
CUST102265,2022-09-23,Credit Card,185220.91
CUST102265,2022-11-23,Auto Loan,102064.93
CUST102267,2022-04-16,Home Loan,9934.86
CUST102267,2022-01-12,Unsecured Others,128871.39
CUST102267,2021-04-28,Credit Card,60852.41
CUST102267,2022-09-20,Home Loan,22076.73
CUST102267,2021-06-08,Home Loan,105893.51
CUST102267,2021-09-11,Credit Card,183403.95
CUST102267,2021-05-20,Unsecured Others,182873.43
CUST102268,2022-12-07,Credit Card,133866.56
CUST102268,2021-02-24,Personal Loan,60300.76
CUST102268,2021-02-24,Auto Loan,177707.87
CUST102268,2022-01-17,Home Loan,131885.71
CUST102268,2022-10-16,Personal Loan,25593.95
CUST102268,2021-08-11,Credit Card,48580.91
CUST102269,2022-02-27,Personal Loan,126932.22
CUST102270,2021-09-25,Auto Loan,45617.65
CUST102270,2022-04-13,Personal Loan,129153.79
CUST102270,2022-06-30,Credit Card,182237.93
CUST102270,2022-07-28,Credit Card,145329.2
CUST102271,2021-12-02,Home Loan,51039.2
CUST102272,2022-08-14,Unsecured Others,38102.83
CUST102272,2021-03-16,Personal Loan,126536.44
CUST102272,2021-01-30,Credit Card,124594.55
CUST102272,2022-09-18,Unsecured Others,8737.79
CUST102275,2021-12-07,Unsecured Others,157745.76
CUST102276,2022-09-22,Personal Loan,26355.98
CUST102276,2022-01-07,Personal Loan,176294.68
CUST102276,2022-09-09,Credit Card,176252.77
CUST102277,2021-08-23,Home Loan,72298.08
CUST102277,2021-11-28,Unsecured Others,133599.83
CUST102277,2021-07-30,Auto Loan,111485.59
CUST102278,2021-10-20,Auto Loan,158878.45
CUST102278,2022-10-30,Unsecured Others,143147.41
CUST102278,2021-05-27,Unsecured Others,108091.0
CUST102278,2022-06-21,Unsecured Others,58011.02
CUST102278,2021-03-19,Credit Card,99036.52
CUST102278,2021-02-21,Unsecured Others,26996.58
CUST102278,2022-01-10,Unsecured Others,11541.17
CUST102279,2022-09-08,Credit Card,30474.49
CUST102279,2021-05-17,Auto Loan,92352.14
CUST102280,2022-06-14,Personal Loan,97591.51
CUST102280,2022-05-07,Unsecured Others,69766.38
CUST102280,2021-01-22,Credit Card,78862.59
CUST102280,2021-10-28,Unsecured Others,23602.38
CUST102280,2022-04-12,Personal Loan,65323.91
CUST102280,2021-07-31,Auto Loan,151001.98
CUST102281,2022-04-10,Auto Loan,89255.19
CUST102282,2022-07-28,Unsecured Others,43722.32
CUST102282,2021-08-09,Personal Loan,27743.97
CUST102282,2021-06-11,Personal Loan,78185.82
CUST102282,2021-06-12,Personal Loan,21974.31
CUST102282,2022-07-02,Home Loan,52190.67
CUST102282,2022-12-25,Home Loan,37725.16
CUST102282,2021-03-12,Personal Loan,175028.46
CUST102283,2022-11-05,Credit Card,173478.5
CUST102283,2022-04-18,Home Loan,174950.86
CUST102283,2021-11-19,Home Loan,117509.72
CUST102283,2021-11-06,Credit Card,170662.65
CUST102284,2021-10-24,Personal Loan,85561.79
CUST102284,2021-12-20,Unsecured Others,140815.45
CUST102284,2021-03-01,Unsecured Others,133473.02
CUST102284,2022-08-24,Personal Loan,190359.54
CUST102284,2021-03-04,Unsecured Others,70161.97
CUST102284,2021-07-11,Auto Loan,145333.28
CUST102284,2021-12-24,Unsecured Others,157905.72
CUST102285,2021-09-17,Auto Loan,87746.86
CUST102285,2022-03-24,Unsecured Others,39557.41
CUST102285,2021-03-10,Auto Loan,25141.05
CUST102285,2022-11-29,Home Loan,112365.96
CUST102285,2021-12-13,Unsecured Others,23594.91
CUST102285,2021-05-18,Unsecured Others,179695.79
CUST102285,2022-08-08,Home Loan,75047.64
CUST102286,2021-08-01,Home Loan,85660.81
CUST102286,2022-08-11,Unsecured Others,99873.98
CUST102286,2021-04-09,Personal Loan,10238.74
CUST102287,2021-04-14,Credit Card,106343.01
CUST102287,2021-07-20,Credit Card,115905.92
CUST102289,2022-08-11,Credit Card,189773.86
CUST102289,2021-12-23,Unsecured Others,179275.4
CUST102289,2022-12-10,Home Loan,152949.64
CUST102289,2021-06-17,Personal Loan,105959.62
CUST102289,2022-03-09,Home Loan,145988.6
CUST102289,2022-05-10,Credit Card,97913.28
CUST102289,2021-12-09,Unsecured Others,150664.81
CUST102292,2022-01-16,Personal Loan,154180.35
CUST102292,2022-12-27,Personal Loan,44572.58
CUST102292,2022-08-16,Auto Loan,52866.77
CUST102292,2021-01-09,Auto Loan,78336.24
CUST102292,2021-12-03,Unsecured Others,26622.2
CUST102292,2021-09-04,Unsecured Others,155399.21
CUST102294,2021-07-18,Auto Loan,26326.68
CUST102294,2021-01-26,Unsecured Others,149490.12
CUST102294,2021-09-09,Auto Loan,29875.96
CUST102294,2022-09-22,Home Loan,48209.49
CUST102295,2021-12-10,Unsecured Others,73709.85
CUST102296,2021-03-29,Unsecured Others,103401.86
CUST102296,2022-08-24,Personal Loan,7391.67
CUST102296,2021-06-22,Unsecured Others,127852.39
CUST102297,2021-04-21,Credit Card,173628.79
CUST102297,2021-06-01,Home Loan,167266.39
CUST102297,2022-09-18,Auto Loan,172564.43
CUST102297,2022-01-26,Auto Loan,61424.44
CUST102297,2021-11-27,Credit Card,69664.1
CUST102297,2021-06-14,Personal Loan,59408.74
CUST102298,2021-01-06,Personal Loan,143509.13
CUST102298,2021-08-12,Credit Card,125487.32
CUST102299,2022-04-13,Credit Card,139268.82
CUST102299,2022-08-20,Unsecured Others,121409.43
CUST102299,2022-06-25,Auto Loan,64999.32
CUST102299,2022-04-29,Home Loan,32769.04
CUST102299,2022-03-02,Credit Card,56700.41
CUST102300,2022-04-11,Credit Card,166533.59
CUST102300,2021-01-21,Home Loan,97575.99
CUST102300,2021-09-30,Auto Loan,28240.43
CUST102300,2022-02-19,Home Loan,83735.61
CUST102300,2022-07-01,Auto Loan,155922.31
CUST102300,2021-01-27,Credit Card,9236.63
CUST102300,2021-06-15,Home Loan,192601.49
CUST102301,2021-01-30,Home Loan,112562.95
CUST102301,2021-05-17,Personal Loan,156434.32
CUST102302,2021-02-04,Credit Card,158305.32
CUST102302,2022-03-27,Auto Loan,6061.44
CUST102302,2022-01-08,Home Loan,7950.44
CUST102302,2022-08-17,Home Loan,8350.38
CUST102302,2022-07-26,Unsecured Others,74951.69
CUST102302,2022-07-14,Auto Loan,17592.36
CUST102302,2022-01-16,Personal Loan,38172.94
CUST102303,2021-11-29,Home Loan,141628.55
CUST102303,2022-12-17,Unsecured Others,27026.49
CUST102303,2021-12-19,Unsecured Others,17768.54
CUST102303,2022-09-13,Auto Loan,83362.2
CUST102303,2021-10-13,Credit Card,107911.34
CUST102303,2021-12-27,Personal Loan,56101.65
CUST102303,2021-09-28,Credit Card,144218.7
CUST102304,2021-04-12,Unsecured Others,178110.62
CUST102304,2022-09-01,Credit Card,106761.68
CUST102304,2021-04-25,Credit Card,85798.33
CUST102304,2021-02-26,Unsecured Others,198572.91
CUST102306,2021-07-23,Credit Card,108970.22
CUST102306,2022-03-19,Home Loan,127660.49
CUST102306,2022-10-27,Personal Loan,49900.77
CUST102306,2022-10-24,Personal Loan,58746.87
CUST102306,2022-12-20,Unsecured Others,156998.11
CUST102307,2022-10-07,Unsecured Others,108376.18
CUST102307,2021-05-11,Credit Card,82446.21
CUST102307,2021-02-06,Personal Loan,154612.67
CUST102307,2021-08-22,Home Loan,198667.36
CUST102308,2022-04-28,Credit Card,127162.16
CUST102309,2022-02-09,Credit Card,190945.78
CUST102309,2022-07-29,Credit Card,159071.32
CUST102309,2022-05-18,Personal Loan,51105.87
CUST102310,2021-09-27,Home Loan,117804.31
CUST102310,2022-09-09,Credit Card,173200.76
CUST102310,2022-02-08,Auto Loan,132473.67
CUST102310,2022-03-23,Auto Loan,177895.92
CUST102310,2022-04-28,Personal Loan,135467.47
CUST102313,2021-04-11,Unsecured Others,78120.87
CUST102313,2021-09-05,Unsecured Others,142314.27
CUST102313,2021-02-14,Credit Card,34838.11
CUST102313,2022-08-05,Home Loan,146271.39
CUST102313,2022-04-27,Personal Loan,77813.95
CUST102314,2021-05-19,Credit Card,79260.22
CUST102314,2022-02-25,Personal Loan,149372.04
CUST102314,2022-09-08,Personal Loan,128091.39
CUST102314,2021-02-12,Credit Card,34535.27
CUST102314,2021-07-12,Credit Card,195771.82
CUST102314,2022-09-13,Credit Card,132532.43
CUST102314,2022-11-30,Credit Card,72223.04
CUST102315,2021-08-24,Unsecured Others,54398.6
CUST102317,2022-06-18,Auto Loan,54385.34
CUST102317,2021-05-17,Personal Loan,83702.35
CUST102317,2022-02-07,Unsecured Others,42955.85
CUST102317,2022-01-16,Home Loan,113386.92
CUST102317,2022-12-13,Home Loan,49413.7
CUST102317,2022-05-22,Auto Loan,180425.72
CUST102317,2021-08-04,Personal Loan,153905.22
CUST102318,2021-11-14,Credit Card,150719.95
CUST102318,2022-05-09,Credit Card,146205.58
CUST102318,2021-12-30,Auto Loan,169664.45
CUST102318,2022-01-07,Personal Loan,120994.94
CUST102319,2021-11-09,Home Loan,172721.2
CUST102319,2021-03-22,Auto Loan,106584.58
CUST102321,2022-09-24,Credit Card,55659.99
CUST102321,2021-03-24,Credit Card,136479.62
CUST102321,2021-08-13,Home Loan,143176.85
CUST102321,2022-09-14,Unsecured Others,66514.04
CUST102321,2022-12-30,Auto Loan,58878.58
CUST102321,2021-07-15,Unsecured Others,103379.46
CUST102323,2022-07-11,Personal Loan,164842.39
CUST102323,2021-07-17,Unsecured Others,162752.36
CUST102323,2021-02-06,Credit Card,179708.49
CUST102323,2022-08-11,Home Loan,143644.38
CUST102324,2021-10-27,Home Loan,102065.66
CUST102324,2022-03-10,Personal Loan,134474.1
CUST102324,2022-09-20,Unsecured Others,184583.91
CUST102324,2022-10-14,Unsecured Others,50526.6
CUST102324,2021-03-18,Unsecured Others,88709.91
CUST102325,2021-01-07,Personal Loan,95811.67
CUST102325,2021-11-10,Auto Loan,95379.2
CUST102325,2022-03-23,Auto Loan,147650.99
CUST102326,2022-10-17,Unsecured Others,87263.22
CUST102326,2021-06-11,Auto Loan,9264.27
CUST102326,2021-11-24,Personal Loan,119393.69
CUST102326,2021-06-22,Home Loan,113996.8
CUST102326,2021-02-04,Personal Loan,193237.83
CUST102326,2022-04-22,Credit Card,140631.43
CUST102327,2022-05-03,Personal Loan,134570.61
CUST102327,2022-10-04,Credit Card,97575.22
CUST102328,2021-04-24,Home Loan,179845.21
CUST102328,2021-12-31,Personal Loan,168572.01
CUST102328,2022-08-19,Personal Loan,79621.58
CUST102329,2021-07-25,Unsecured Others,135859.66
CUST102329,2021-02-24,Personal Loan,175557.28
CUST102329,2022-08-28,Credit Card,116472.78
CUST102330,2021-07-27,Personal Loan,110031.17
CUST102330,2022-05-26,Personal Loan,113306.7
CUST102331,2022-07-01,Unsecured Others,64549.12
CUST102331,2021-10-07,Unsecured Others,192331.52
CUST102331,2022-07-11,Unsecured Others,182106.74
CUST102331,2022-03-06,Auto Loan,77905.1
CUST102331,2021-05-09,Auto Loan,147679.24
CUST102331,2021-10-24,Home Loan,56209.16
CUST102332,2021-04-25,Unsecured Others,131842.8
CUST102332,2022-04-03,Auto Loan,77369.04
CUST102333,2022-02-15,Auto Loan,197789.57
CUST102333,2021-05-16,Unsecured Others,140043.73
CUST102333,2021-10-09,Auto Loan,75433.11
CUST102333,2022-07-22,Unsecured Others,14429.63
CUST102333,2021-12-11,Home Loan,181985.54
CUST102334,2022-09-13,Unsecured Others,24983.76
CUST102334,2022-01-11,Auto Loan,24041.51
CUST102334,2022-10-26,Unsecured Others,169232.12
CUST102334,2022-03-13,Credit Card,8173.48
CUST102334,2022-07-09,Home Loan,113567.03
CUST102334,2021-03-16,Credit Card,172161.81
CUST102336,2021-09-26,Auto Loan,65318.35
CUST102336,2022-06-25,Home Loan,97187.53
CUST102337,2022-02-06,Auto Loan,120457.41
CUST102337,2021-03-31,Credit Card,90319.37
CUST102338,2021-11-20,Personal Loan,179935.54
CUST102338,2022-01-13,Credit Card,163349.58
CUST102338,2022-08-09,Unsecured Others,38595.66
CUST102338,2021-05-31,Personal Loan,111306.84
CUST102339,2022-07-13,Credit Card,165829.76
CUST102339,2021-11-12,Credit Card,34122.68
CUST102339,2022-02-01,Unsecured Others,5109.59
CUST102341,2021-05-10,Personal Loan,39370.39
CUST102342,2021-04-16,Auto Loan,26364.12
CUST102342,2022-03-02,Personal Loan,90190.49
CUST102342,2022-04-21,Unsecured Others,186720.09
CUST102342,2021-10-08,Personal Loan,93751.6
CUST102342,2021-12-19,Auto Loan,40810.97
CUST102343,2021-05-10,Home Loan,61193.88
CUST102344,2021-03-21,Personal Loan,96233.61
CUST102344,2022-09-20,Unsecured Others,119947.46
CUST102344,2021-02-22,Personal Loan,58990.48
CUST102345,2021-08-03,Personal Loan,142506.27
CUST102345,2022-02-27,Unsecured Others,122751.23
CUST102345,2022-08-22,Home Loan,12933.69
CUST102345,2022-06-18,Personal Loan,145122.49
CUST102345,2021-03-20,Home Loan,34777.76
CUST102345,2022-08-19,Credit Card,19588.75
CUST102346,2021-03-04,Home Loan,174558.32
CUST102347,2022-07-13,Credit Card,168396.48
CUST102347,2021-01-19,Home Loan,108667.36
CUST102347,2022-03-12,Auto Loan,117279.63
CUST102347,2021-01-06,Unsecured Others,109854.23
CUST102347,2022-10-19,Unsecured Others,23885.94
CUST102347,2021-10-02,Credit Card,22669.21
CUST102347,2021-12-04,Auto Loan,150438.51
CUST102348,2021-04-28,Home Loan,186167.95
CUST102348,2022-02-15,Home Loan,60589.75
CUST102348,2021-03-25,Credit Card,180390.37
CUST102348,2022-02-17,Auto Loan,5614.28
CUST102348,2022-04-14,Unsecured Others,79556.46
CUST102349,2022-03-05,Personal Loan,91988.9
CUST102349,2022-06-11,Home Loan,75424.91
CUST102349,2021-09-26,Unsecured Others,47150.83
CUST102350,2022-08-24,Home Loan,185036.53
CUST102350,2021-12-24,Credit Card,144554.5
CUST102350,2022-08-11,Personal Loan,185152.49
CUST102350,2021-08-16,Credit Card,93311.61
CUST102351,2022-03-09,Unsecured Others,22400.52
CUST102351,2021-01-21,Auto Loan,53354.99
CUST102351,2022-05-20,Auto Loan,23222.62
CUST102351,2022-05-08,Home Loan,21717.77
CUST102351,2021-05-01,Home Loan,181635.49
CUST102352,2021-10-04,Unsecured Others,80116.1
CUST102352,2021-05-09,Home Loan,81928.39
CUST102352,2021-06-01,Unsecured Others,25995.7
CUST102352,2022-08-28,Unsecured Others,195150.05
CUST102352,2021-08-06,Auto Loan,142609.41
CUST102353,2021-12-29,Personal Loan,47564.14
CUST102353,2021-09-10,Home Loan,103105.74
CUST102353,2021-07-28,Home Loan,133872.37
CUST102353,2022-03-05,Credit Card,24563.9
CUST102354,2022-03-10,Unsecured Others,142535.55
CUST102356,2022-03-19,Credit Card,33977.16
CUST102356,2022-06-18,Auto Loan,42998.2
CUST102357,2021-02-22,Home Loan,8203.73
CUST102357,2022-08-07,Auto Loan,155281.75
CUST102357,2021-06-26,Unsecured Others,147991.71
CUST102357,2022-03-28,Personal Loan,102776.96
CUST102357,2021-09-11,Unsecured Others,184530.74
CUST102358,2022-05-08,Unsecured Others,70925.52
CUST102358,2021-08-26,Credit Card,150246.5
CUST102358,2021-07-21,Unsecured Others,58536.62
CUST102358,2022-06-23,Credit Card,31137.12
CUST102358,2021-02-04,Home Loan,175921.66
CUST102359,2021-05-28,Unsecured Others,195398.66
CUST102359,2021-06-01,Auto Loan,123361.61
CUST102360,2022-02-24,Auto Loan,149241.05
CUST102360,2022-08-25,Personal Loan,170017.69
CUST102360,2022-04-27,Personal Loan,196475.63
CUST102360,2022-11-01,Auto Loan,13295.55
CUST102360,2022-02-15,Unsecured Others,36256.43
CUST102360,2021-05-26,Credit Card,45139.42
CUST102360,2021-12-27,Personal Loan,21427.04
CUST102361,2022-04-20,Unsecured Others,79347.99
CUST102361,2021-11-26,Home Loan,91924.9
CUST102361,2022-04-21,Personal Loan,143011.21
CUST102361,2022-04-15,Personal Loan,161617.27
CUST102361,2022-07-11,Credit Card,111600.73
CUST102362,2022-07-04,Home Loan,68871.86
CUST102363,2022-06-24,Home Loan,31800.98
CUST102363,2021-01-28,Auto Loan,121815.17
CUST102363,2022-12-15,Auto Loan,68437.91
CUST102363,2021-10-11,Auto Loan,170893.78
CUST102364,2022-07-14,Credit Card,132108.3
CUST102364,2022-11-08,Personal Loan,198868.03
CUST102364,2022-02-22,Personal Loan,36228.4
CUST102364,2021-09-26,Personal Loan,111926.7
CUST102364,2022-10-26,Unsecured Others,193796.68
CUST102365,2021-03-26,Home Loan,100349.37
CUST102365,2021-09-01,Home Loan,178991.72
CUST102365,2022-07-05,Home Loan,136321.34
CUST102365,2021-11-18,Home Loan,48577.93
CUST102365,2021-12-11,Personal Loan,128898.79
CUST102366,2021-08-23,Home Loan,61955.88
CUST102366,2021-08-11,Unsecured Others,187172.16
CUST102366,2022-08-10,Personal Loan,89095.05
CUST102366,2021-01-09,Home Loan,117973.83
CUST102366,2022-11-22,Personal Loan,87294.93
CUST102366,2021-08-11,Home Loan,11581.51
CUST102366,2021-10-28,Unsecured Others,191567.99
CUST102367,2022-01-14,Home Loan,176947.74
CUST102367,2021-10-13,Auto Loan,37626.31
CUST102367,2022-11-17,Auto Loan,158357.24
CUST102367,2022-10-02,Unsecured Others,189694.75
CUST102368,2022-09-07,Personal Loan,110771.84
CUST102369,2022-11-19,Credit Card,43758.43
CUST102369,2022-04-28,Auto Loan,5338.01
CUST102373,2021-09-15,Credit Card,6542.72
CUST102373,2021-06-15,Home Loan,52332.57
CUST102373,2022-12-16,Auto Loan,40649.39
CUST102373,2021-10-21,Home Loan,179380.42
CUST102373,2022-01-13,Home Loan,126914.06
CUST102374,2022-11-23,Credit Card,69579.0
CUST102374,2022-08-19,Unsecured Others,17070.05
CUST102374,2021-06-17,Personal Loan,73964.54
CUST102374,2021-01-22,Unsecured Others,170330.2
CUST102374,2021-08-01,Credit Card,15785.29
CUST102374,2021-04-23,Home Loan,25750.24
CUST102375,2021-04-14,Unsecured Others,108523.41
CUST102375,2022-11-21,Personal Loan,12293.87
CUST102375,2022-07-22,Unsecured Others,28697.19
CUST102375,2022-05-15,Credit Card,25019.64
CUST102375,2021-06-21,Personal Loan,130724.92
CUST102375,2021-07-21,Credit Card,119752.99
CUST102376,2022-09-19,Credit Card,20491.87
CUST102376,2022-04-06,Auto Loan,163485.05
CUST102377,2021-02-04,Personal Loan,86408.55
CUST102377,2022-12-24,Personal Loan,156772.93
CUST102378,2021-06-01,Home Loan,103685.12
CUST102379,2021-11-11,Unsecured Others,183518.8
CUST102379,2021-01-22,Credit Card,33528.63
CUST102379,2021-10-06,Home Loan,147499.28
CUST102379,2021-09-21,Home Loan,100113.49
CUST102379,2022-04-17,Auto Loan,65972.43
CUST102380,2022-04-25,Auto Loan,172147.63
CUST102380,2022-08-18,Home Loan,16859.67
CUST102380,2021-03-09,Home Loan,60935.02
CUST102380,2022-10-23,Unsecured Others,76716.3
CUST102380,2022-04-29,Home Loan,118563.41
CUST102380,2021-07-18,Credit Card,143195.75
CUST102380,2022-02-28,Home Loan,74060.15
CUST102381,2021-03-18,Auto Loan,101794.02
CUST102381,2022-12-17,Credit Card,85566.88
CUST102381,2022-04-20,Personal Loan,153998.13
CUST102381,2022-11-22,Personal Loan,25894.63
CUST102381,2022-01-02,Credit Card,46993.79
CUST102381,2022-04-27,Personal Loan,31923.56
CUST102382,2021-07-11,Credit Card,42920.89
CUST102383,2021-12-18,Home Loan,58368.55
CUST102383,2022-07-24,Auto Loan,180573.15
CUST102383,2022-09-09,Unsecured Others,194794.12
CUST102383,2022-12-14,Home Loan,129253.67
CUST102383,2021-09-17,Home Loan,173056.48
CUST102383,2022-08-28,Unsecured Others,132027.37
CUST102384,2022-08-18,Credit Card,41024.23
CUST102384,2021-06-29,Credit Card,129659.11
CUST102384,2021-10-07,Credit Card,26827.16
CUST102384,2022-05-07,Credit Card,171013.66
CUST102385,2022-11-30,Credit Card,112054.66
CUST102385,2022-10-14,Home Loan,79599.73
CUST102385,2022-05-02,Auto Loan,171404.29
CUST102386,2021-05-12,Auto Loan,17125.68
CUST102386,2022-09-14,Auto Loan,117737.87
CUST102386,2022-12-20,Unsecured Others,124195.38
CUST102386,2021-07-28,Home Loan,132243.3
CUST102387,2022-03-31,Home Loan,62911.24
CUST102387,2022-01-03,Credit Card,9209.63
CUST102387,2021-08-28,Personal Loan,77471.04
CUST102387,2021-11-23,Credit Card,136780.29
CUST102388,2022-04-13,Personal Loan,127355.35
CUST102388,2021-03-09,Unsecured Others,140873.18
CUST102388,2021-07-25,Home Loan,66196.71
CUST102388,2022-10-25,Personal Loan,77734.94
CUST102388,2021-08-21,Auto Loan,159810.35
CUST102389,2022-02-28,Unsecured Others,165972.22
CUST102389,2021-06-08,Personal Loan,44335.63
CUST102390,2021-07-16,Home Loan,23138.65
CUST102390,2022-06-17,Home Loan,27622.93
CUST102390,2021-08-19,Credit Card,54155.82
CUST102390,2021-07-20,Auto Loan,191902.61
CUST102390,2021-11-20,Unsecured Others,185795.7
CUST102390,2022-03-16,Unsecured Others,18072.74
CUST102392,2021-07-14,Auto Loan,88319.92
CUST102392,2022-04-29,Unsecured Others,99942.88
CUST102392,2022-02-19,Personal Loan,96235.24
CUST102392,2021-10-15,Credit Card,70196.23
CUST102393,2022-02-26,Auto Loan,98101.69
CUST102393,2021-01-09,Personal Loan,118413.19
CUST102395,2021-10-29,Personal Loan,72140.91
CUST102396,2021-07-03,Credit Card,65095.92
CUST102396,2022-03-15,Personal Loan,198752.86
CUST102397,2021-01-05,Home Loan,32866.34
CUST102397,2022-10-02,Unsecured Others,170189.07
CUST102397,2021-09-07,Auto Loan,105410.07
CUST102397,2021-08-16,Credit Card,185918.74
CUST102398,2022-09-15,Personal Loan,134505.0
CUST102398,2021-06-09,Credit Card,135300.44
CUST102398,2022-12-23,Personal Loan,81880.45
CUST102398,2022-11-05,Home Loan,123932.01
CUST102398,2022-02-23,Home Loan,159437.14
CUST102400,2022-05-29,Credit Card,80497.29
CUST102400,2022-10-16,Unsecured Others,126862.58
CUST102400,2021-08-06,Auto Loan,146868.25
CUST102400,2021-10-12,Unsecured Others,139632.44
CUST102400,2022-10-18,Unsecured Others,87792.59
CUST102400,2021-03-24,Unsecured Others,105442.71
CUST102401,2021-03-07,Personal Loan,101233.58
CUST102401,2021-10-07,Auto Loan,8777.6
CUST102402,2022-12-20,Credit Card,143190.96
CUST102402,2022-04-11,Home Loan,88912.28
CUST102402,2022-03-05,Credit Card,134497.48
CUST102402,2021-01-25,Auto Loan,127333.96
CUST102402,2022-12-14,Auto Loan,182636.41
CUST102403,2022-08-13,Home Loan,61920.65
CUST102403,2022-01-11,Unsecured Others,11754.72
CUST102403,2022-03-09,Auto Loan,41768.74
CUST102403,2021-12-22,Home Loan,154782.21
CUST102403,2021-10-04,Credit Card,32167.19
CUST102403,2021-10-15,Auto Loan,86309.06
CUST102403,2021-03-10,Auto Loan,112973.12
CUST102404,2023-01-01,Personal Loan,67925.92
CUST102404,2022-11-02,Home Loan,196654.12
CUST102404,2021-12-18,Credit Card,85903.88
CUST102404,2022-01-21,Auto Loan,100734.39
CUST102405,2021-11-07,Unsecured Others,50552.37
CUST102405,2022-11-06,Personal Loan,29765.0
CUST102406,2022-11-17,Auto Loan,112199.83
CUST102406,2021-10-28,Credit Card,15058.63
CUST102406,2021-11-15,Unsecured Others,12021.78
CUST102407,2021-12-26,Unsecured Others,198715.12
CUST102407,2022-12-03,Home Loan,137273.16
CUST102407,2022-10-03,Credit Card,15770.68
CUST102407,2022-02-05,Unsecured Others,41829.99
CUST102407,2021-02-23,Unsecured Others,181071.0
CUST102408,2022-01-14,Home Loan,62811.98
CUST102408,2022-01-24,Home Loan,45535.58
CUST102408,2021-08-30,Personal Loan,69159.44
CUST102409,2022-09-10,Home Loan,164587.39
CUST102409,2021-09-05,Auto Loan,115924.47
CUST102409,2022-10-01,Auto Loan,107050.35
CUST102409,2022-09-22,Auto Loan,26615.49
CUST102409,2021-12-05,Personal Loan,97211.89
CUST102410,2022-03-30,Home Loan,91419.5
CUST102411,2022-09-21,Credit Card,106536.97
CUST102411,2022-01-29,Home Loan,10915.94
CUST102411,2022-03-03,Personal Loan,126835.07
CUST102411,2022-09-25,Unsecured Others,86521.07
CUST102411,2022-04-28,Personal Loan,5527.25
CUST102412,2022-10-06,Unsecured Others,40588.17
CUST102413,2021-09-01,Credit Card,174929.83
CUST102413,2022-11-15,Credit Card,195913.48
CUST102413,2022-11-28,Unsecured Others,59232.34
CUST102414,2022-11-09,Personal Loan,76837.04
CUST102414,2021-02-15,Personal Loan,23238.67
CUST102414,2021-08-20,Credit Card,107563.58
CUST102414,2022-08-08,Credit Card,12269.01
CUST102414,2021-12-27,Credit Card,159185.92
CUST102414,2022-07-05,Credit Card,39179.8
CUST102414,2022-08-15,Unsecured Others,94015.41
CUST102415,2021-05-03,Auto Loan,71705.79
CUST102416,2021-05-29,Home Loan,111584.3
CUST102416,2021-09-25,Personal Loan,103717.47
CUST102416,2022-06-08,Unsecured Others,176429.47
CUST102416,2022-02-06,Home Loan,80468.33
CUST102418,2021-03-10,Credit Card,59611.25
CUST102418,2021-09-27,Personal Loan,58678.56
CUST102418,2021-03-25,Home Loan,115705.15
CUST102418,2022-09-30,Credit Card,50569.81
CUST102418,2022-01-03,Auto Loan,167828.99
CUST102419,2021-02-09,Auto Loan,47530.82
CUST102419,2021-01-10,Home Loan,15753.79
CUST102419,2021-08-19,Home Loan,35922.64
CUST102419,2021-07-19,Home Loan,169994.83
CUST102420,2021-02-08,Home Loan,84745.75
CUST102421,2021-02-26,Credit Card,98986.95
CUST102421,2022-03-16,Credit Card,131127.2
CUST102421,2021-07-08,Credit Card,172641.84
CUST102422,2021-06-12,Auto Loan,139412.47
CUST102422,2022-06-22,Unsecured Others,130095.24
CUST102423,2021-01-19,Personal Loan,193250.0
CUST102424,2022-12-03,Unsecured Others,50681.36
CUST102424,2021-11-24,Personal Loan,111231.82
CUST102424,2021-02-22,Home Loan,63749.3
CUST102425,2022-12-15,Auto Loan,175943.18
CUST102425,2021-01-29,Unsecured Others,40520.63
CUST102425,2022-08-21,Unsecured Others,178338.82
CUST102425,2022-01-10,Unsecured Others,67403.43
CUST102426,2022-04-20,Personal Loan,24018.48
CUST102426,2021-06-25,Unsecured Others,87556.26
CUST102426,2021-09-02,Personal Loan,102366.08
CUST102426,2021-01-04,Unsecured Others,180215.83
CUST102428,2022-09-11,Personal Loan,105996.29
CUST102428,2022-05-30,Credit Card,152463.08
CUST102428,2021-12-07,Home Loan,17010.28
CUST102428,2021-06-08,Auto Loan,14582.13
CUST102429,2022-03-24,Personal Loan,93944.96
CUST102429,2021-09-03,Credit Card,164704.0
CUST102429,2021-01-10,Personal Loan,98574.25
CUST102429,2022-12-28,Home Loan,109343.1
CUST102429,2022-01-25,Home Loan,173177.38
CUST102430,2021-07-01,Unsecured Others,38312.27
CUST102430,2021-06-02,Auto Loan,119218.71
CUST102430,2022-12-04,Unsecured Others,67114.55
CUST102432,2022-04-05,Personal Loan,40473.62
CUST102432,2022-07-02,Personal Loan,175790.49
CUST102432,2022-05-29,Home Loan,172600.47
CUST102432,2021-01-21,Home Loan,20820.2
CUST102432,2021-07-18,Auto Loan,57427.64
CUST102433,2022-11-16,Credit Card,76664.17
CUST102433,2022-12-06,Auto Loan,66863.02
CUST102433,2021-09-01,Unsecured Others,198025.76
CUST102433,2022-02-16,Auto Loan,190220.97
CUST102433,2022-05-28,Credit Card,194326.17
CUST102433,2022-04-05,Unsecured Others,20971.32
CUST102434,2022-11-26,Credit Card,22337.45
CUST102434,2022-08-19,Credit Card,194156.19
CUST102434,2022-07-05,Personal Loan,189310.23
CUST102435,2022-04-23,Unsecured Others,64673.82
CUST102435,2022-10-22,Credit Card,139695.46
CUST102435,2022-12-20,Credit Card,170531.41
CUST102435,2021-03-20,Auto Loan,47278.76
CUST102435,2022-10-03,Home Loan,156284.01
CUST102435,2022-07-12,Home Loan,61706.53
CUST102436,2021-02-17,Unsecured Others,116360.89
CUST102436,2022-10-17,Home Loan,62386.03
CUST102436,2022-04-06,Unsecured Others,55909.68
CUST102436,2022-06-24,Home Loan,98701.57
CUST102436,2022-11-08,Unsecured Others,125582.54
CUST102437,2021-04-29,Unsecured Others,40658.8
CUST102438,2021-12-13,Home Loan,139811.29
CUST102438,2021-01-10,Credit Card,187045.64
CUST102439,2022-05-10,Home Loan,153181.04
CUST102439,2022-08-25,Unsecured Others,165149.69
CUST102439,2021-04-03,Auto Loan,22933.92
CUST102439,2021-02-27,Home Loan,99075.99
CUST102439,2021-04-13,Credit Card,68260.72
CUST102439,2021-03-18,Personal Loan,42272.76
CUST102439,2022-06-23,Auto Loan,185747.08
CUST102440,2022-07-17,Personal Loan,44459.88
CUST102440,2021-10-23,Auto Loan,105464.01
CUST102440,2021-05-18,Home Loan,54929.7
CUST102440,2021-10-29,Auto Loan,186111.64
CUST102440,2021-01-07,Credit Card,29150.29
CUST102440,2022-12-30,Unsecured Others,186179.71
CUST102441,2022-01-11,Credit Card,26395.41
CUST102441,2021-12-08,Personal Loan,54342.17
CUST102441,2021-12-06,Auto Loan,140089.96
CUST102441,2021-02-22,Credit Card,195403.77
CUST102441,2022-02-15,Credit Card,132596.2
CUST102443,2021-05-30,Home Loan,40333.37
CUST102444,2021-08-17,Credit Card,194167.96
CUST102444,2022-06-19,Personal Loan,56391.33
CUST102445,2022-02-20,Home Loan,152100.13
CUST102445,2022-06-15,Unsecured Others,181743.32
CUST102445,2022-09-19,Home Loan,70502.78
CUST102446,2021-04-18,Auto Loan,47532.19
CUST102446,2021-02-17,Home Loan,167653.49
CUST102447,2022-10-01,Auto Loan,46353.38
CUST102448,2022-05-06,Auto Loan,83200.31
CUST102448,2022-07-06,Credit Card,143589.04
CUST102449,2022-05-27,Unsecured Others,189862.46
CUST102449,2022-01-14,Unsecured Others,143402.64
CUST102449,2021-02-14,Home Loan,57929.73
CUST102450,2021-03-13,Home Loan,52487.36
CUST102450,2022-09-19,Credit Card,58397.84
CUST102450,2022-06-18,Auto Loan,9620.41
CUST102451,2022-10-23,Auto Loan,40260.3
CUST102451,2022-06-19,Home Loan,74102.9
CUST102451,2021-10-09,Personal Loan,63275.66
CUST102452,2021-01-31,Personal Loan,177696.96
CUST102452,2021-06-24,Personal Loan,81129.39
CUST102452,2021-10-03,Unsecured Others,139307.58
CUST102452,2022-03-30,Unsecured Others,42088.01
CUST102452,2022-07-02,Unsecured Others,89498.33
CUST102452,2021-02-01,Unsecured Others,22559.27
CUST102453,2022-06-20,Home Loan,39333.43
CUST102454,2022-09-24,Home Loan,160389.18
CUST102454,2021-09-21,Home Loan,85265.12
CUST102454,2021-08-12,Auto Loan,193699.69
CUST102454,2022-03-12,Home Loan,189305.14
CUST102454,2022-01-23,Credit Card,66080.42
CUST102454,2021-12-14,Credit Card,182443.1
CUST102455,2022-08-31,Personal Loan,102653.23
CUST102455,2022-03-13,Home Loan,36856.06
CUST102455,2021-10-23,Home Loan,135075.85
CUST102455,2021-03-07,Home Loan,155137.32
CUST102455,2022-02-16,Credit Card,98353.7
CUST102455,2022-12-29,Home Loan,121794.2
CUST102455,2022-10-02,Credit Card,186085.47
CUST102456,2023-01-01,Auto Loan,111289.16
CUST102456,2021-03-24,Unsecured Others,188048.67
CUST102456,2021-07-29,Auto Loan,96034.31
CUST102456,2021-03-16,Home Loan,92031.63
CUST102456,2022-11-24,Home Loan,44526.13
CUST102456,2021-07-23,Home Loan,106090.75
CUST102456,2022-06-01,Credit Card,68898.36
CUST102457,2022-12-29,Unsecured Others,39405.54
CUST102457,2022-04-04,Personal Loan,62319.06
CUST102457,2022-11-14,Credit Card,60983.59
CUST102458,2021-07-28,Auto Loan,179150.99
CUST102458,2021-01-25,Personal Loan,182697.35
CUST102458,2021-10-15,Home Loan,118983.41
CUST102458,2021-11-07,Credit Card,92446.35
CUST102458,2021-05-16,Credit Card,182162.85
CUST102459,2021-07-14,Auto Loan,156914.53
CUST102460,2022-05-29,Home Loan,145296.9
CUST102460,2022-04-29,Personal Loan,94127.05
CUST102461,2021-08-10,Unsecured Others,24843.27
CUST102461,2022-10-15,Credit Card,44293.34
CUST102461,2021-10-25,Home Loan,16333.67
CUST102461,2021-03-16,Home Loan,189279.16
CUST102461,2021-08-07,Home Loan,188806.76
CUST102461,2021-11-17,Credit Card,19041.58
CUST102463,2022-10-02,Unsecured Others,141227.61
CUST102463,2022-07-01,Home Loan,123515.46
CUST102463,2022-05-09,Home Loan,117431.57
CUST102463,2022-11-06,Personal Loan,139156.69
CUST102463,2021-07-15,Personal Loan,160606.38
CUST102464,2022-09-09,Home Loan,182531.68
CUST102464,2021-01-23,Personal Loan,47037.04
CUST102464,2021-04-06,Personal Loan,48838.16
CUST102464,2022-11-19,Personal Loan,47942.64
CUST102464,2022-07-22,Home Loan,39087.28
CUST102465,2021-02-26,Credit Card,50554.3
CUST102465,2021-06-12,Auto Loan,174582.56
CUST102465,2022-02-17,Credit Card,182013.41
CUST102465,2022-07-01,Auto Loan,161847.73
CUST102466,2022-02-04,Home Loan,127181.01
CUST102467,2022-09-11,Unsecured Others,189089.56
CUST102467,2022-11-21,Personal Loan,119045.77
CUST102467,2022-02-12,Credit Card,68192.23
CUST102468,2022-09-19,Home Loan,72971.37
CUST102468,2022-12-10,Auto Loan,105600.21
CUST102468,2021-03-10,Auto Loan,72842.05
CUST102468,2022-02-24,Unsecured Others,195144.65
CUST102468,2021-01-07,Auto Loan,155766.07
CUST102469,2022-07-31,Home Loan,114591.79
CUST102470,2022-03-07,Home Loan,63795.5
CUST102470,2022-06-09,Home Loan,176967.06
CUST102470,2022-10-12,Credit Card,119830.04
CUST102472,2022-12-01,Personal Loan,23187.08
CUST102472,2022-04-18,Credit Card,36249.72
CUST102472,2021-10-23,Auto Loan,99762.21
CUST102472,2022-09-02,Home Loan,99749.04
CUST102472,2021-02-01,Credit Card,15107.97
CUST102473,2021-11-05,Unsecured Others,167457.3
CUST102473,2021-12-07,Auto Loan,125126.3
CUST102473,2022-07-10,Unsecured Others,116461.82
CUST102473,2022-09-19,Personal Loan,129226.67
CUST102474,2021-08-24,Home Loan,103942.01
CUST102474,2022-02-18,Credit Card,141478.81
CUST102474,2022-06-10,Unsecured Others,81809.13
CUST102475,2022-06-19,Unsecured Others,165058.24
CUST102476,2022-04-30,Home Loan,77869.85
CUST102476,2022-04-03,Home Loan,13638.33
CUST102476,2021-05-04,Personal Loan,80579.0
CUST102476,2022-03-08,Personal Loan,56965.7
CUST102476,2022-03-30,Auto Loan,36379.22
CUST102476,2022-01-09,Auto Loan,66523.97
CUST102476,2022-06-28,Credit Card,108445.89
CUST102477,2022-06-08,Credit Card,91839.71
CUST102477,2022-12-09,Personal Loan,31113.89
CUST102478,2022-07-29,Credit Card,28543.05
CUST102478,2022-12-22,Auto Loan,130136.52
CUST102478,2022-08-23,Credit Card,48275.93
CUST102478,2021-05-13,Credit Card,174356.57
CUST102479,2022-04-25,Personal Loan,145438.6
CUST102479,2022-08-21,Home Loan,134989.56
CUST102479,2021-09-26,Credit Card,195645.86
CUST102479,2021-06-15,Credit Card,46097.43
CUST102479,2022-06-25,Home Loan,179402.27
CUST102479,2022-09-14,Auto Loan,138707.35
CUST102479,2021-02-17,Credit Card,151150.25
CUST102480,2021-09-06,Auto Loan,29157.32
CUST102482,2022-03-29,Auto Loan,194267.36
CUST102482,2022-04-16,Personal Loan,194306.91
CUST102482,2021-06-07,Home Loan,42090.82
CUST102483,2022-08-06,Credit Card,9357.06
CUST102483,2022-03-20,Personal Loan,175796.17
CUST102483,2022-11-04,Credit Card,180674.3
CUST102483,2021-08-02,Home Loan,93296.48
CUST102483,2022-09-15,Credit Card,29961.23
CUST102485,2021-07-01,Personal Loan,26546.94
CUST102485,2022-01-10,Credit Card,119195.27
CUST102486,2022-05-29,Auto Loan,50243.58
CUST102486,2021-07-16,Home Loan,101189.26
CUST102486,2022-08-17,Home Loan,13038.45
CUST102486,2022-11-08,Personal Loan,52249.7
CUST102487,2021-10-22,Unsecured Others,9019.38
CUST102487,2021-08-26,Credit Card,15539.88
CUST102488,2021-06-02,Auto Loan,48917.24
CUST102488,2021-04-19,Home Loan,165605.72
CUST102488,2021-10-26,Personal Loan,108911.95
CUST102488,2021-01-30,Personal Loan,138306.42
CUST102488,2022-08-02,Unsecured Others,196509.41
CUST102489,2022-01-05,Credit Card,147572.93
CUST102489,2021-06-04,Home Loan,182758.65
CUST102489,2022-06-28,Personal Loan,67370.44
CUST102489,2022-08-25,Unsecured Others,169681.65
CUST102491,2021-11-23,Credit Card,175366.08
CUST102492,2021-05-23,Auto Loan,187099.9
CUST102492,2021-07-13,Personal Loan,187434.36
CUST102492,2021-05-19,Personal Loan,101209.43
CUST102492,2021-01-22,Home Loan,199518.22
CUST102492,2021-06-07,Unsecured Others,104330.1
CUST102492,2021-09-14,Personal Loan,126118.38
CUST102493,2022-12-24,Personal Loan,134908.02
CUST102493,2022-09-06,Auto Loan,64788.72
CUST102493,2021-07-19,Auto Loan,116099.69
CUST102493,2022-04-01,Personal Loan,75482.38
CUST102494,2021-01-13,Credit Card,70383.05
CUST102494,2022-01-29,Home Loan,143382.54
CUST102495,2021-08-28,Unsecured Others,139523.62
CUST102495,2022-04-03,Personal Loan,11909.51
CUST102496,2022-05-24,Credit Card,137083.17
CUST102496,2021-02-21,Unsecured Others,75521.43
CUST102497,2021-03-19,Personal Loan,189381.37
CUST102497,2021-08-19,Unsecured Others,66020.24
CUST102497,2021-01-25,Personal Loan,124965.74
CUST102497,2021-11-08,Unsecured Others,77600.66
CUST102497,2022-05-30,Home Loan,148876.49
CUST102497,2022-11-19,Home Loan,83541.94
CUST102498,2022-11-22,Auto Loan,11660.04
CUST102498,2022-03-29,Home Loan,168669.62
CUST102498,2022-01-03,Unsecured Others,168323.7
CUST102498,2021-06-25,Auto Loan,91918.95
CUST102499,2022-03-30,Credit Card,27566.49
CUST102499,2022-11-15,Unsecured Others,156593.88
CUST102501,2021-09-22,Personal Loan,39502.36
CUST102501,2022-02-28,Unsecured Others,73492.44
CUST102501,2022-05-18,Home Loan,184557.6
CUST102501,2021-02-10,Unsecured Others,96276.31
CUST102502,2021-12-19,Auto Loan,178089.18
CUST102502,2022-11-26,Unsecured Others,171345.02
CUST102502,2021-04-21,Unsecured Others,133896.61
CUST102503,2022-02-26,Auto Loan,96580.79
CUST102503,2022-02-22,Auto Loan,193679.14
CUST102503,2021-05-18,Auto Loan,145405.3
CUST102503,2022-01-29,Auto Loan,86044.86
CUST102503,2022-08-25,Auto Loan,193145.67
CUST102503,2021-02-13,Home Loan,6572.52
CUST102504,2022-03-31,Home Loan,106455.18
CUST102504,2021-09-29,Home Loan,63737.02
CUST102505,2021-03-25,Home Loan,45724.58
CUST102506,2022-11-28,Credit Card,69984.51
CUST102507,2022-01-11,Home Loan,14603.76
CUST102507,2022-08-22,Unsecured Others,138049.72
CUST102507,2021-07-27,Auto Loan,68398.13
CUST102507,2021-10-25,Home Loan,131394.59
CUST102507,2022-01-04,Personal Loan,77463.48
CUST102507,2021-12-27,Auto Loan,100486.46
CUST102507,2021-02-11,Home Loan,25444.99
CUST102508,2022-01-16,Personal Loan,74628.78
CUST102508,2021-08-29,Credit Card,113554.21
CUST102508,2021-07-21,Unsecured Others,182315.07
CUST102508,2022-07-26,Personal Loan,55052.7
CUST102508,2021-07-01,Home Loan,65506.17
CUST102508,2022-09-19,Personal Loan,142732.36
CUST102509,2021-06-11,Unsecured Others,75162.23
CUST102509,2022-07-17,Unsecured Others,87740.18
CUST102509,2021-12-09,Auto Loan,97002.62
CUST102509,2022-04-21,Auto Loan,29188.01
CUST102511,2021-04-16,Credit Card,13038.93
CUST102511,2021-05-30,Personal Loan,196490.79
CUST102511,2021-05-22,Unsecured Others,43789.36
CUST102511,2022-05-31,Unsecured Others,192061.3
CUST102513,2021-05-10,Credit Card,13538.67
CUST102513,2021-08-14,Home Loan,63135.73
CUST102513,2021-12-04,Unsecured Others,55473.04
CUST102513,2021-01-08,Home Loan,141101.57
CUST102513,2021-11-29,Credit Card,174095.69
CUST102513,2021-02-01,Auto Loan,83077.85
CUST102513,2021-02-06,Personal Loan,142328.46
CUST102514,2021-07-28,Auto Loan,100943.12
CUST102514,2022-09-06,Home Loan,63287.11
CUST102514,2022-08-31,Home Loan,36809.65
CUST102514,2021-07-18,Unsecured Others,56158.59
CUST102514,2022-03-29,Auto Loan,24889.3
CUST102515,2021-02-11,Credit Card,189994.66
CUST102515,2021-06-16,Credit Card,121373.04
CUST102515,2021-01-02,Personal Loan,122255.29
CUST102515,2021-03-19,Home Loan,23264.58
CUST102515,2022-05-04,Unsecured Others,97944.34
CUST102515,2022-03-12,Personal Loan,64137.27
CUST102515,2021-06-13,Credit Card,137636.47
CUST102516,2022-01-22,Credit Card,50506.85
CUST102517,2022-01-31,Auto Loan,173115.37
CUST102518,2021-11-27,Auto Loan,74123.6
CUST102518,2021-09-14,Auto Loan,165473.39
CUST102518,2021-02-01,Home Loan,37169.87
CUST102518,2022-09-19,Home Loan,156230.22
CUST102518,2021-04-13,Credit Card,40624.21
CUST102519,2021-08-19,Home Loan,21365.44
CUST102519,2022-11-10,Home Loan,99100.61
CUST102519,2022-11-23,Personal Loan,124741.9
CUST102519,2021-04-15,Credit Card,149670.43
CUST102519,2021-11-19,Personal Loan,197742.04
CUST102519,2021-11-05,Credit Card,67311.6
CUST102519,2021-10-24,Unsecured Others,35709.22
CUST102520,2022-03-24,Unsecured Others,39432.23
CUST102520,2022-11-03,Personal Loan,52292.08
CUST102520,2022-03-04,Auto Loan,58254.17
CUST102520,2022-10-08,Credit Card,159252.48
CUST102521,2021-05-07,Credit Card,93069.32
CUST102521,2021-03-27,Credit Card,87135.8
CUST102521,2021-09-27,Auto Loan,77613.34
CUST102521,2022-09-06,Unsecured Others,87908.4
CUST102521,2022-05-05,Credit Card,9999.76
CUST102522,2021-07-02,Home Loan,171093.68
CUST102522,2021-07-17,Credit Card,168433.19
CUST102522,2022-11-14,Personal Loan,72605.56
CUST102523,2021-04-19,Unsecured Others,61989.54
CUST102524,2021-09-20,Home Loan,5595.62
CUST102524,2022-03-18,Personal Loan,152579.12
CUST102524,2021-09-15,Credit Card,33555.8
CUST102524,2022-01-26,Auto Loan,143765.8
CUST102524,2021-11-29,Auto Loan,85100.11
CUST102524,2021-07-26,Credit Card,134553.52
CUST102525,2022-12-09,Home Loan,31944.63
CUST102525,2022-12-16,Home Loan,72721.32
CUST102525,2022-11-05,Home Loan,60306.39
CUST102525,2022-07-06,Auto Loan,169290.96
CUST102525,2021-11-16,Home Loan,195232.39
CUST102525,2021-06-10,Home Loan,100036.46
CUST102526,2022-08-31,Credit Card,127248.77
CUST102527,2022-07-24,Personal Loan,25038.15
CUST102528,2022-01-29,Unsecured Others,15582.74
CUST102528,2021-05-02,Credit Card,100729.89
CUST102528,2022-11-16,Credit Card,30413.25
CUST102528,2021-03-24,Home Loan,197708.78
CUST102528,2021-02-02,Personal Loan,124212.27
CUST102528,2022-07-27,Personal Loan,86509.74
CUST102529,2022-02-24,Personal Loan,84411.12
CUST102529,2021-03-25,Personal Loan,48093.17
CUST102529,2022-05-06,Home Loan,182334.67
CUST102530,2021-09-18,Home Loan,34701.53
CUST102530,2022-03-26,Unsecured Others,150228.38
CUST102530,2021-05-30,Credit Card,140240.86
CUST102530,2022-03-03,Home Loan,162356.32
CUST102530,2022-11-04,Auto Loan,70504.79
CUST102531,2021-07-13,Personal Loan,124440.75
CUST102531,2021-11-13,Auto Loan,71112.16
CUST102531,2022-11-19,Unsecured Others,115908.81
CUST102531,2021-06-01,Personal Loan,182303.44
CUST102531,2021-03-10,Home Loan,55359.59
CUST102531,2022-07-04,Home Loan,143051.96
CUST102531,2022-03-21,Personal Loan,23646.34
CUST102532,2022-09-26,Home Loan,125709.44
CUST102532,2021-11-17,Personal Loan,145800.37
CUST102532,2022-02-16,Unsecured Others,165613.72
CUST102533,2021-03-03,Credit Card,61489.32
CUST102533,2022-08-06,Home Loan,99335.85
CUST102534,2021-07-02,Unsecured Others,143404.52
CUST102534,2021-09-10,Auto Loan,24205.27
CUST102534,2022-04-22,Unsecured Others,76870.61
CUST102534,2022-04-26,Unsecured Others,60542.66
CUST102534,2021-05-06,Personal Loan,15229.43
CUST102536,2022-05-13,Personal Loan,38979.64
CUST102536,2021-02-20,Auto Loan,132220.16
CUST102536,2021-01-27,Auto Loan,33994.16
CUST102537,2022-08-03,Home Loan,161398.38
CUST102537,2021-01-11,Personal Loan,125115.63
CUST102537,2022-01-05,Home Loan,35562.98
CUST102537,2022-10-09,Credit Card,26909.92
CUST102537,2021-12-04,Home Loan,18833.18
CUST102537,2022-07-28,Credit Card,11992.99
CUST102537,2022-06-12,Personal Loan,141814.17
CUST102538,2022-12-24,Auto Loan,166346.63
CUST102538,2021-04-14,Personal Loan,129120.82
CUST102538,2021-07-21,Credit Card,170719.04
CUST102538,2022-02-10,Auto Loan,169514.84
CUST102538,2022-11-12,Home Loan,140304.1
CUST102538,2021-05-26,Home Loan,50885.36
CUST102538,2021-03-26,Home Loan,23672.36
CUST102539,2022-06-14,Auto Loan,157202.35
CUST102539,2021-09-03,Credit Card,68677.0
CUST102539,2022-09-07,Credit Card,141649.08
CUST102539,2021-02-07,Home Loan,69359.76
CUST102539,2021-02-07,Credit Card,149737.91
CUST102539,2022-02-05,Auto Loan,107668.98
CUST102539,2022-12-19,Credit Card,97930.43
CUST102540,2021-10-08,Unsecured Others,54001.63
CUST102540,2021-02-08,Personal Loan,173724.76
CUST102540,2022-09-17,Personal Loan,10536.18
CUST102540,2021-02-06,Personal Loan,103298.09
CUST102541,2021-08-20,Credit Card,129873.27
CUST102541,2021-06-01,Credit Card,87437.74
CUST102541,2021-01-06,Credit Card,80264.92
CUST102541,2021-07-14,Home Loan,121555.27
CUST102541,2022-01-09,Auto Loan,28911.81
CUST102541,2022-06-03,Auto Loan,89773.39
CUST102541,2021-05-23,Credit Card,156419.42
CUST102542,2021-03-12,Unsecured Others,158050.72
CUST102542,2022-12-13,Auto Loan,63836.62
CUST102542,2022-04-01,Unsecured Others,96938.63
CUST102542,2022-06-20,Credit Card,85757.01
CUST102543,2022-02-05,Auto Loan,40142.15
CUST102543,2021-06-21,Auto Loan,86144.79
CUST102543,2022-02-15,Home Loan,103176.43
CUST102543,2022-11-16,Credit Card,49284.69
CUST102543,2022-01-30,Auto Loan,152797.36
CUST102543,2022-05-05,Home Loan,92606.8
CUST102543,2021-11-25,Home Loan,53728.28
CUST102544,2021-12-21,Credit Card,48266.47
CUST102544,2022-01-04,Personal Loan,138339.81
CUST102544,2021-12-27,Unsecured Others,158513.04
CUST102544,2022-09-05,Auto Loan,112518.95
CUST102544,2021-10-07,Unsecured Others,25604.21
CUST102545,2022-11-13,Home Loan,10087.51
CUST102547,2022-04-25,Credit Card,188329.13
CUST102547,2021-03-30,Credit Card,58528.18
CUST102550,2022-03-05,Unsecured Others,152712.32
CUST102550,2021-09-02,Unsecured Others,181602.53
CUST102550,2021-05-07,Auto Loan,170302.45
CUST102550,2021-07-18,Unsecured Others,33973.67
CUST102551,2022-05-20,Personal Loan,28262.69
CUST102551,2021-07-22,Unsecured Others,100378.43
CUST102551,2021-09-19,Auto Loan,50643.18
CUST102551,2022-07-11,Personal Loan,76127.41
CUST102551,2021-07-01,Home Loan,108485.33
CUST102551,2022-04-05,Personal Loan,89295.52
CUST102552,2021-03-14,Credit Card,14461.67
CUST102553,2021-04-29,Credit Card,62771.79
CUST102553,2021-11-16,Auto Loan,71988.51
CUST102553,2022-01-01,Personal Loan,58607.33
CUST102553,2022-03-05,Unsecured Others,136886.77
CUST102553,2022-07-17,Auto Loan,185078.39
CUST102554,2022-03-01,Auto Loan,96835.02
CUST102557,2021-11-11,Personal Loan,150227.65
CUST102557,2021-03-13,Personal Loan,44898.51
CUST102557,2022-12-21,Personal Loan,63701.02
CUST102557,2022-06-26,Unsecured Others,160913.98
CUST102557,2021-08-27,Personal Loan,102466.04
CUST102558,2022-09-25,Unsecured Others,160591.09
CUST102558,2022-09-09,Unsecured Others,51866.86
CUST102558,2022-05-21,Auto Loan,138472.35
CUST102558,2022-09-12,Home Loan,33827.15
CUST102558,2022-01-27,Unsecured Others,24198.24
CUST102558,2021-06-26,Auto Loan,159789.34
CUST102558,2022-02-19,Unsecured Others,95704.48
CUST102559,2021-12-07,Auto Loan,40465.02
CUST102559,2021-01-21,Credit Card,107139.02
CUST102559,2021-09-01,Personal Loan,91091.45
CUST102559,2022-03-14,Credit Card,181187.05
CUST102559,2022-05-15,Credit Card,10600.16
CUST102559,2021-08-28,Home Loan,94782.91
CUST102559,2022-08-15,Unsecured Others,171138.77
CUST102561,2022-01-12,Unsecured Others,26772.07
CUST102561,2021-07-24,Credit Card,95026.19
CUST102561,2022-02-04,Home Loan,170574.48
CUST102561,2022-08-29,Auto Loan,77337.15
CUST102561,2021-08-07,Unsecured Others,163823.29
CUST102562,2021-05-19,Unsecured Others,131484.67
CUST102562,2021-11-15,Auto Loan,87982.79
CUST102562,2021-03-24,Auto Loan,26210.79
CUST102562,2022-05-11,Unsecured Others,21615.35
CUST102562,2022-07-30,Credit Card,37849.26
CUST102562,2021-02-10,Personal Loan,158429.98
CUST102563,2021-01-14,Credit Card,146312.6
CUST102565,2021-06-27,Auto Loan,57302.31
CUST102565,2022-02-08,Home Loan,50257.97
CUST102565,2022-01-18,Personal Loan,192888.05
CUST102566,2022-05-28,Unsecured Others,102853.55
CUST102566,2021-08-02,Home Loan,76585.52
CUST102566,2021-08-16,Personal Loan,45326.0
CUST102566,2022-08-25,Credit Card,122034.81
CUST102567,2022-08-06,Auto Loan,39010.17
CUST102567,2022-08-25,Credit Card,53950.6
CUST102567,2022-08-21,Personal Loan,13853.29
CUST102567,2021-05-17,Personal Loan,173158.03
CUST102567,2022-11-09,Home Loan,53471.73
CUST102569,2021-12-05,Home Loan,138438.16
CUST102569,2022-12-26,Unsecured Others,72620.0
CUST102570,2022-08-01,Auto Loan,195838.84
CUST102570,2021-11-13,Personal Loan,17815.33
CUST102570,2021-10-31,Personal Loan,9344.7
CUST102570,2022-10-18,Personal Loan,87662.56
CUST102570,2022-06-04,Auto Loan,63843.63
CUST102570,2022-12-12,Personal Loan,66171.88
CUST102571,2021-09-07,Personal Loan,123995.55
CUST102571,2022-05-19,Home Loan,84274.63
CUST102571,2022-02-09,Home Loan,192290.98
CUST102571,2022-10-31,Home Loan,10840.88
CUST102571,2021-09-30,Credit Card,182039.56
CUST102571,2021-10-19,Home Loan,44426.76
CUST102572,2021-11-26,Credit Card,5211.32
CUST102572,2022-09-15,Home Loan,14653.27
CUST102572,2022-12-01,Personal Loan,127178.03
CUST102573,2022-03-05,Home Loan,161711.4
CUST102573,2021-09-11,Personal Loan,19698.03
CUST102573,2022-06-10,Home Loan,133164.39
CUST102574,2021-07-15,Home Loan,115231.21
CUST102574,2022-04-01,Personal Loan,55687.58
CUST102574,2021-07-28,Auto Loan,110801.95
CUST102574,2022-05-25,Auto Loan,181435.52
CUST102574,2022-09-21,Auto Loan,163010.92
CUST102576,2022-03-30,Home Loan,175985.68
CUST102576,2021-07-10,Auto Loan,150634.18
CUST102576,2022-06-20,Home Loan,197212.46
CUST102576,2021-04-29,Unsecured Others,87948.4
CUST102577,2021-05-07,Unsecured Others,6582.89
CUST102577,2021-05-12,Home Loan,13433.71
CUST102577,2021-08-06,Home Loan,165961.94
CUST102577,2021-08-29,Personal Loan,29680.84
CUST102577,2022-04-02,Unsecured Others,91959.75
CUST102577,2021-05-13,Unsecured Others,123863.92
CUST102577,2022-06-25,Personal Loan,196503.38
CUST102579,2022-05-19,Unsecured Others,72546.84
CUST102579,2022-02-07,Home Loan,180021.01
CUST102579,2022-02-18,Home Loan,192132.74
CUST102579,2022-11-09,Personal Loan,46484.97
CUST102579,2022-06-08,Personal Loan,43784.55
CUST102579,2021-02-27,Home Loan,52645.52
CUST102580,2022-09-19,Home Loan,144291.08
CUST102580,2022-07-21,Auto Loan,140026.34
CUST102580,2022-07-31,Auto Loan,100926.02
CUST102581,2021-09-08,Unsecured Others,162040.64
CUST102582,2021-02-11,Home Loan,105990.0
CUST102582,2021-07-19,Personal Loan,118878.1
CUST102582,2021-05-29,Auto Loan,44406.73
CUST102583,2022-04-01,Auto Loan,76616.04
CUST102584,2022-03-12,Unsecured Others,165789.07
CUST102584,2022-01-18,Auto Loan,182385.1
CUST102584,2022-12-29,Credit Card,154614.13
CUST102584,2021-01-17,Credit Card,85917.76
CUST102584,2021-02-05,Auto Loan,87538.23
CUST102584,2021-12-10,Unsecured Others,21178.2
CUST102585,2021-11-08,Auto Loan,22710.2
CUST102585,2021-12-16,Home Loan,195963.47
CUST102585,2022-07-30,Home Loan,97851.7
CUST102585,2022-11-17,Auto Loan,112765.56
CUST102585,2022-05-06,Home Loan,128004.36
CUST102586,2022-04-19,Personal Loan,99761.79
CUST102587,2022-01-16,Auto Loan,19718.9
CUST102587,2021-01-02,Home Loan,84666.15
CUST102587,2022-12-11,Credit Card,79424.46
CUST102587,2022-06-30,Credit Card,106717.11
CUST102587,2021-04-27,Unsecured Others,182943.97
CUST102588,2022-01-07,Auto Loan,160090.91
CUST102588,2021-04-23,Personal Loan,13344.52
CUST102588,2022-02-27,Unsecured Others,81390.42
CUST102588,2021-05-16,Unsecured Others,193951.85
CUST102588,2021-08-05,Credit Card,20013.83
CUST102588,2022-12-15,Home Loan,123816.03
CUST102589,2022-12-18,Home Loan,185373.05
CUST102589,2022-02-15,Credit Card,92827.17
CUST102589,2021-09-03,Auto Loan,90062.72
CUST102589,2021-04-20,Personal Loan,132014.92
CUST102589,2022-05-15,Home Loan,43566.17
CUST102589,2022-06-15,Home Loan,40754.82
CUST102589,2021-10-16,Credit Card,198651.39
CUST102591,2021-09-30,Personal Loan,114797.7
CUST102591,2021-08-15,Personal Loan,65343.53
CUST102591,2022-05-06,Personal Loan,173041.59
CUST102591,2021-09-13,Auto Loan,122968.63
CUST102591,2022-11-21,Auto Loan,44906.23
CUST102591,2022-01-04,Unsecured Others,155231.58
CUST102592,2021-04-29,Unsecured Others,172038.32
CUST102592,2021-02-27,Auto Loan,195674.58
CUST102592,2022-11-27,Personal Loan,113873.96
CUST102592,2022-08-05,Personal Loan,9492.09
CUST102592,2022-07-22,Home Loan,8455.87
CUST102593,2021-10-03,Credit Card,96963.26
CUST102596,2021-05-08,Auto Loan,8825.89
CUST102596,2021-11-29,Home Loan,94377.39
CUST102596,2022-10-23,Unsecured Others,32318.43
CUST102596,2022-01-16,Home Loan,143731.26
CUST102596,2022-06-07,Personal Loan,148226.28
CUST102597,2021-02-02,Unsecured Others,116731.13
CUST102597,2022-08-02,Home Loan,25385.29
CUST102598,2021-04-23,Auto Loan,19262.34
CUST102598,2021-02-18,Personal Loan,86101.52
CUST102598,2022-08-24,Credit Card,121756.16
CUST102598,2021-09-12,Credit Card,191173.07
CUST102599,2021-06-13,Home Loan,48584.82
CUST102599,2021-11-07,Personal Loan,63815.02
CUST102599,2021-04-20,Personal Loan,184908.79
CUST102599,2021-10-08,Home Loan,143199.91
CUST102599,2022-07-10,Personal Loan,8714.99
CUST102599,2021-07-15,Home Loan,6287.95
CUST102599,2021-12-22,Personal Loan,18698.49
CUST102600,2021-03-22,Auto Loan,74548.27
CUST102600,2022-12-17,Home Loan,54661.02
CUST102600,2022-07-16,Credit Card,196885.55
CUST102600,2022-01-27,Personal Loan,25279.07
CUST102600,2022-12-08,Auto Loan,26890.38
CUST102600,2021-11-26,Unsecured Others,155925.6
CUST102601,2022-04-17,Unsecured Others,121069.38
CUST102601,2022-11-03,Auto Loan,31470.03
CUST102601,2021-06-13,Auto Loan,148237.5
CUST102601,2021-10-25,Home Loan,93674.7
CUST102602,2021-12-09,Home Loan,58223.58
CUST102602,2022-07-07,Home Loan,38863.52
CUST102602,2021-11-11,Home Loan,133875.94
CUST102602,2022-02-07,Unsecured Others,68879.62
CUST102602,2021-03-14,Auto Loan,191795.12
CUST102602,2021-04-10,Credit Card,123143.14
CUST102603,2022-02-15,Unsecured Others,173093.03
CUST102603,2022-06-17,Home Loan,109970.38
CUST102603,2021-06-03,Auto Loan,196060.15
CUST102603,2021-12-27,Auto Loan,195595.77
CUST102603,2022-05-20,Unsecured Others,77706.56
CUST102603,2022-05-27,Personal Loan,18514.57
CUST102603,2021-11-02,Home Loan,171244.31
CUST102604,2022-04-01,Home Loan,157751.16
CUST102604,2022-06-24,Home Loan,161556.08
CUST102604,2021-01-05,Home Loan,31460.99
CUST102604,2022-05-21,Personal Loan,53538.23
CUST102604,2022-05-22,Unsecured Others,7361.02
CUST102604,2021-01-25,Unsecured Others,128952.05
CUST102605,2022-11-17,Credit Card,60972.21
CUST102605,2022-02-16,Credit Card,114675.21
CUST102605,2021-06-04,Personal Loan,75209.69
CUST102605,2022-05-30,Home Loan,150713.97
CUST102605,2022-05-13,Credit Card,70666.24
CUST102606,2021-03-04,Personal Loan,103435.27
CUST102606,2021-02-13,Auto Loan,108334.82
CUST102606,2022-07-04,Personal Loan,46485.36
CUST102606,2022-01-08,Home Loan,186126.73
CUST102606,2021-07-25,Unsecured Others,103820.81
CUST102607,2021-03-09,Home Loan,196027.42
CUST102607,2021-11-10,Home Loan,59667.05
CUST102607,2021-05-21,Unsecured Others,197887.74
CUST102607,2022-09-07,Personal Loan,46323.63
CUST102607,2021-08-04,Home Loan,23671.04
CUST102608,2021-01-11,Credit Card,9397.23
CUST102608,2021-08-07,Credit Card,101759.61
CUST102608,2022-05-25,Unsecured Others,187143.39
CUST102609,2021-05-24,Personal Loan,102489.09
CUST102610,2022-02-14,Credit Card,183717.77
CUST102610,2021-07-11,Unsecured Others,43624.54
CUST102610,2021-09-19,Unsecured Others,127888.19
CUST102611,2022-10-12,Auto Loan,45612.45
CUST102611,2022-11-07,Home Loan,74294.08
CUST102611,2021-04-21,Personal Loan,181500.54
CUST102611,2022-02-12,Auto Loan,27421.72
CUST102611,2021-04-02,Unsecured Others,194794.75
CUST102611,2021-01-20,Auto Loan,22232.61
CUST102611,2021-05-31,Personal Loan,105600.32
CUST102612,2022-06-07,Auto Loan,160220.94
CUST102612,2021-08-23,Personal Loan,18829.1
CUST102612,2023-01-01,Personal Loan,48334.63
CUST102613,2022-04-13,Credit Card,151180.68
CUST102613,2022-04-29,Unsecured Others,125110.1
CUST102613,2022-10-22,Auto Loan,7488.42
CUST102614,2022-06-20,Unsecured Others,59672.4
CUST102614,2022-06-05,Unsecured Others,50719.92
CUST102614,2021-09-10,Unsecured Others,190217.97
CUST102614,2022-03-10,Credit Card,192330.13
CUST102614,2022-04-12,Credit Card,116929.2
CUST102614,2022-03-25,Credit Card,92025.82
CUST102615,2021-01-18,Home Loan,98307.76
CUST102615,2022-10-01,Auto Loan,89423.78
CUST102615,2022-11-04,Personal Loan,34043.72
CUST102615,2022-08-15,Home Loan,150889.66
CUST102615,2021-09-10,Home Loan,19406.61
CUST102616,2022-08-28,Credit Card,78628.04
CUST102616,2022-09-04,Unsecured Others,10563.19
CUST102617,2022-11-29,Credit Card,153973.2
CUST102617,2021-09-26,Home Loan,86094.64
CUST102617,2021-11-10,Personal Loan,129472.41
CUST102617,2022-01-19,Auto Loan,93889.63
CUST102617,2022-01-25,Home Loan,103332.33
CUST102617,2021-03-04,Home Loan,172161.92
CUST102617,2022-07-03,Credit Card,82911.81
CUST102618,2021-03-31,Auto Loan,147680.87
CUST102618,2022-10-29,Auto Loan,98831.2
CUST102618,2021-10-30,Credit Card,156722.0
CUST102618,2022-09-05,Personal Loan,54821.81
CUST102618,2022-05-29,Home Loan,161502.41
CUST102618,2021-04-22,Home Loan,26559.96
CUST102619,2022-06-25,Personal Loan,185649.21
CUST102619,2022-09-07,Credit Card,14010.25
CUST102619,2021-03-31,Home Loan,174151.21
CUST102619,2022-01-28,Unsecured Others,66026.7
CUST102619,2021-08-30,Credit Card,77872.54
CUST102620,2022-11-22,Home Loan,62446.45
CUST102620,2021-11-27,Auto Loan,120987.27
CUST102620,2021-08-31,Auto Loan,103228.08
CUST102621,2021-04-27,Home Loan,180527.71
CUST102621,2022-06-26,Home Loan,98470.21
CUST102621,2021-09-24,Personal Loan,45411.36
CUST102622,2022-04-08,Personal Loan,188416.52
CUST102622,2021-02-06,Home Loan,90420.22
CUST102624,2021-06-03,Personal Loan,153511.7
CUST102626,2021-10-23,Home Loan,9244.42
CUST102626,2022-02-14,Home Loan,150006.78
CUST102626,2022-08-22,Auto Loan,134552.99
CUST102626,2021-10-23,Auto Loan,146213.1
CUST102626,2022-12-21,Auto Loan,92459.27
CUST102626,2021-08-12,Unsecured Others,195827.6
CUST102627,2022-10-28,Personal Loan,79115.56
CUST102627,2021-02-12,Personal Loan,70568.82
CUST102627,2022-03-12,Credit Card,97964.67
CUST102627,2021-07-20,Credit Card,136596.11
CUST102627,2021-10-05,Auto Loan,36367.93
CUST102629,2021-10-12,Credit Card,16686.65
CUST102629,2022-05-04,Auto Loan,11628.89
CUST102629,2022-03-13,Credit Card,164388.05
CUST102629,2022-12-27,Unsecured Others,101237.76
CUST102629,2021-11-15,Auto Loan,75445.98
CUST102630,2021-04-21,Personal Loan,152306.67
CUST102630,2021-12-31,Home Loan,152852.29
CUST102630,2022-05-29,Unsecured Others,58733.2
CUST102630,2021-01-15,Auto Loan,191807.51
CUST102630,2022-11-18,Home Loan,147660.6
CUST102630,2022-08-05,Home Loan,114106.03
CUST102631,2021-06-23,Home Loan,57709.42
CUST102631,2021-02-15,Auto Loan,9504.68
CUST102632,2022-06-17,Home Loan,141989.09
CUST102633,2021-01-02,Unsecured Others,151480.78
CUST102633,2021-06-02,Personal Loan,137092.16
CUST102633,2022-03-08,Home Loan,61264.41
CUST102634,2022-10-01,Auto Loan,175885.64
CUST102634,2021-03-04,Personal Loan,63073.87
CUST102634,2021-01-30,Home Loan,167486.97
CUST102634,2022-02-24,Personal Loan,80043.56
CUST102634,2021-02-25,Credit Card,14150.53
CUST102634,2022-02-24,Unsecured Others,33255.95
CUST102635,2022-04-29,Auto Loan,99563.65
CUST102635,2021-04-04,Personal Loan,165177.99
CUST102635,2022-03-04,Personal Loan,113526.16
CUST102635,2022-08-16,Unsecured Others,151457.48
CUST102635,2021-01-07,Home Loan,163620.74
CUST102635,2021-02-05,Personal Loan,49893.49
CUST102636,2021-05-20,Personal Loan,9546.84
CUST102636,2021-01-23,Unsecured Others,60170.08
CUST102636,2021-07-27,Unsecured Others,77292.62
CUST102636,2022-11-02,Home Loan,34418.1
CUST102636,2022-12-26,Personal Loan,109198.77
CUST102636,2022-05-15,Auto Loan,171261.5
CUST102637,2021-09-04,Home Loan,59108.25
CUST102637,2022-06-14,Credit Card,49997.45
CUST102637,2022-12-06,Personal Loan,114104.83
CUST102638,2021-07-12,Credit Card,191381.76
CUST102638,2022-12-19,Personal Loan,111955.58
CUST102638,2021-06-09,Auto Loan,161889.9
CUST102638,2022-09-10,Personal Loan,128812.75
CUST102638,2021-08-18,Unsecured Others,140751.88
CUST102640,2022-08-09,Home Loan,142712.24
CUST102640,2022-09-06,Personal Loan,171628.98
CUST102640,2021-11-30,Unsecured Others,69090.57
CUST102640,2022-10-09,Credit Card,168618.43
CUST102640,2021-04-12,Unsecured Others,143832.54
CUST102640,2021-09-02,Home Loan,120100.72
CUST102640,2022-02-11,Auto Loan,85004.47
CUST102642,2022-07-14,Home Loan,98281.46
CUST102642,2022-04-09,Auto Loan,123960.17
CUST102643,2021-11-14,Credit Card,174701.19
CUST102643,2021-01-19,Personal Loan,118450.4
CUST102643,2022-12-10,Credit Card,90698.55
CUST102643,2022-08-05,Personal Loan,9094.35
CUST102643,2021-03-11,Personal Loan,21537.73
CUST102643,2021-10-22,Auto Loan,118343.43
CUST102643,2021-12-18,Auto Loan,155660.46
CUST102645,2022-10-03,Personal Loan,106389.64
CUST102645,2021-12-01,Unsecured Others,192007.36
CUST102645,2021-04-18,Home Loan,92285.31
CUST102645,2022-09-29,Home Loan,110599.05
CUST102646,2021-10-07,Unsecured Others,71498.91
CUST102646,2022-10-13,Auto Loan,108898.94
CUST102646,2022-04-21,Unsecured Others,44890.09
CUST102646,2022-07-15,Credit Card,36690.66
CUST102646,2021-07-19,Home Loan,16592.07
CUST102646,2021-06-26,Personal Loan,37957.45
CUST102647,2021-03-12,Auto Loan,158060.73
CUST102647,2022-02-16,Home Loan,139652.03
CUST102647,2022-02-05,Auto Loan,198662.48
CUST102647,2022-07-15,Unsecured Others,13119.13
CUST102647,2022-05-30,Unsecured Others,10113.04
CUST102647,2022-07-14,Auto Loan,62668.87
CUST102648,2021-10-17,Personal Loan,181252.61
CUST102648,2021-12-16,Auto Loan,21846.72
CUST102648,2021-05-16,Credit Card,95019.11
CUST102648,2022-10-13,Personal Loan,84106.66
CUST102648,2022-03-29,Unsecured Others,75511.46
CUST102648,2022-04-20,Unsecured Others,99349.15
CUST102648,2022-03-30,Personal Loan,59793.78
CUST102649,2022-02-08,Unsecured Others,106852.91
CUST102649,2022-03-29,Auto Loan,45811.56
CUST102649,2022-01-13,Unsecured Others,182676.17
CUST102649,2021-06-23,Auto Loan,185571.09
CUST102649,2021-03-16,Home Loan,20919.88
CUST102649,2022-04-02,Credit Card,84303.31
CUST102649,2021-12-25,Unsecured Others,195275.31
CUST102650,2021-11-02,Unsecured Others,21707.33
CUST102650,2022-04-18,Unsecured Others,45756.81
CUST102651,2022-09-11,Unsecured Others,32314.34
CUST102651,2021-03-08,Home Loan,56487.2
CUST102651,2022-07-31,Credit Card,24953.23
CUST102651,2022-08-04,Home Loan,29690.06
CUST102651,2021-09-19,Unsecured Others,71896.35
CUST102652,2021-03-05,Home Loan,170236.5
CUST102652,2022-10-17,Unsecured Others,72703.47
CUST102652,2022-02-12,Personal Loan,110024.91
CUST102652,2022-03-02,Credit Card,120823.85
CUST102652,2022-05-08,Home Loan,42243.9
CUST102653,2021-12-03,Home Loan,79752.38
CUST102654,2022-03-14,Home Loan,123911.75
CUST102655,2021-06-02,Credit Card,62910.77
CUST102655,2021-10-29,Personal Loan,94575.4
CUST102655,2022-07-06,Unsecured Others,77447.71
CUST102655,2021-04-13,Unsecured Others,103687.32
CUST102656,2021-08-02,Home Loan,85176.09
CUST102656,2022-08-14,Auto Loan,78109.72
CUST102656,2022-05-09,Home Loan,97539.0
CUST102657,2021-02-06,Personal Loan,176254.46
CUST102657,2021-12-10,Personal Loan,72069.27
CUST102657,2021-04-29,Personal Loan,55858.63
CUST102657,2022-03-19,Credit Card,127115.77
CUST102657,2022-08-19,Credit Card,47717.57
CUST102658,2021-01-03,Auto Loan,183694.32
CUST102658,2021-01-16,Credit Card,121936.24
CUST102658,2022-12-09,Personal Loan,57660.77
CUST102658,2021-12-30,Unsecured Others,125168.76
CUST102659,2022-07-06,Unsecured Others,147909.35
CUST102659,2022-09-22,Credit Card,48429.83
CUST102659,2021-01-10,Home Loan,88404.43
CUST102659,2021-06-12,Personal Loan,128914.23
CUST102660,2021-01-05,Unsecured Others,185784.1
CUST102660,2021-12-12,Personal Loan,9958.24
CUST102660,2021-09-19,Unsecured Others,82513.34
CUST102660,2021-11-14,Credit Card,161003.1
CUST102660,2021-12-13,Credit Card,106865.61
CUST102660,2021-12-05,Unsecured Others,193245.69
CUST102660,2021-07-29,Credit Card,98786.84
CUST102661,2021-04-07,Auto Loan,40214.6
CUST102661,2022-01-08,Auto Loan,148158.97
CUST102661,2021-01-28,Home Loan,116130.25
CUST102661,2022-02-21,Credit Card,13544.81
CUST102661,2022-03-16,Credit Card,105338.78
CUST102661,2021-02-06,Unsecured Others,106629.94
CUST102662,2021-02-20,Credit Card,148934.66
CUST102663,2022-12-17,Personal Loan,46122.34
CUST102663,2021-02-28,Personal Loan,56181.44
CUST102663,2022-09-06,Unsecured Others,197428.68
CUST102664,2022-09-17,Personal Loan,156095.6
CUST102664,2022-11-07,Home Loan,107650.49
CUST102664,2022-04-22,Auto Loan,181928.77
CUST102664,2022-11-20,Credit Card,78374.03
CUST102664,2021-10-01,Auto Loan,66430.87
CUST102664,2021-04-12,Unsecured Others,127822.26
CUST102664,2022-03-29,Home Loan,170320.6
CUST102665,2021-07-14,Unsecured Others,154347.56
CUST102665,2022-06-27,Unsecured Others,104204.6
CUST102665,2022-08-31,Auto Loan,58012.46
CUST102666,2021-06-17,Credit Card,91994.09
CUST102666,2021-09-16,Auto Loan,129946.57
CUST102666,2022-08-18,Home Loan,153147.99
CUST102666,2021-09-27,Credit Card,127140.72
CUST102668,2022-06-12,Unsecured Others,57728.11
CUST102668,2022-04-16,Home Loan,20530.66
CUST102668,2021-09-13,Home Loan,90679.63
CUST102669,2021-03-20,Home Loan,62690.22
CUST102669,2021-06-18,Home Loan,167463.51
CUST102669,2021-05-12,Credit Card,38324.0
CUST102669,2022-05-11,Credit Card,87438.46
CUST102669,2022-10-07,Auto Loan,104771.86
CUST102669,2021-05-19,Home Loan,81540.02
CUST102669,2022-09-06,Auto Loan,61761.06
CUST102670,2021-09-04,Credit Card,98474.95
CUST102670,2022-09-04,Personal Loan,116523.44
CUST102670,2021-01-30,Personal Loan,85060.57
CUST102670,2021-05-24,Credit Card,38889.16
CUST102670,2021-11-17,Personal Loan,20133.3
CUST102670,2022-05-06,Home Loan,182690.74
CUST102671,2021-09-29,Personal Loan,23655.36
CUST102671,2022-02-03,Personal Loan,34965.3
CUST102671,2022-05-18,Personal Loan,181409.56
CUST102671,2022-02-10,Home Loan,73921.65
CUST102671,2022-06-08,Home Loan,105905.41
CUST102671,2022-06-04,Unsecured Others,41982.9
CUST102672,2021-12-18,Auto Loan,141628.57
CUST102672,2021-03-06,Unsecured Others,178958.85
CUST102672,2022-10-01,Home Loan,56428.59
CUST102673,2022-01-12,Home Loan,127405.98
CUST102673,2022-07-16,Credit Card,112666.99
CUST102673,2021-09-07,Home Loan,8187.72
CUST102673,2021-05-12,Home Loan,100049.59
CUST102674,2022-07-04,Unsecured Others,9037.13
CUST102674,2021-04-20,Credit Card,13944.71
CUST102675,2021-03-22,Credit Card,94744.9
CUST102675,2021-10-10,Credit Card,73373.05
CUST102675,2021-11-15,Personal Loan,34336.13
CUST102675,2021-10-09,Unsecured Others,104937.41
CUST102675,2022-01-02,Unsecured Others,76189.36
CUST102675,2022-06-21,Auto Loan,189535.4
CUST102675,2022-07-02,Auto Loan,174911.06
CUST102676,2021-10-05,Unsecured Others,198554.31
CUST102676,2021-03-20,Personal Loan,148436.73
CUST102676,2021-03-01,Credit Card,136582.07
CUST102676,2022-08-30,Credit Card,63598.9
CUST102677,2022-02-23,Credit Card,62904.66
CUST102677,2022-12-26,Personal Loan,50900.16
CUST102678,2022-11-11,Credit Card,90958.45
CUST102678,2022-10-20,Unsecured Others,132595.99
CUST102678,2021-08-29,Auto Loan,27966.18
CUST102678,2022-05-13,Home Loan,183276.61
CUST102678,2022-03-18,Unsecured Others,57629.03
CUST102679,2021-12-05,Auto Loan,33091.35
CUST102679,2021-12-08,Credit Card,100033.63
CUST102679,2021-03-26,Home Loan,54215.63
CUST102680,2022-02-24,Credit Card,44477.99
CUST102680,2021-07-13,Auto Loan,181288.57
CUST102680,2022-07-12,Personal Loan,170744.62
CUST102681,2022-07-10,Home Loan,187675.41
CUST102681,2021-11-25,Auto Loan,74401.08
CUST102681,2021-08-02,Home Loan,31501.11
CUST102681,2022-12-01,Home Loan,46978.66
CUST102681,2021-01-29,Credit Card,101814.61
CUST102684,2021-09-16,Credit Card,190492.68
CUST102684,2021-01-24,Personal Loan,163871.74
CUST102684,2021-03-15,Auto Loan,11062.56
CUST102684,2021-12-12,Auto Loan,165271.35
CUST102685,2021-01-10,Home Loan,142445.54
CUST102685,2022-09-07,Unsecured Others,34892.08
CUST102685,2022-01-15,Auto Loan,79256.0
CUST102685,2021-10-10,Auto Loan,144508.52
CUST102685,2022-05-23,Credit Card,45575.37
CUST102685,2021-10-23,Auto Loan,22222.35
CUST102685,2021-05-01,Home Loan,121539.74
CUST102686,2021-08-24,Auto Loan,157865.7
CUST102687,2022-05-11,Home Loan,90662.34
CUST102687,2021-04-05,Personal Loan,98479.17
CUST102687,2022-10-15,Personal Loan,70618.98
CUST102687,2022-10-15,Home Loan,104291.09
CUST102687,2021-06-15,Home Loan,21982.68
CUST102688,2022-03-08,Unsecured Others,151304.06
CUST102688,2021-01-12,Unsecured Others,71338.57
CUST102688,2021-06-18,Unsecured Others,80156.49
CUST102689,2021-07-05,Unsecured Others,123217.54
CUST102689,2022-12-12,Home Loan,9923.63
CUST102689,2021-12-12,Credit Card,113585.04
CUST102689,2022-10-03,Auto Loan,184531.86
CUST102689,2021-01-04,Unsecured Others,197142.88
CUST102690,2021-08-26,Unsecured Others,54775.45
CUST102691,2022-10-14,Auto Loan,10728.38
CUST102691,2022-12-24,Home Loan,115575.45
CUST102691,2022-05-19,Unsecured Others,87598.98
CUST102691,2022-02-24,Auto Loan,179798.63
CUST102691,2021-12-05,Personal Loan,157895.16
CUST102691,2021-10-03,Credit Card,119596.89
CUST102691,2022-05-19,Unsecured Others,73622.89
CUST102692,2022-03-15,Credit Card,23334.6
CUST102692,2022-10-21,Unsecured Others,119631.03
CUST102692,2021-07-17,Unsecured Others,11768.65
CUST102692,2022-10-17,Home Loan,147569.82
CUST102692,2021-12-30,Credit Card,74575.32
CUST102692,2022-04-17,Home Loan,133006.52
CUST102693,2022-02-11,Unsecured Others,61650.16
CUST102693,2022-11-25,Personal Loan,83893.14
CUST102693,2022-07-16,Auto Loan,110865.97
CUST102693,2021-01-07,Home Loan,38252.94
CUST102693,2021-05-23,Credit Card,125257.08
CUST102694,2021-10-14,Auto Loan,132600.89
CUST102695,2021-08-26,Personal Loan,144512.78
CUST102695,2022-06-18,Unsecured Others,55929.76
CUST102696,2021-03-08,Unsecured Others,120150.4
CUST102696,2021-08-25,Credit Card,131627.41
CUST102696,2022-04-06,Personal Loan,164181.55
CUST102696,2022-02-08,Personal Loan,158124.64
CUST102696,2022-01-25,Auto Loan,98591.58
CUST102697,2022-09-11,Auto Loan,173658.44
CUST102697,2022-02-19,Home Loan,49625.51
CUST102697,2021-07-17,Auto Loan,93186.39
CUST102697,2021-03-19,Personal Loan,85196.69
CUST102697,2021-06-19,Credit Card,83142.23
CUST102698,2021-12-26,Home Loan,166168.58
CUST102698,2021-09-02,Unsecured Others,43124.57
CUST102700,2021-03-04,Home Loan,41858.04
CUST102700,2022-04-28,Personal Loan,7110.0
CUST102700,2021-03-12,Auto Loan,59124.67
CUST102700,2021-12-28,Personal Loan,193750.08
CUST102700,2022-09-19,Personal Loan,104077.68
CUST102700,2022-07-21,Auto Loan,114704.69
CUST102701,2022-02-02,Credit Card,18688.78
CUST102701,2021-11-19,Home Loan,105468.81
CUST102701,2021-09-08,Credit Card,13100.0
CUST102701,2022-03-17,Personal Loan,48760.74
CUST102702,2021-04-22,Unsecured Others,96813.2
CUST102703,2022-10-12,Home Loan,26242.67
CUST102703,2021-01-08,Unsecured Others,72364.1
CUST102703,2022-01-04,Personal Loan,190634.41
CUST102703,2022-06-15,Credit Card,126966.21
CUST102704,2022-02-26,Personal Loan,99408.96
CUST102704,2022-07-20,Home Loan,71249.88
CUST102704,2021-10-15,Personal Loan,183927.52
CUST102705,2022-07-05,Home Loan,71962.21
CUST102705,2021-12-22,Credit Card,67289.72
CUST102705,2022-11-23,Home Loan,104251.02
CUST102706,2021-12-16,Credit Card,61591.23
CUST102706,2022-08-30,Credit Card,158513.68
CUST102706,2021-01-25,Credit Card,19171.75
CUST102708,2022-04-09,Personal Loan,28361.04
CUST102708,2021-02-19,Home Loan,67480.0
CUST102709,2021-09-07,Credit Card,33953.2
CUST102709,2022-09-10,Unsecured Others,33418.92
CUST102709,2022-01-16,Credit Card,84492.05
CUST102709,2021-02-10,Credit Card,59594.9
CUST102710,2022-05-03,Home Loan,113728.36
CUST102711,2021-05-03,Credit Card,37198.25
CUST102711,2021-01-23,Unsecured Others,139816.99
CUST102711,2022-06-13,Credit Card,174494.16
CUST102711,2021-06-20,Auto Loan,39866.24
CUST102711,2021-06-30,Home Loan,59046.75
CUST102711,2022-08-12,Home Loan,133018.4
CUST102712,2022-05-21,Unsecured Others,172269.52
CUST102712,2022-01-05,Home Loan,21558.97
CUST102712,2021-08-26,Unsecured Others,61149.88
CUST102712,2021-04-17,Home Loan,114797.58
CUST102712,2022-06-20,Home Loan,19495.41
CUST102713,2022-12-11,Personal Loan,67201.18
CUST102713,2022-04-09,Personal Loan,118953.93
CUST102713,2021-12-03,Home Loan,13499.74
CUST102713,2022-08-19,Personal Loan,49703.27
CUST102713,2021-06-14,Personal Loan,92667.36
CUST102713,2022-08-23,Personal Loan,22246.96
CUST102714,2021-06-26,Unsecured Others,182278.69
CUST102714,2021-05-07,Credit Card,14489.71
CUST102714,2021-08-18,Auto Loan,104302.55
CUST102715,2022-05-25,Home Loan,119969.59
CUST102715,2022-12-27,Credit Card,197696.52
CUST102715,2022-05-31,Credit Card,44829.96
CUST102716,2021-09-26,Credit Card,21125.56
CUST102716,2022-09-27,Home Loan,12539.11
CUST102716,2021-08-31,Home Loan,135509.85
CUST102716,2021-02-10,Auto Loan,20432.97
CUST102717,2022-01-23,Auto Loan,128604.84
CUST102717,2022-12-26,Auto Loan,74094.5
CUST102717,2021-11-07,Unsecured Others,147760.69
CUST102717,2022-03-07,Unsecured Others,153541.31
CUST102719,2022-10-13,Personal Loan,67617.11
CUST102719,2022-11-22,Auto Loan,139531.22
CUST102719,2021-08-01,Home Loan,122144.15
CUST102719,2022-04-28,Unsecured Others,11206.94
CUST102719,2021-03-18,Personal Loan,78187.66
CUST102720,2021-03-12,Home Loan,146801.7
CUST102720,2021-03-07,Home Loan,30107.46
CUST102720,2022-07-05,Personal Loan,141455.45
CUST102720,2022-02-04,Auto Loan,32300.91
CUST102720,2021-04-08,Unsecured Others,93573.39
CUST102721,2021-11-14,Home Loan,97117.78
CUST102722,2021-10-17,Home Loan,188760.02
CUST102722,2022-06-30,Home Loan,37497.29
CUST102722,2022-04-18,Home Loan,181241.64
CUST102722,2021-10-13,Credit Card,43094.43
CUST102723,2022-03-26,Home Loan,176849.82
CUST102723,2022-01-05,Home Loan,170706.42
CUST102723,2021-03-21,Personal Loan,150522.87
CUST102724,2021-06-27,Auto Loan,199644.09
CUST102724,2021-01-29,Unsecured Others,16617.64
CUST102724,2021-12-18,Personal Loan,178775.05
CUST102725,2022-08-03,Unsecured Others,37276.27
CUST102725,2022-11-26,Credit Card,109663.37
CUST102725,2021-01-26,Unsecured Others,34749.62
CUST102725,2022-09-16,Personal Loan,40180.95
CUST102725,2021-04-21,Credit Card,28434.28
CUST102725,2021-08-19,Personal Loan,27052.12
CUST102725,2021-03-10,Unsecured Others,179425.68
CUST102726,2022-05-30,Credit Card,175235.92
CUST102726,2022-03-26,Personal Loan,138040.58
CUST102726,2021-01-07,Credit Card,159839.87
CUST102726,2022-08-21,Personal Loan,131551.5
CUST102727,2022-11-07,Auto Loan,111176.11
CUST102727,2022-02-22,Credit Card,191028.23
CUST102728,2022-08-20,Personal Loan,116610.02
CUST102728,2022-09-09,Unsecured Others,73280.3
CUST102728,2022-07-15,Credit Card,49738.84
CUST102729,2022-03-04,Home Loan,179164.63
CUST102729,2021-06-30,Credit Card,196671.01
CUST102729,2022-12-08,Auto Loan,186042.42
CUST102729,2021-11-03,Unsecured Others,127210.66
CUST102729,2022-11-27,Personal Loan,121892.19
CUST102730,2021-10-30,Home Loan,81573.44
CUST102731,2022-06-06,Home Loan,21064.85
CUST102731,2021-06-10,Unsecured Others,40723.12
CUST102731,2021-03-23,Personal Loan,160089.19
CUST102731,2021-03-04,Credit Card,79985.17
CUST102732,2021-01-22,Home Loan,173229.34
CUST102732,2021-10-26,Home Loan,130090.62
CUST102733,2022-05-27,Unsecured Others,158796.26
CUST102733,2021-08-04,Home Loan,114277.77
CUST102733,2022-07-16,Home Loan,179615.63
CUST102733,2022-10-27,Credit Card,100282.14
CUST102733,2021-12-11,Personal Loan,111512.02
CUST102733,2021-11-13,Unsecured Others,146153.99
CUST102733,2021-10-16,Personal Loan,171481.25
CUST102734,2022-06-30,Personal Loan,185803.91
CUST102734,2022-10-07,Auto Loan,74560.53
CUST102735,2022-02-26,Auto Loan,169911.49
CUST102735,2022-07-26,Auto Loan,86448.11
CUST102735,2022-04-06,Home Loan,43567.28
CUST102735,2021-07-16,Personal Loan,146766.75
CUST102735,2022-09-17,Personal Loan,191312.51
CUST102736,2021-03-16,Unsecured Others,5759.81
CUST102736,2022-01-13,Personal Loan,136202.34
CUST102736,2021-11-02,Home Loan,30964.85
CUST102736,2022-05-05,Personal Loan,27163.34
CUST102736,2021-06-24,Unsecured Others,119360.85
CUST102736,2021-01-23,Auto Loan,19104.11
CUST102736,2021-08-01,Auto Loan,188927.81
CUST102737,2022-12-24,Credit Card,87003.8
CUST102737,2022-07-31,Personal Loan,118381.06
CUST102737,2022-04-30,Unsecured Others,93438.8
CUST102737,2022-03-10,Credit Card,9056.56
CUST102738,2021-04-10,Home Loan,188328.56
CUST102738,2022-06-29,Home Loan,114026.75
CUST102739,2022-03-14,Unsecured Others,124832.09
CUST102739,2022-02-05,Unsecured Others,80069.5
CUST102739,2022-12-27,Unsecured Others,22070.16
CUST102739,2021-05-15,Auto Loan,92548.64
CUST102740,2022-10-23,Home Loan,150636.84
CUST102740,2021-09-04,Credit Card,40425.94
CUST102740,2021-12-13,Home Loan,130030.06
CUST102740,2021-08-25,Personal Loan,101869.49
CUST102740,2021-10-22,Auto Loan,112628.79
CUST102740,2022-09-11,Auto Loan,78511.66
CUST102741,2022-10-11,Personal Loan,62397.33
CUST102741,2022-11-27,Auto Loan,163497.08
CUST102741,2021-12-24,Home Loan,157825.76
CUST102742,2022-01-24,Personal Loan,24220.67
CUST102743,2022-06-23,Home Loan,19089.62
CUST102743,2021-12-03,Unsecured Others,133466.89
CUST102743,2022-05-27,Personal Loan,112321.82
CUST102744,2022-05-29,Personal Loan,91220.94
CUST102744,2021-04-14,Auto Loan,76299.4
CUST102744,2021-06-22,Personal Loan,76754.95
CUST102745,2021-11-28,Unsecured Others,121335.08
CUST102745,2022-06-11,Home Loan,144504.26
CUST102745,2021-08-19,Credit Card,133212.36
CUST102745,2022-12-06,Unsecured Others,78144.51
CUST102745,2022-10-09,Home Loan,90342.95
CUST102746,2021-05-26,Unsecured Others,141301.12
CUST102746,2021-10-29,Auto Loan,40091.38
CUST102747,2021-02-22,Credit Card,199737.87
CUST102747,2022-07-05,Credit Card,133029.69
CUST102747,2022-02-12,Home Loan,68917.21
CUST102747,2022-12-13,Personal Loan,61748.97
CUST102747,2022-12-07,Personal Loan,180469.79
CUST102747,2021-09-03,Credit Card,187130.31
CUST102747,2022-03-06,Personal Loan,94233.77
CUST102748,2022-03-02,Home Loan,61494.0
CUST102748,2022-06-15,Home Loan,13613.81
CUST102748,2022-06-21,Home Loan,41611.89
CUST102748,2021-06-07,Unsecured Others,7103.35
CUST102748,2022-04-25,Personal Loan,96009.23
CUST102748,2021-07-29,Unsecured Others,192499.56
CUST102749,2022-02-06,Home Loan,7159.23
CUST102749,2022-06-06,Auto Loan,153581.97
CUST102749,2021-05-13,Auto Loan,186103.06
CUST102749,2021-02-22,Personal Loan,124804.63
CUST102749,2022-11-06,Unsecured Others,177184.16
CUST102750,2021-12-28,Credit Card,12306.98
CUST102750,2022-01-10,Auto Loan,188071.65
CUST102750,2021-06-11,Auto Loan,180944.47
CUST102750,2021-03-27,Home Loan,51754.62
CUST102751,2022-06-15,Personal Loan,178539.06
CUST102751,2021-12-26,Auto Loan,177849.22
CUST102751,2022-10-06,Unsecured Others,32611.84
CUST102751,2022-05-17,Home Loan,169061.16
CUST102751,2021-02-13,Home Loan,183535.28
CUST102751,2022-07-18,Auto Loan,28268.12
CUST102751,2022-11-01,Unsecured Others,68962.43
CUST102752,2021-04-16,Auto Loan,59754.6
CUST102752,2022-08-16,Home Loan,195670.71
CUST102752,2021-03-09,Home Loan,177251.17
CUST102752,2021-02-28,Personal Loan,11920.89
CUST102752,2022-05-05,Home Loan,137682.54
CUST102752,2022-04-09,Auto Loan,196380.53
CUST102752,2022-10-02,Unsecured Others,101415.21
CUST102754,2023-01-01,Auto Loan,155541.38
CUST102754,2022-12-18,Credit Card,168520.58
CUST102754,2022-08-22,Personal Loan,77308.18
CUST102754,2021-03-17,Home Loan,155950.09
CUST102754,2021-10-22,Home Loan,101965.27
CUST102754,2022-07-09,Personal Loan,63318.02
CUST102754,2021-04-02,Personal Loan,28309.43
CUST102755,2022-07-25,Credit Card,163582.59
CUST102756,2021-02-12,Credit Card,126754.84
CUST102757,2022-06-26,Home Loan,130620.61
CUST102757,2022-06-02,Home Loan,22884.75
CUST102757,2021-07-29,Auto Loan,183277.49
CUST102758,2021-08-06,Credit Card,125219.05
CUST102758,2021-04-14,Unsecured Others,136033.64
CUST102758,2021-09-23,Unsecured Others,7945.31
CUST102759,2021-06-03,Credit Card,121566.92
CUST102759,2021-11-28,Credit Card,57827.49
CUST102759,2022-09-14,Home Loan,174709.97
CUST102760,2021-07-20,Home Loan,17742.0
CUST102760,2022-05-03,Auto Loan,83645.75
CUST102761,2021-03-25,Personal Loan,72229.17
CUST102761,2022-07-07,Home Loan,70180.27
CUST102762,2021-03-17,Personal Loan,155050.19
CUST102762,2022-03-25,Personal Loan,119526.14
CUST102762,2022-03-17,Personal Loan,174245.07
CUST102762,2021-12-07,Home Loan,83329.18
CUST102762,2021-10-13,Credit Card,72862.7
CUST102762,2022-11-15,Home Loan,98384.2
CUST102762,2022-11-26,Personal Loan,112674.01
CUST102763,2021-05-23,Home Loan,101685.34
CUST102765,2022-05-20,Auto Loan,49738.73
CUST102767,2022-06-25,Personal Loan,72450.76
CUST102767,2021-08-04,Personal Loan,113834.0
CUST102767,2021-09-06,Credit Card,97648.06
CUST102767,2021-10-21,Credit Card,185171.49
CUST102767,2022-09-21,Auto Loan,148933.3
CUST102767,2022-01-15,Unsecured Others,125448.28
CUST102767,2022-10-14,Auto Loan,58374.42
CUST102768,2021-03-10,Auto Loan,111032.03
CUST102768,2021-01-10,Unsecured Others,152858.15
CUST102768,2022-04-12,Personal Loan,110501.43
CUST102768,2021-01-22,Home Loan,157381.25
CUST102768,2021-07-15,Credit Card,161475.06
CUST102769,2021-05-24,Credit Card,23459.16
CUST102769,2021-02-17,Unsecured Others,151980.85
CUST102769,2021-01-05,Unsecured Others,89723.93
CUST102769,2022-07-01,Home Loan,152567.33
CUST102769,2022-10-29,Home Loan,17732.24
CUST102769,2022-02-17,Credit Card,176583.38
CUST102770,2021-04-18,Auto Loan,126921.83
CUST102771,2022-04-15,Personal Loan,56747.69
CUST102771,2022-05-02,Auto Loan,12912.0
CUST102771,2021-04-16,Personal Loan,6735.26
CUST102771,2021-03-23,Home Loan,192549.44
CUST102772,2022-06-11,Home Loan,106082.96
CUST102772,2021-06-07,Personal Loan,179748.33
CUST102772,2021-03-17,Home Loan,147789.44
CUST102772,2022-03-02,Credit Card,159626.17
CUST102774,2022-11-02,Credit Card,44024.51
CUST102775,2021-09-03,Auto Loan,80521.4
CUST102775,2022-07-12,Home Loan,43794.61
CUST102775,2021-02-10,Unsecured Others,99677.47
CUST102775,2022-05-14,Unsecured Others,122930.59
CUST102775,2021-08-10,Home Loan,104945.04
CUST102775,2022-11-08,Home Loan,140667.03
CUST102776,2021-07-05,Home Loan,99431.57
CUST102776,2022-12-24,Home Loan,69931.55
CUST102776,2022-02-10,Credit Card,108154.59
CUST102776,2021-01-30,Personal Loan,60719.66
CUST102777,2022-10-05,Auto Loan,136721.39
CUST102777,2022-01-30,Auto Loan,75412.29
CUST102777,2022-08-29,Credit Card,58851.6
CUST102777,2021-01-31,Personal Loan,116329.29
CUST102778,2022-07-20,Unsecured Others,20603.93
CUST102779,2022-07-13,Unsecured Others,66250.79
CUST102779,2022-05-21,Unsecured Others,162507.82
CUST102779,2021-08-30,Credit Card,184261.67
CUST102780,2022-05-23,Personal Loan,197639.37
CUST102780,2022-10-09,Unsecured Others,192416.01
CUST102780,2022-08-10,Home Loan,42209.91
CUST102780,2022-08-16,Credit Card,27579.44
CUST102780,2022-04-11,Home Loan,17639.42
CUST102781,2021-07-19,Auto Loan,95589.48
CUST102781,2022-06-11,Home Loan,98882.67
CUST102781,2022-05-15,Personal Loan,101606.09
CUST102781,2022-07-10,Unsecured Others,30167.99
CUST102782,2022-06-14,Home Loan,47353.72
CUST102782,2022-02-19,Personal Loan,61568.63
CUST102782,2022-02-14,Unsecured Others,145396.26
CUST102783,2022-07-15,Personal Loan,103005.96
CUST102784,2022-07-28,Personal Loan,182637.68
CUST102784,2022-08-24,Credit Card,100065.65
CUST102784,2022-11-21,Unsecured Others,172676.41
CUST102784,2022-09-05,Unsecured Others,92088.57
CUST102784,2021-10-18,Auto Loan,178820.95
CUST102785,2022-02-16,Home Loan,129252.65
CUST102785,2022-12-26,Personal Loan,52114.65
CUST102785,2021-12-22,Auto Loan,36341.14
CUST102785,2021-05-27,Personal Loan,57348.74
CUST102785,2022-04-30,Personal Loan,105787.95
CUST102785,2022-12-12,Personal Loan,156834.39
CUST102786,2022-07-23,Personal Loan,43454.4
CUST102787,2021-06-11,Auto Loan,153945.5
CUST102787,2022-10-30,Unsecured Others,58772.06
CUST102787,2022-06-17,Credit Card,169807.99
CUST102787,2022-12-01,Personal Loan,146032.29
CUST102788,2022-02-16,Home Loan,161348.3
CUST102789,2021-09-29,Personal Loan,22287.45
CUST102789,2021-09-13,Home Loan,157284.69
CUST102789,2022-11-11,Unsecured Others,62845.47
CUST102789,2021-02-11,Auto Loan,59524.03
CUST102790,2021-05-17,Auto Loan,116634.71
CUST102790,2021-12-17,Auto Loan,196858.34
CUST102790,2021-10-15,Personal Loan,168080.64
CUST102791,2022-07-28,Home Loan,14822.46
CUST102791,2021-11-12,Personal Loan,134334.51
CUST102791,2022-09-29,Personal Loan,118453.39
CUST102792,2021-08-19,Auto Loan,156700.25
CUST102793,2021-07-12,Auto Loan,51214.95
CUST102793,2022-10-17,Home Loan,17252.46
CUST102793,2022-11-15,Unsecured Others,24080.79
CUST102793,2022-04-16,Home Loan,71162.75
CUST102793,2022-08-13,Auto Loan,56791.78
CUST102794,2021-07-27,Credit Card,165106.08
CUST102794,2022-12-21,Unsecured Others,51292.49
CUST102794,2021-06-27,Home Loan,114272.5
CUST102794,2022-09-02,Credit Card,35826.79
CUST102794,2022-08-09,Auto Loan,144602.91
CUST102794,2021-11-28,Home Loan,42986.83
CUST102795,2021-12-18,Auto Loan,89955.78
CUST102796,2021-04-22,Home Loan,188344.51
CUST102796,2021-08-11,Credit Card,199430.24
CUST102796,2022-10-09,Auto Loan,44867.91
CUST102796,2022-01-27,Home Loan,155763.6
CUST102797,2022-01-17,Credit Card,124842.75
CUST102797,2021-10-10,Home Loan,178807.16
CUST102797,2022-11-09,Personal Loan,141961.24
CUST102797,2022-10-12,Auto Loan,114293.97
CUST102799,2022-05-04,Unsecured Others,150471.83
CUST102799,2021-10-30,Auto Loan,7678.86
CUST102800,2021-08-24,Home Loan,40571.69
CUST102800,2021-06-29,Auto Loan,163846.56
CUST102800,2022-08-06,Auto Loan,99071.94
CUST102804,2022-06-07,Auto Loan,165501.71
CUST102804,2021-07-22,Credit Card,178557.27
CUST102804,2022-04-09,Unsecured Others,47480.55
CUST102805,2021-11-19,Credit Card,47949.59
CUST102805,2022-12-22,Home Loan,22432.57
CUST102805,2022-10-05,Unsecured Others,73849.76
CUST102805,2021-06-18,Auto Loan,79763.25
CUST102806,2022-12-18,Credit Card,126961.99
CUST102806,2022-09-05,Unsecured Others,149285.01
CUST102806,2022-05-14,Auto Loan,163690.95
CUST102806,2021-06-06,Personal Loan,160624.03
CUST102806,2022-01-16,Personal Loan,60634.73
CUST102807,2021-09-06,Personal Loan,18524.49
CUST102807,2021-04-22,Credit Card,70255.32
CUST102807,2021-04-07,Auto Loan,147154.29
CUST102808,2021-05-03,Unsecured Others,106836.67
CUST102809,2022-02-01,Home Loan,29242.26
CUST102809,2021-07-22,Auto Loan,111277.8
CUST102810,2021-06-13,Credit Card,173101.44
CUST102810,2021-10-11,Auto Loan,103397.07
CUST102811,2022-10-19,Auto Loan,122226.19
CUST102811,2021-10-14,Personal Loan,115279.16
CUST102811,2021-11-15,Auto Loan,59431.81
CUST102811,2021-02-04,Personal Loan,197360.11
CUST102812,2022-09-03,Home Loan,164039.97
CUST102812,2022-09-27,Credit Card,123909.08
CUST102814,2022-03-04,Credit Card,149940.27
CUST102814,2021-05-28,Home Loan,56940.97
CUST102814,2021-04-14,Unsecured Others,59776.19
CUST102814,2021-08-12,Auto Loan,16065.53
CUST102814,2021-04-25,Credit Card,28405.33
CUST102814,2022-07-18,Home Loan,26304.39
CUST102814,2022-03-16,Home Loan,60508.52
CUST102815,2021-11-24,Auto Loan,49333.09
CUST102815,2022-02-03,Unsecured Others,165559.29
CUST102816,2022-03-31,Unsecured Others,180328.54
CUST102816,2021-06-08,Credit Card,13972.87
CUST102816,2021-03-05,Credit Card,87144.77
CUST102816,2021-08-24,Personal Loan,65297.39
CUST102816,2021-12-31,Unsecured Others,102479.9
CUST102816,2022-05-10,Personal Loan,47561.63
CUST102816,2021-01-26,Unsecured Others,190966.16
CUST102817,2022-07-27,Credit Card,135005.11
CUST102817,2021-05-04,Personal Loan,134531.73
CUST102817,2021-05-20,Credit Card,154687.66
CUST102817,2022-05-27,Auto Loan,148870.91
CUST102817,2021-04-12,Credit Card,24451.01
CUST102818,2021-03-17,Auto Loan,28473.66
CUST102818,2022-07-23,Credit Card,112608.58
CUST102818,2022-10-13,Home Loan,111388.14
CUST102818,2021-10-28,Auto Loan,87571.09
CUST102818,2021-12-17,Home Loan,189730.16
CUST102818,2022-12-25,Home Loan,186610.64
CUST102818,2021-05-31,Unsecured Others,44846.58
CUST102819,2021-11-01,Unsecured Others,186285.53
CUST102820,2022-11-06,Credit Card,109866.31
CUST102820,2022-06-24,Credit Card,150912.57
CUST102820,2022-12-15,Credit Card,60002.94
CUST102820,2022-08-21,Auto Loan,163469.6
CUST102820,2021-08-08,Credit Card,23460.11
CUST102820,2021-10-10,Credit Card,70943.64
CUST102821,2021-12-15,Unsecured Others,81041.89
CUST102821,2022-06-09,Unsecured Others,94125.99
CUST102822,2021-04-08,Credit Card,65376.02
CUST102822,2022-10-31,Unsecured Others,175481.26
CUST102822,2022-04-11,Home Loan,96454.78
CUST102822,2021-12-25,Auto Loan,68538.19
CUST102822,2022-08-10,Personal Loan,123388.27
CUST102822,2022-11-16,Credit Card,9231.81
CUST102823,2021-02-08,Auto Loan,136452.39
CUST102823,2021-03-17,Unsecured Others,147617.85
CUST102823,2021-03-28,Unsecured Others,120731.66
CUST102824,2021-01-02,Home Loan,194878.67
CUST102824,2022-09-08,Unsecured Others,44863.31
CUST102824,2021-06-10,Auto Loan,7310.81
CUST102824,2022-04-11,Unsecured Others,171219.12
CUST102824,2022-10-08,Auto Loan,50910.43
CUST102825,2022-09-15,Personal Loan,11917.82
CUST102825,2021-03-03,Unsecured Others,167551.73
CUST102827,2022-08-11,Auto Loan,147114.69
CUST102827,2022-04-29,Home Loan,197141.65
CUST102827,2022-09-05,Home Loan,74249.98
CUST102827,2022-08-01,Auto Loan,148770.14
CUST102827,2022-05-22,Unsecured Others,100836.03
CUST102828,2022-07-01,Home Loan,137193.41
CUST102828,2022-04-20,Unsecured Others,138764.72
CUST102828,2021-12-23,Personal Loan,118858.12
CUST102828,2022-05-19,Personal Loan,125491.11
CUST102829,2022-02-06,Unsecured Others,157645.04
CUST102830,2022-07-30,Credit Card,155869.35
CUST102830,2022-10-30,Home Loan,13042.43
CUST102830,2021-10-31,Credit Card,99729.32
CUST102830,2021-03-19,Home Loan,172050.04
CUST102830,2022-11-07,Home Loan,160931.44
CUST102830,2021-11-08,Credit Card,160784.28
CUST102831,2022-11-23,Home Loan,175371.71
CUST102831,2022-03-15,Home Loan,198960.41
CUST102831,2021-01-08,Unsecured Others,62114.36
CUST102831,2021-08-26,Home Loan,10203.4
CUST102831,2022-02-03,Home Loan,179365.51
CUST102831,2021-04-27,Unsecured Others,30042.74
CUST102831,2021-10-05,Credit Card,184600.71
CUST102832,2022-01-28,Auto Loan,38296.49
CUST102832,2022-04-25,Unsecured Others,176403.36
CUST102832,2021-06-20,Home Loan,69124.01
CUST102832,2021-03-09,Home Loan,90209.91
CUST102833,2022-01-07,Personal Loan,117738.25
CUST102834,2021-06-06,Personal Loan,190787.83
CUST102834,2022-09-25,Auto Loan,159416.87
CUST102834,2021-06-10,Unsecured Others,104349.91
CUST102835,2021-08-13,Home Loan,151009.3
CUST102835,2022-01-30,Credit Card,103584.61
CUST102836,2021-06-29,Credit Card,193439.87
CUST102836,2022-12-01,Auto Loan,101300.78
CUST102836,2022-12-31,Personal Loan,111978.82
CUST102836,2021-11-29,Personal Loan,195174.57
CUST102837,2021-08-13,Credit Card,153485.01
CUST102837,2022-07-07,Unsecured Others,180605.1
CUST102837,2021-09-29,Home Loan,82003.89
CUST102837,2022-07-31,Auto Loan,162410.44
CUST102837,2022-04-28,Unsecured Others,179850.2
CUST102837,2022-10-08,Personal Loan,107769.04
CUST102838,2021-08-12,Home Loan,83233.32
CUST102838,2022-01-16,Unsecured Others,145861.39
CUST102838,2022-12-02,Personal Loan,96953.42
CUST102839,2021-05-16,Personal Loan,179298.79
CUST102839,2021-01-09,Auto Loan,162037.74
CUST102839,2022-01-12,Personal Loan,147629.27
CUST102839,2022-10-19,Credit Card,44174.35
CUST102839,2022-01-11,Auto Loan,125066.25
CUST102839,2022-07-16,Credit Card,68255.65
CUST102840,2022-03-20,Unsecured Others,155983.21
CUST102840,2021-10-26,Unsecured Others,172874.33
CUST102840,2022-09-08,Auto Loan,82239.7
CUST102840,2021-12-07,Home Loan,171778.58
CUST102841,2022-04-14,Home Loan,70084.74
CUST102841,2021-12-14,Credit Card,176430.12
CUST102841,2022-12-02,Personal Loan,84702.96
CUST102841,2022-07-03,Auto Loan,51939.66
CUST102841,2022-08-19,Auto Loan,101287.46
CUST102841,2022-06-06,Home Loan,57383.14
CUST102841,2022-05-11,Personal Loan,117618.74
CUST102842,2022-03-02,Auto Loan,18147.18
CUST102842,2022-05-31,Unsecured Others,182443.02
CUST102842,2022-02-23,Auto Loan,34398.32
CUST102842,2021-09-10,Personal Loan,43973.51
CUST102842,2021-08-19,Credit Card,185720.2
CUST102843,2022-06-10,Auto Loan,41600.42
CUST102843,2021-07-26,Home Loan,146203.9
CUST102843,2022-07-31,Unsecured Others,160115.86
CUST102843,2021-01-08,Personal Loan,126167.87
CUST102843,2022-07-29,Auto Loan,41356.36
CUST102844,2022-11-26,Home Loan,90232.47
CUST102844,2022-06-29,Personal Loan,82324.91
CUST102845,2022-06-12,Personal Loan,197435.79
CUST102845,2022-10-17,Credit Card,5952.85
CUST102845,2021-02-23,Home Loan,24723.45
CUST102845,2022-03-20,Unsecured Others,103527.28
CUST102845,2021-01-23,Personal Loan,179832.03
CUST102846,2022-04-15,Personal Loan,18556.83
CUST102846,2021-08-09,Auto Loan,69735.99
CUST102846,2021-07-25,Unsecured Others,48484.84
CUST102846,2022-10-04,Home Loan,195933.15
CUST102846,2021-09-06,Credit Card,91190.31
CUST102846,2021-04-10,Personal Loan,78534.75
CUST102847,2021-01-18,Home Loan,83977.24
CUST102847,2021-09-10,Credit Card,53424.3
CUST102847,2021-11-05,Credit Card,15444.96
CUST102847,2022-06-20,Home Loan,193599.18
CUST102848,2022-08-15,Personal Loan,171983.59
CUST102848,2022-10-28,Unsecured Others,196069.38
CUST102848,2021-07-07,Credit Card,108087.51
CUST102848,2021-01-09,Unsecured Others,146670.95
CUST102848,2022-12-23,Personal Loan,18609.55
CUST102849,2021-08-28,Personal Loan,15833.84
CUST102849,2022-11-09,Unsecured Others,97214.6
CUST102849,2021-08-24,Unsecured Others,150224.42
CUST102849,2021-01-10,Auto Loan,194084.18
CUST102850,2021-08-20,Home Loan,95420.97
CUST102850,2022-12-09,Credit Card,184124.68
CUST102850,2022-01-03,Unsecured Others,101706.62
CUST102850,2021-07-27,Credit Card,84069.52
CUST102851,2021-03-10,Unsecured Others,140831.82
CUST102851,2022-01-29,Unsecured Others,72631.47
CUST102851,2022-09-19,Home Loan,189079.77
CUST102853,2021-02-06,Personal Loan,47850.32
CUST102853,2022-02-11,Unsecured Others,94267.23
CUST102853,2021-03-01,Auto Loan,137899.62
CUST102853,2022-01-19,Auto Loan,72240.73
CUST102853,2021-04-22,Unsecured Others,62934.51
CUST102854,2021-11-22,Home Loan,68404.01
CUST102854,2021-07-08,Unsecured Others,177572.16
CUST102854,2021-09-05,Personal Loan,81354.69
CUST102854,2022-03-31,Home Loan,70437.97
CUST102854,2022-09-03,Personal Loan,145425.71
CUST102855,2021-02-26,Home Loan,30419.75
CUST102855,2021-04-14,Credit Card,28812.1
CUST102855,2022-05-11,Credit Card,179499.11
CUST102855,2021-04-12,Unsecured Others,88564.53
CUST102855,2022-10-28,Unsecured Others,84727.68
CUST102855,2022-05-25,Credit Card,77483.14
CUST102855,2021-08-09,Home Loan,185717.18
CUST102856,2022-08-14,Personal Loan,21952.5
CUST102857,2022-11-28,Unsecured Others,71412.39
CUST102857,2022-11-30,Auto Loan,91845.79
CUST102857,2022-03-21,Home Loan,159019.99
CUST102857,2021-07-16,Credit Card,175133.83
CUST102857,2021-04-19,Unsecured Others,51707.74
CUST102857,2021-04-13,Home Loan,76591.72
CUST102858,2021-08-28,Unsecured Others,55354.92
CUST102858,2021-12-20,Personal Loan,175072.88
CUST102858,2021-09-30,Auto Loan,123961.93
CUST102858,2022-09-04,Auto Loan,12484.07
CUST102858,2022-12-03,Home Loan,94144.41
CUST102858,2022-09-22,Auto Loan,118894.25
CUST102859,2021-03-05,Credit Card,88370.01
CUST102859,2022-10-29,Home Loan,181663.22
CUST102859,2021-02-02,Auto Loan,23312.55
CUST102859,2022-10-30,Personal Loan,11392.33
CUST102859,2022-07-21,Credit Card,40062.24
CUST102859,2022-02-02,Auto Loan,119413.44
CUST102860,2021-04-29,Home Loan,86040.77
CUST102861,2022-03-27,Auto Loan,109659.03
CUST102861,2021-08-31,Home Loan,167045.86
CUST102861,2021-09-23,Personal Loan,97256.05
CUST102861,2021-12-28,Unsecured Others,199226.05
CUST102861,2022-02-04,Auto Loan,58194.26
CUST102862,2021-12-13,Home Loan,139573.78
CUST102863,2021-06-06,Home Loan,21276.8
CUST102863,2021-11-02,Home Loan,71714.21
CUST102864,2021-07-10,Credit Card,57066.2
CUST102864,2021-12-02,Home Loan,166373.12
CUST102864,2022-06-01,Home Loan,193928.38
CUST102864,2022-05-04,Personal Loan,118916.28
CUST102865,2021-04-28,Auto Loan,91053.48
CUST102865,2022-04-13,Auto Loan,36028.09
CUST102865,2021-04-22,Personal Loan,143535.51
CUST102865,2021-10-02,Home Loan,84586.68
CUST102865,2021-03-06,Unsecured Others,95796.7
CUST102866,2022-09-29,Auto Loan,83147.71
CUST102866,2022-03-19,Home Loan,110436.63
CUST102867,2021-04-29,Auto Loan,21112.49
CUST102867,2021-08-01,Personal Loan,38495.0
CUST102867,2021-05-18,Home Loan,101441.3
CUST102867,2022-03-05,Auto Loan,160568.82
CUST102868,2022-08-17,Credit Card,101743.17
CUST102868,2022-12-13,Home Loan,115933.63
CUST102868,2021-08-20,Personal Loan,77679.96
CUST102868,2022-03-08,Personal Loan,120891.73
CUST102870,2022-02-17,Home Loan,189600.07
CUST102870,2021-07-06,Auto Loan,8834.94
CUST102870,2022-12-14,Unsecured Others,42603.88
CUST102870,2021-01-05,Home Loan,192560.56
CUST102870,2022-10-10,Credit Card,86772.25
CUST102871,2021-03-19,Unsecured Others,197567.01
CUST102871,2022-07-25,Auto Loan,192597.43
CUST102872,2022-04-14,Credit Card,113956.0
CUST102872,2021-05-06,Credit Card,15153.91
CUST102873,2021-02-07,Home Loan,76547.29
CUST102873,2022-02-24,Home Loan,168596.87
CUST102873,2021-02-11,Home Loan,148556.34
CUST102873,2021-04-15,Credit Card,76116.13
CUST102873,2021-06-19,Personal Loan,161184.12
CUST102874,2022-01-14,Unsecured Others,12965.34
CUST102874,2022-09-12,Credit Card,149501.26
CUST102874,2022-02-13,Home Loan,28617.77
CUST102874,2021-12-09,Auto Loan,22553.72
CUST102874,2021-08-30,Auto Loan,113727.94
CUST102874,2022-12-18,Auto Loan,67338.09
CUST102875,2021-04-12,Credit Card,77502.31
CUST102875,2021-05-05,Personal Loan,74001.26
CUST102875,2021-01-25,Unsecured Others,185263.69
CUST102875,2022-09-19,Home Loan,131385.84
CUST102877,2021-07-09,Credit Card,17524.72
CUST102877,2022-04-09,Home Loan,97791.59
CUST102877,2022-09-19,Personal Loan,165115.02
CUST102877,2021-02-06,Credit Card,57991.09
CUST102877,2021-02-21,Auto Loan,150744.63
CUST102877,2022-03-06,Credit Card,176649.17
CUST102877,2021-07-28,Personal Loan,183635.77
CUST102878,2022-11-05,Auto Loan,118096.0
CUST102878,2022-08-04,Credit Card,173510.41
CUST102879,2021-06-07,Auto Loan,15660.07
CUST102879,2021-08-17,Auto Loan,14062.32
CUST102879,2021-12-02,Credit Card,159663.67
CUST102879,2021-09-12,Unsecured Others,188593.22
CUST102879,2022-09-12,Auto Loan,106064.22
CUST102879,2022-09-30,Credit Card,26232.93
CUST102880,2022-04-04,Auto Loan,45350.48
CUST102880,2022-05-28,Home Loan,171394.19
CUST102880,2022-08-30,Home Loan,170686.32
CUST102880,2021-08-06,Credit Card,138521.66
CUST102880,2022-08-12,Credit Card,74220.53
CUST102881,2022-07-13,Unsecured Others,25794.71
CUST102882,2022-09-25,Home Loan,182800.22
CUST102882,2022-12-19,Auto Loan,112414.56
CUST102882,2022-01-24,Home Loan,89123.55
CUST102883,2022-12-24,Auto Loan,158802.22
CUST102883,2021-09-17,Auto Loan,110395.08
CUST102883,2022-08-17,Credit Card,134504.94
CUST102883,2021-07-15,Home Loan,192612.33
CUST102883,2021-03-27,Auto Loan,32416.16
CUST102883,2021-10-03,Home Loan,174061.7
CUST102884,2021-12-01,Credit Card,87165.04
CUST102884,2022-06-11,Credit Card,54633.54
CUST102884,2022-09-11,Home Loan,28994.63
CUST102884,2021-04-24,Credit Card,112089.46
CUST102885,2022-06-24,Home Loan,17526.16
CUST102885,2021-05-21,Unsecured Others,26423.69
CUST102885,2021-10-16,Unsecured Others,45609.78
CUST102885,2021-03-19,Unsecured Others,83381.9
CUST102885,2021-04-24,Unsecured Others,57808.54
CUST102885,2021-11-17,Personal Loan,64743.95
CUST102885,2021-08-15,Personal Loan,51017.67
CUST102886,2021-03-01,Auto Loan,57867.67
CUST102886,2022-04-23,Unsecured Others,188738.64
CUST102886,2022-10-29,Home Loan,142366.44
CUST102887,2021-07-29,Home Loan,53298.52
CUST102887,2022-03-18,Personal Loan,40404.19
CUST102887,2022-12-30,Personal Loan,87382.36
CUST102887,2022-03-14,Home Loan,95421.13
CUST102887,2021-10-31,Auto Loan,33988.25
CUST102887,2022-12-21,Personal Loan,189995.76
CUST102887,2021-12-11,Auto Loan,64596.8
CUST102888,2021-06-07,Auto Loan,129495.69
CUST102889,2021-06-30,Auto Loan,74213.67
CUST102889,2022-10-04,Credit Card,17200.44
CUST102889,2022-10-12,Auto Loan,142822.16
CUST102889,2021-09-17,Personal Loan,147239.64
CUST102889,2022-07-22,Credit Card,36583.5
CUST102889,2022-05-26,Auto Loan,196688.68
CUST102890,2021-05-10,Credit Card,135012.2
CUST102890,2022-04-02,Unsecured Others,173366.23
CUST102891,2021-12-05,Personal Loan,128350.16
CUST102891,2022-03-11,Credit Card,128601.52
CUST102891,2022-07-13,Auto Loan,122428.48
CUST102892,2021-06-06,Personal Loan,61863.7
CUST102892,2021-06-09,Personal Loan,189429.73
CUST102892,2022-12-14,Home Loan,34582.24
CUST102892,2022-07-09,Unsecured Others,85618.58
CUST102892,2021-09-07,Auto Loan,174249.17
CUST102893,2021-03-14,Home Loan,179109.23
CUST102893,2021-10-20,Auto Loan,95789.47
CUST102893,2021-08-22,Personal Loan,33634.0
CUST102894,2021-06-08,Home Loan,164898.39
CUST102894,2022-07-21,Home Loan,89227.49
CUST102894,2021-01-08,Personal Loan,123939.64
CUST102894,2021-07-20,Auto Loan,68257.35
CUST102895,2022-11-08,Home Loan,107716.02
CUST102895,2022-11-07,Unsecured Others,188984.03
CUST102895,2022-04-22,Personal Loan,170098.82
CUST102896,2022-08-22,Auto Loan,148675.49
CUST102897,2022-03-02,Unsecured Others,135303.82
CUST102897,2022-09-18,Personal Loan,134933.44
CUST102897,2021-12-30,Credit Card,96988.7
CUST102897,2021-07-03,Auto Loan,88455.04
CUST102898,2021-04-23,Unsecured Others,50848.18
CUST102898,2021-06-05,Personal Loan,26796.05
CUST102898,2022-07-02,Unsecured Others,77977.79
CUST102899,2022-10-31,Credit Card,10872.88
CUST102899,2022-02-13,Personal Loan,28888.04
CUST102899,2022-11-10,Auto Loan,174720.16
CUST102899,2021-09-14,Unsecured Others,154914.42
CUST102899,2021-09-23,Credit Card,117355.06
CUST102899,2022-02-02,Unsecured Others,125030.46
CUST102899,2022-10-04,Credit Card,78907.0
CUST102900,2022-12-16,Credit Card,181297.37
CUST102900,2021-09-18,Unsecured Others,198339.94
CUST102900,2022-03-30,Unsecured Others,41445.74
CUST102900,2021-08-10,Home Loan,87182.65
CUST102900,2021-04-18,Personal Loan,5754.26
CUST102901,2021-02-14,Credit Card,144679.83
CUST102901,2022-12-12,Personal Loan,38777.99
CUST102902,2022-09-28,Credit Card,130383.36
CUST102902,2021-09-07,Credit Card,42103.39
CUST102902,2021-08-30,Auto Loan,117090.73
CUST102902,2022-05-08,Auto Loan,171098.38
CUST102902,2021-11-11,Auto Loan,185393.58
CUST102902,2022-06-09,Auto Loan,107263.69
CUST102903,2022-11-14,Unsecured Others,163373.53
CUST102903,2021-08-26,Unsecured Others,199535.24
CUST102904,2022-04-28,Unsecured Others,122886.68
CUST102904,2022-08-26,Auto Loan,90932.86
CUST102904,2022-10-31,Personal Loan,154448.28
CUST102904,2021-12-01,Home Loan,31725.07
CUST102904,2022-06-28,Personal Loan,77655.37
CUST102905,2021-05-10,Auto Loan,162097.44
CUST102905,2021-01-03,Credit Card,148301.29
CUST102905,2021-09-26,Auto Loan,101640.17
CUST102905,2021-03-18,Credit Card,155050.84
CUST102905,2022-08-06,Unsecured Others,199539.42
CUST102905,2022-06-17,Auto Loan,75092.5
CUST102906,2021-01-24,Auto Loan,138684.94
CUST102906,2021-12-16,Personal Loan,140240.58
CUST102906,2022-12-02,Personal Loan,134501.51
CUST102906,2021-02-15,Unsecured Others,7029.66
CUST102906,2021-02-06,Credit Card,83584.32
CUST102907,2022-09-16,Credit Card,136955.17
CUST102907,2022-12-31,Auto Loan,48587.38
CUST102907,2022-01-14,Credit Card,129876.76
CUST102907,2022-05-23,Auto Loan,152277.98
CUST102907,2021-03-05,Auto Loan,107333.84
CUST102907,2022-04-03,Credit Card,65056.9
CUST102908,2021-09-17,Home Loan,169407.98
CUST102908,2022-10-14,Personal Loan,144130.0
CUST102909,2022-12-25,Auto Loan,165011.36
CUST102910,2022-11-14,Personal Loan,125290.99
CUST102910,2022-01-20,Home Loan,29190.46
CUST102912,2021-06-02,Credit Card,68250.26
CUST102912,2021-11-26,Auto Loan,48868.68
CUST102912,2021-01-21,Credit Card,177806.58
CUST102912,2021-07-16,Personal Loan,69745.55
CUST102912,2022-10-20,Auto Loan,82986.11
CUST102912,2022-10-19,Unsecured Others,156999.29
CUST102912,2022-01-06,Personal Loan,134053.32
CUST102914,2021-09-13,Auto Loan,61113.54
CUST102914,2021-05-12,Unsecured Others,43971.89
CUST102914,2022-10-18,Personal Loan,33938.64
CUST102915,2021-06-02,Home Loan,76553.59
CUST102916,2022-02-22,Personal Loan,113734.83
CUST102916,2022-09-21,Auto Loan,35786.8
CUST102916,2022-05-08,Credit Card,193924.15
CUST102917,2021-10-18,Auto Loan,137136.14
CUST102917,2021-02-27,Auto Loan,125852.34
CUST102917,2022-08-26,Home Loan,17934.68
CUST102917,2021-04-19,Auto Loan,63146.41
CUST102917,2022-09-14,Home Loan,25155.9
CUST102917,2022-11-14,Auto Loan,52692.72
CUST102917,2022-04-08,Personal Loan,27532.5
CUST102918,2022-09-01,Personal Loan,36491.72
CUST102918,2021-11-05,Credit Card,87444.73
CUST102918,2021-09-07,Unsecured Others,161079.55
CUST102918,2022-07-18,Auto Loan,57974.15
CUST102919,2021-07-16,Auto Loan,64288.47
CUST102919,2021-07-12,Credit Card,39753.78
CUST102919,2021-08-13,Unsecured Others,31665.49
CUST102919,2021-11-11,Home Loan,95670.93
CUST102920,2022-11-13,Personal Loan,96521.99
CUST102920,2022-01-20,Personal Loan,143054.71
CUST102920,2022-12-15,Unsecured Others,134894.85
CUST102920,2022-07-16,Auto Loan,62985.85
CUST102921,2021-06-21,Unsecured Others,121801.37
CUST102923,2022-03-27,Personal Loan,34249.45
CUST102923,2022-03-09,Home Loan,96418.93
CUST102923,2022-11-02,Auto Loan,160150.69
CUST102924,2021-08-03,Personal Loan,104115.06
CUST102926,2021-10-10,Home Loan,121160.95
CUST102926,2021-07-29,Personal Loan,66134.27
CUST102927,2022-12-26,Credit Card,23394.68
CUST102928,2021-02-26,Credit Card,150839.43
CUST102928,2022-06-17,Auto Loan,47502.79
CUST102928,2022-06-12,Credit Card,51924.19
CUST102928,2021-04-14,Personal Loan,133721.87
CUST102928,2021-08-09,Auto Loan,55265.57
CUST102928,2021-12-22,Unsecured Others,154415.11
CUST102928,2022-12-07,Personal Loan,191215.8
CUST102929,2022-03-30,Unsecured Others,137797.46
CUST102929,2022-10-15,Auto Loan,136145.47
CUST102929,2022-05-10,Personal Loan,171971.77
CUST102930,2021-08-21,Home Loan,44291.3
CUST102930,2021-12-07,Home Loan,55627.82
CUST102930,2022-11-03,Personal Loan,96995.41
CUST102930,2022-10-02,Credit Card,59542.18
CUST102930,2022-06-19,Unsecured Others,114223.25
CUST102930,2021-08-26,Credit Card,146252.21
CUST102932,2021-06-08,Personal Loan,163327.37
CUST102932,2021-10-27,Home Loan,49316.07
CUST102932,2021-08-17,Credit Card,47242.23
CUST102933,2022-03-06,Personal Loan,50512.91
CUST102934,2022-08-19,Auto Loan,22610.32
CUST102934,2021-12-20,Auto Loan,135936.62
CUST102934,2021-05-13,Credit Card,100799.97
CUST102934,2022-05-11,Unsecured Others,56714.1
CUST102935,2021-06-07,Personal Loan,133465.14
CUST102936,2021-05-18,Unsecured Others,142652.39
CUST102937,2021-10-12,Credit Card,145731.42
CUST102937,2022-11-24,Auto Loan,159525.72
CUST102937,2022-08-12,Personal Loan,113307.1
CUST102937,2021-06-25,Auto Loan,148766.11
CUST102937,2022-12-28,Home Loan,197207.86
CUST102938,2022-01-02,Credit Card,158601.18
CUST102938,2021-03-27,Home Loan,167301.2
CUST102938,2022-11-05,Credit Card,52708.34
CUST102938,2021-08-28,Credit Card,37831.22
CUST102938,2022-02-25,Credit Card,115890.12
CUST102940,2021-03-17,Unsecured Others,17861.01
CUST102940,2022-08-25,Unsecured Others,34007.55
CUST102940,2021-11-14,Home Loan,91771.87
CUST102940,2021-05-01,Personal Loan,99829.59
CUST102940,2022-09-21,Home Loan,151957.92
CUST102940,2021-06-14,Unsecured Others,139800.5
CUST102941,2021-06-15,Auto Loan,15474.05
CUST102941,2021-09-09,Personal Loan,163897.71
CUST102941,2022-04-17,Personal Loan,79612.7
CUST102941,2021-12-08,Home Loan,35276.36
CUST102942,2021-08-04,Credit Card,90464.09
CUST102942,2021-11-24,Unsecured Others,125156.64
CUST102942,2022-03-14,Personal Loan,49653.38
CUST102942,2022-09-20,Home Loan,156423.58
CUST102942,2021-03-08,Auto Loan,138521.06
CUST102942,2021-12-21,Personal Loan,155583.14
CUST102942,2021-03-31,Credit Card,24577.94
CUST102943,2021-05-14,Unsecured Others,119864.65
CUST102943,2021-05-24,Personal Loan,190406.24
CUST102943,2021-09-08,Credit Card,114507.7
CUST102943,2021-06-21,Unsecured Others,152100.99
CUST102943,2021-04-19,Auto Loan,49957.66
CUST102944,2022-05-28,Credit Card,152456.18
CUST102944,2022-06-22,Unsecured Others,25253.07
CUST102944,2022-01-31,Credit Card,171846.07
CUST102944,2021-12-22,Unsecured Others,69916.5
CUST102944,2022-07-14,Auto Loan,12686.25
CUST102945,2021-10-20,Personal Loan,34446.67
CUST102945,2021-08-13,Unsecured Others,39976.68
CUST102945,2022-12-22,Unsecured Others,151196.34
CUST102946,2021-07-11,Credit Card,111118.85
CUST102946,2022-10-31,Credit Card,8783.47
CUST102946,2021-03-05,Auto Loan,139430.18
CUST102946,2022-08-26,Auto Loan,169625.0
CUST102946,2021-05-03,Auto Loan,76032.73
CUST102947,2021-05-28,Personal Loan,193191.23
CUST102947,2022-08-18,Personal Loan,159757.71
CUST102947,2022-04-05,Home Loan,11455.97
CUST102947,2022-04-04,Auto Loan,131848.44
CUST102947,2021-12-07,Personal Loan,181676.71
CUST102947,2021-10-25,Auto Loan,58332.03
CUST102947,2022-11-09,Home Loan,94440.15
CUST102949,2022-06-30,Home Loan,34719.23
CUST102949,2021-10-04,Home Loan,135919.7
CUST102949,2022-11-02,Credit Card,178830.07
CUST102950,2022-09-29,Credit Card,139676.87
CUST102950,2021-05-02,Home Loan,73661.0
CUST102950,2021-11-10,Credit Card,191687.48
CUST102950,2022-11-03,Unsecured Others,123260.01
CUST102950,2021-07-15,Credit Card,60727.56
CUST102950,2022-03-04,Credit Card,138672.88
CUST102951,2022-03-13,Auto Loan,90763.26
CUST102951,2021-02-15,Personal Loan,5259.07
CUST102952,2021-03-12,Credit Card,131182.32
CUST102952,2021-06-30,Personal Loan,12016.48
CUST102952,2022-10-08,Unsecured Others,31536.57
CUST102953,2021-06-04,Unsecured Others,38663.85
CUST102954,2021-08-18,Auto Loan,194304.24
CUST102955,2021-08-04,Unsecured Others,57183.17
CUST102955,2022-11-28,Credit Card,141745.85
CUST102955,2021-06-08,Credit Card,64539.72
CUST102955,2021-11-29,Unsecured Others,53726.5
CUST102955,2022-04-18,Home Loan,171300.4
CUST102955,2022-08-21,Unsecured Others,91041.91
CUST102956,2022-11-02,Credit Card,179297.33
CUST102956,2022-12-18,Auto Loan,10925.3
CUST102956,2021-10-01,Credit Card,165097.04
CUST102956,2021-01-04,Credit Card,109326.54
CUST102956,2021-10-28,Auto Loan,140142.42
CUST102956,2021-10-07,Unsecured Others,89022.23
CUST102956,2021-08-30,Personal Loan,174184.95
CUST102957,2021-03-21,Auto Loan,150277.97
CUST102957,2021-11-15,Auto Loan,125906.73
CUST102957,2022-07-22,Auto Loan,133528.68
CUST102957,2022-04-28,Auto Loan,119959.53
CUST102957,2022-03-29,Home Loan,23870.44
CUST102957,2022-07-22,Unsecured Others,150815.39
CUST102958,2021-10-05,Auto Loan,82989.71
CUST102958,2022-08-17,Credit Card,63237.28
CUST102958,2021-05-18,Credit Card,87744.96
CUST102958,2022-03-06,Auto Loan,57464.43
CUST102958,2022-02-01,Unsecured Others,117379.03
CUST102958,2021-03-20,Credit Card,96954.83
CUST102958,2022-08-24,Personal Loan,112205.53
CUST102959,2022-09-29,Personal Loan,86059.38
CUST102960,2021-02-11,Auto Loan,157173.29
CUST102961,2021-06-04,Auto Loan,79932.37
CUST102961,2021-05-31,Unsecured Others,110428.13
CUST102961,2021-09-28,Unsecured Others,13686.59
CUST102961,2021-12-06,Home Loan,168259.97
CUST102963,2021-05-17,Unsecured Others,78456.36
CUST102963,2022-07-07,Credit Card,22377.89
CUST102963,2021-06-15,Home Loan,86640.55
CUST102963,2022-10-21,Auto Loan,87802.97
CUST102964,2021-05-20,Personal Loan,76556.26
CUST102964,2022-02-28,Personal Loan,175577.18
CUST102964,2021-05-10,Auto Loan,68158.44
CUST102964,2022-03-26,Home Loan,163540.79
CUST102964,2022-11-01,Home Loan,20540.22
CUST102965,2022-12-06,Home Loan,90923.89
CUST102965,2021-04-09,Credit Card,110701.71
CUST102965,2022-09-08,Home Loan,147671.71
CUST102965,2021-10-12,Credit Card,40408.74
CUST102965,2021-09-14,Auto Loan,131191.68
CUST102966,2022-12-04,Home Loan,85825.22
CUST102966,2021-03-08,Credit Card,107424.01
CUST102966,2022-09-18,Auto Loan,35207.41
CUST102966,2022-07-11,Unsecured Others,129407.54
CUST102966,2022-07-14,Personal Loan,122423.41
CUST102966,2021-04-22,Home Loan,150443.25
CUST102967,2021-05-21,Credit Card,68040.81
CUST102967,2022-09-06,Home Loan,75392.51
CUST102967,2022-11-13,Auto Loan,190932.18
CUST102967,2021-01-09,Auto Loan,118687.37
CUST102967,2022-05-21,Personal Loan,25528.46
CUST102968,2021-01-13,Personal Loan,35268.05
CUST102968,2022-11-05,Credit Card,131714.08
CUST102969,2022-11-29,Credit Card,43968.12
CUST102969,2021-08-29,Auto Loan,32173.34
CUST102969,2022-11-17,Personal Loan,197077.6
CUST102971,2021-09-14,Personal Loan,84843.2
CUST102971,2022-11-27,Personal Loan,26184.23
CUST102971,2022-11-19,Unsecured Others,19206.27
CUST102972,2021-11-08,Credit Card,157917.53
CUST102972,2021-08-30,Personal Loan,7435.09
CUST102972,2021-02-03,Personal Loan,36299.59
CUST102972,2021-08-23,Auto Loan,8593.51
CUST102972,2021-02-02,Home Loan,146011.91
CUST102972,2022-12-11,Personal Loan,87945.39
CUST102972,2022-01-03,Unsecured Others,169376.32
CUST102973,2022-12-20,Unsecured Others,164365.15
CUST102973,2022-06-04,Home Loan,117041.47
CUST102973,2021-09-30,Auto Loan,43195.93
CUST102973,2021-02-06,Personal Loan,167684.21
CUST102974,2022-05-15,Home Loan,147983.84
CUST102975,2021-12-23,Credit Card,182597.77
CUST102975,2021-12-06,Home Loan,14269.7
CUST102975,2021-02-02,Personal Loan,25897.4
CUST102975,2021-07-07,Credit Card,187460.21
CUST102975,2022-11-04,Credit Card,192809.23
CUST102975,2021-09-03,Personal Loan,102328.47
CUST102975,2021-10-17,Personal Loan,83010.39
CUST102976,2021-12-22,Personal Loan,133675.4
CUST102976,2022-10-06,Home Loan,92887.36
CUST102976,2022-12-29,Credit Card,6718.9
CUST102976,2022-10-18,Personal Loan,58594.96
CUST102978,2022-01-26,Personal Loan,134709.19
CUST102978,2021-11-13,Unsecured Others,161734.17
CUST102978,2022-10-30,Home Loan,178353.38
CUST102978,2021-12-29,Credit Card,8987.18
CUST102978,2021-01-30,Auto Loan,168758.67
CUST102978,2021-09-11,Home Loan,157779.2
CUST102978,2021-04-10,Personal Loan,112760.95
CUST102979,2022-11-01,Personal Loan,6894.13
CUST102979,2021-04-03,Unsecured Others,193506.72
CUST102979,2022-02-13,Credit Card,177439.21
CUST102979,2022-05-26,Unsecured Others,10569.46
CUST102979,2022-06-01,Personal Loan,116579.68
CUST102979,2022-08-01,Auto Loan,71714.57
CUST102979,2021-07-22,Unsecured Others,22267.98
CUST102980,2021-08-18,Unsecured Others,7398.74
CUST102981,2021-04-07,Auto Loan,99429.95
CUST102982,2021-02-09,Personal Loan,67936.61
CUST102982,2021-02-26,Personal Loan,179161.37
CUST102982,2022-04-28,Auto Loan,113602.06
CUST102982,2022-05-17,Credit Card,102795.42
CUST102982,2021-08-19,Home Loan,65752.26
CUST102983,2022-10-24,Personal Loan,140952.65
CUST102983,2022-02-14,Home Loan,146529.22
CUST102983,2022-08-17,Credit Card,98086.44
CUST102983,2022-04-27,Auto Loan,14004.27
CUST102983,2021-08-25,Unsecured Others,192561.72
CUST102984,2022-11-30,Unsecured Others,67325.45
CUST102984,2021-03-19,Auto Loan,47044.37
CUST102984,2021-01-20,Auto Loan,49530.26
CUST102985,2021-11-23,Home Loan,112814.37
CUST102985,2021-02-03,Credit Card,137886.31
CUST102985,2021-10-07,Auto Loan,128188.0
CUST102985,2022-05-08,Personal Loan,185963.86
CUST102985,2021-11-10,Unsecured Others,64560.13
CUST102986,2022-05-07,Personal Loan,92428.14
CUST102986,2021-08-02,Auto Loan,92087.14
CUST102986,2022-01-22,Credit Card,15201.67
CUST102986,2021-09-11,Unsecured Others,188208.89
CUST102986,2021-02-12,Credit Card,190539.74
CUST102986,2022-11-28,Auto Loan,157214.02
CUST102986,2022-07-03,Personal Loan,89363.24
CUST102987,2022-08-15,Auto Loan,88274.03
CUST102987,2021-04-15,Credit Card,7062.45
CUST102987,2021-07-14,Unsecured Others,9909.47
CUST102987,2021-02-08,Auto Loan,148718.37
CUST102987,2021-05-21,Personal Loan,12358.91
CUST102987,2022-12-13,Auto Loan,7249.7
CUST102988,2021-10-20,Personal Loan,22868.62
CUST102989,2021-09-08,Credit Card,146424.5
CUST102989,2021-03-31,Personal Loan,146251.13
CUST102989,2022-12-14,Home Loan,190402.42
CUST102990,2022-01-07,Auto Loan,24528.67
CUST102990,2022-01-12,Auto Loan,102398.18
CUST102991,2022-11-19,Unsecured Others,134247.44
CUST102991,2021-10-12,Auto Loan,30914.02
CUST102992,2021-11-21,Unsecured Others,82978.01
CUST102992,2021-03-06,Unsecured Others,75417.38
CUST102992,2021-06-11,Credit Card,148404.69
CUST102993,2021-12-13,Auto Loan,126837.84
CUST102993,2022-03-04,Personal Loan,137420.13
CUST102993,2021-02-22,Unsecured Others,150888.77
CUST102993,2021-11-14,Personal Loan,117626.63
CUST102994,2022-07-30,Unsecured Others,157024.92
CUST102994,2022-10-16,Unsecured Others,69669.95
CUST102994,2022-10-29,Auto Loan,172541.64
CUST102994,2022-02-15,Home Loan,65879.96
CUST102994,2022-08-09,Credit Card,94598.36
CUST102994,2022-11-29,Personal Loan,34485.59
CUST102994,2022-01-08,Auto Loan,39866.77
CUST102996,2021-01-18,Home Loan,128757.07
CUST102996,2022-09-24,Credit Card,157887.69
CUST102996,2021-03-02,Credit Card,75814.42
CUST102996,2021-02-08,Credit Card,17758.14
CUST102997,2021-04-07,Credit Card,194705.51
CUST102997,2021-06-27,Credit Card,22689.56
CUST102997,2021-01-27,Auto Loan,35287.65
CUST102999,2021-11-28,Auto Loan,17017.14
CUST102999,2022-11-06,Personal Loan,150011.91
CUST102999,2021-12-21,Auto Loan,196420.37
CUST103000,2022-10-21,Personal Loan,110165.6
CUST103000,2022-11-11,Personal Loan,58969.2
CUST103000,2022-08-02,Personal Loan,120210.81
CUST103000,2021-11-19,Credit Card,24772.12
CUST103002,2022-08-07,Auto Loan,82776.88
CUST103003,2021-03-08,Unsecured Others,90734.44
CUST103003,2021-02-14,Credit Card,133951.4
CUST103004,2021-02-03,Auto Loan,65954.32
CUST103004,2022-06-05,Credit Card,37791.08
CUST103004,2022-12-18,Personal Loan,76579.1
CUST103004,2021-10-01,Personal Loan,93091.82
CUST103004,2022-04-06,Unsecured Others,77258.74
CUST103004,2022-03-26,Personal Loan,67456.93
CUST103004,2021-10-23,Home Loan,98314.06
CUST103005,2021-12-08,Credit Card,91817.05
CUST103005,2022-10-15,Unsecured Others,198693.03
CUST103006,2022-09-04,Auto Loan,182742.96
CUST103006,2022-09-06,Personal Loan,22744.16
CUST103006,2021-12-04,Personal Loan,196132.96
CUST103007,2021-02-14,Auto Loan,61985.82
CUST103007,2022-07-08,Credit Card,153869.06
CUST103007,2022-07-10,Personal Loan,197205.64
CUST103007,2022-03-18,Unsecured Others,142392.2
CUST103007,2022-01-21,Personal Loan,130545.85
CUST103007,2021-03-10,Unsecured Others,30063.94
CUST103007,2021-12-23,Unsecured Others,50500.5
CUST103008,2022-04-29,Personal Loan,190137.59
CUST103008,2022-04-14,Auto Loan,184459.92
CUST103008,2022-11-29,Home Loan,23596.58
CUST103009,2021-02-25,Unsecured Others,159234.29
CUST103009,2021-08-01,Unsecured Others,43543.48
CUST103009,2022-01-10,Credit Card,185645.27
CUST103009,2022-01-06,Personal Loan,186938.43
CUST103009,2021-07-11,Credit Card,111240.97
CUST103009,2022-10-04,Unsecured Others,88777.43
CUST103009,2021-08-31,Unsecured Others,60226.82
CUST103010,2022-05-20,Home Loan,155096.12
CUST103010,2021-03-08,Unsecured Others,164121.31
CUST103010,2022-03-20,Credit Card,94076.05
CUST103011,2022-01-14,Credit Card,173863.06
CUST103011,2022-11-22,Auto Loan,173271.01
CUST103011,2021-10-27,Auto Loan,155228.78
CUST103011,2022-12-12,Home Loan,148166.88
CUST103012,2022-07-16,Home Loan,138085.19
CUST103012,2022-02-20,Unsecured Others,176852.67
CUST103012,2021-02-06,Credit Card,121960.46
CUST103013,2021-09-07,Auto Loan,24194.52
CUST103013,2022-02-15,Home Loan,60797.8
CUST103013,2022-02-19,Personal Loan,127477.96
CUST103013,2022-08-10,Credit Card,86500.93
CUST103013,2021-09-21,Credit Card,173470.89
CUST103013,2021-10-15,Personal Loan,87106.89
CUST103013,2022-01-28,Home Loan,56282.37
CUST103014,2021-01-02,Unsecured Others,26374.07
CUST103014,2021-03-24,Credit Card,111774.42
CUST103014,2021-02-15,Personal Loan,135826.73
CUST103014,2022-07-02,Personal Loan,74764.44
CUST103015,2021-02-09,Unsecured Others,156398.77
CUST103015,2021-09-18,Auto Loan,162615.9
CUST103015,2022-08-01,Personal Loan,23515.48
CUST103015,2021-04-27,Credit Card,50795.32
CUST103016,2021-09-06,Personal Loan,157181.93
CUST103017,2022-05-23,Personal Loan,65710.46
CUST103017,2022-10-12,Auto Loan,159817.13
CUST103017,2021-05-06,Unsecured Others,14323.86
CUST103017,2021-06-10,Credit Card,116565.51
CUST103018,2022-05-21,Auto Loan,59970.01
CUST103018,2021-04-27,Unsecured Others,48826.62
CUST103018,2022-05-13,Credit Card,184812.37
CUST103018,2022-08-07,Home Loan,169999.24
CUST103018,2022-12-19,Credit Card,117433.59
CUST103019,2022-03-11,Unsecured Others,192882.35
CUST103019,2022-05-18,Home Loan,60320.33
CUST103019,2021-05-30,Home Loan,79791.12
CUST103019,2021-01-05,Personal Loan,35868.22
CUST103019,2021-05-12,Personal Loan,89384.51
CUST103019,2022-08-24,Unsecured Others,154261.71
CUST103020,2022-07-12,Credit Card,30564.95
CUST103020,2021-03-22,Unsecured Others,136821.11
CUST103020,2021-10-18,Credit Card,75095.35
CUST103020,2021-09-04,Personal Loan,21140.42
CUST103022,2021-03-05,Home Loan,111302.91
CUST103022,2022-12-01,Personal Loan,110494.59
CUST103022,2021-07-21,Auto Loan,127877.62
CUST103022,2021-11-23,Auto Loan,199992.94
CUST103023,2022-12-25,Personal Loan,59575.82
CUST103023,2021-05-20,Home Loan,187091.61
CUST103023,2021-01-05,Home Loan,181216.2
CUST103024,2022-07-30,Credit Card,32288.61
CUST103024,2022-02-28,Unsecured Others,10257.88
CUST103024,2022-01-24,Personal Loan,66917.9
CUST103024,2022-09-13,Auto Loan,28781.49
CUST103024,2021-03-13,Auto Loan,34478.16
CUST103026,2022-03-07,Credit Card,140129.77
CUST103026,2021-10-05,Home Loan,60580.74
CUST103026,2021-09-02,Home Loan,15109.36
CUST103026,2022-07-10,Credit Card,75055.13
CUST103026,2022-08-03,Auto Loan,196351.91
CUST103026,2021-02-25,Personal Loan,20879.31
CUST103027,2021-12-05,Personal Loan,64383.03
CUST103027,2022-10-06,Auto Loan,26173.79
CUST103027,2022-06-02,Auto Loan,166453.73
CUST103027,2021-03-26,Auto Loan,78155.07
CUST103027,2022-01-27,Auto Loan,144357.55
CUST103027,2022-05-02,Unsecured Others,49990.61
CUST103027,2022-05-02,Auto Loan,23532.07
CUST103028,2021-08-04,Home Loan,72147.0
CUST103028,2022-09-06,Personal Loan,75580.47
CUST103028,2021-10-15,Home Loan,29655.64
CUST103028,2022-07-27,Home Loan,176607.99
CUST103028,2022-08-03,Unsecured Others,45950.06
CUST103028,2022-09-11,Auto Loan,51985.79
CUST103028,2021-06-10,Home Loan,59616.95
CUST103029,2022-02-19,Home Loan,154670.82
CUST103029,2022-02-01,Credit Card,24508.14
CUST103029,2022-01-15,Credit Card,87638.3
CUST103029,2022-09-09,Unsecured Others,107290.77
CUST103029,2022-04-24,Home Loan,187714.08
CUST103030,2021-07-04,Auto Loan,17091.19
CUST103030,2021-09-04,Unsecured Others,180867.14
CUST103030,2022-05-22,Credit Card,69334.85
CUST103030,2021-05-17,Credit Card,38253.55
CUST103030,2021-08-22,Home Loan,199098.49
CUST103030,2022-04-18,Personal Loan,157660.86
CUST103031,2022-11-10,Credit Card,98219.97
CUST103031,2022-10-15,Personal Loan,132477.76
CUST103031,2022-09-07,Personal Loan,171359.3
CUST103031,2022-07-16,Home Loan,17528.79
CUST103031,2021-11-21,Credit Card,125090.66
CUST103031,2022-10-29,Auto Loan,140558.85
CUST103031,2022-02-02,Personal Loan,61551.33
CUST103032,2022-05-01,Credit Card,111805.14
CUST103032,2022-10-30,Home Loan,166144.28
CUST103032,2022-04-28,Auto Loan,94376.52
CUST103032,2022-03-12,Home Loan,26788.62
CUST103033,2022-03-09,Personal Loan,195817.77
CUST103033,2022-12-20,Personal Loan,65621.49
CUST103033,2022-07-09,Personal Loan,144716.76
CUST103033,2021-12-21,Credit Card,76011.57
CUST103033,2022-10-08,Personal Loan,143838.35
CUST103034,2022-07-31,Personal Loan,99974.22
CUST103035,2021-12-23,Home Loan,86008.7
CUST103035,2021-09-18,Unsecured Others,155118.83
CUST103035,2022-10-16,Credit Card,168879.67
CUST103035,2022-10-10,Personal Loan,46433.6
CUST103036,2022-04-17,Auto Loan,168581.51
CUST103036,2021-01-07,Personal Loan,80344.11
CUST103037,2021-06-08,Home Loan,103420.53
CUST103037,2021-11-11,Credit Card,111797.31
CUST103038,2021-11-27,Unsecured Others,61614.57
CUST103038,2022-04-17,Auto Loan,171119.78
CUST103039,2022-01-21,Home Loan,185931.1
CUST103039,2022-11-04,Unsecured Others,187909.77
CUST103040,2022-08-27,Credit Card,103774.64
CUST103041,2021-11-28,Credit Card,27453.77
CUST103041,2022-01-01,Auto Loan,88733.11
CUST103041,2022-05-03,Credit Card,50648.33
CUST103041,2021-04-29,Auto Loan,123530.1
CUST103041,2022-07-15,Auto Loan,142838.88
CUST103042,2022-11-15,Home Loan,23993.75
CUST103042,2021-08-27,Personal Loan,92604.65
CUST103042,2022-03-31,Auto Loan,127683.05
CUST103042,2022-07-04,Home Loan,28837.07
CUST103042,2022-11-26,Auto Loan,131401.29
CUST103042,2021-02-08,Home Loan,117176.98
CUST103042,2022-07-23,Unsecured Others,187068.46
CUST103043,2021-10-14,Credit Card,44889.87
CUST103043,2021-01-07,Auto Loan,47924.02
CUST103043,2021-07-09,Home Loan,86975.3
CUST103043,2022-08-12,Unsecured Others,112105.73
CUST103043,2021-05-18,Unsecured Others,161101.65
CUST103043,2021-07-23,Home Loan,133428.66
CUST103043,2021-01-07,Auto Loan,140349.89
CUST103044,2021-12-03,Personal Loan,165269.09
CUST103044,2022-11-09,Auto Loan,91873.2
CUST103044,2021-09-05,Credit Card,149406.8
CUST103045,2022-02-08,Unsecured Others,17016.46
CUST103045,2022-06-03,Personal Loan,152460.77
CUST103045,2021-03-05,Auto Loan,142050.33
CUST103045,2022-01-12,Auto Loan,113070.72
CUST103045,2021-02-14,Credit Card,80347.84
CUST103045,2021-04-10,Home Loan,116069.62
CUST103046,2022-05-20,Personal Loan,55717.53
CUST103046,2022-03-13,Personal Loan,120242.61
CUST103047,2021-04-05,Unsecured Others,121513.2
CUST103048,2022-09-26,Personal Loan,94929.63
CUST103048,2021-03-10,Credit Card,42613.37
CUST103048,2021-05-13,Unsecured Others,189594.43
CUST103048,2021-12-04,Auto Loan,66294.19
CUST103048,2021-10-30,Personal Loan,23223.11
CUST103049,2022-09-16,Credit Card,183816.67
CUST103049,2021-02-12,Home Loan,50360.67
CUST103050,2022-11-09,Home Loan,59574.94
CUST103050,2022-11-05,Personal Loan,45888.61
CUST103050,2021-08-17,Personal Loan,32581.64
CUST103050,2022-02-21,Credit Card,91354.45
CUST103053,2021-07-13,Personal Loan,148198.6
CUST103053,2021-07-10,Home Loan,184012.81
CUST103053,2022-09-29,Credit Card,166442.37
CUST103054,2022-06-06,Home Loan,18675.21
CUST103054,2021-06-14,Unsecured Others,184134.44
CUST103054,2022-09-15,Unsecured Others,6363.01
CUST103055,2022-05-29,Unsecured Others,109710.8
CUST103055,2022-10-26,Credit Card,56335.08
CUST103055,2021-06-01,Unsecured Others,162923.31
CUST103055,2021-06-29,Auto Loan,51408.92
CUST103055,2021-09-28,Auto Loan,63634.55
CUST103055,2021-12-20,Auto Loan,40975.47
CUST103056,2022-08-11,Unsecured Others,192435.13
CUST103057,2021-06-11,Unsecured Others,126823.0
CUST103057,2022-09-18,Credit Card,180807.76
CUST103057,2022-05-24,Home Loan,54237.69
CUST103058,2022-01-15,Auto Loan,166579.13
CUST103058,2021-06-22,Credit Card,50133.99
CUST103058,2022-03-27,Credit Card,10754.7
CUST103058,2021-07-07,Personal Loan,143363.23
CUST103058,2022-02-14,Home Loan,104867.82
CUST103058,2021-12-01,Unsecured Others,66835.43
CUST103059,2022-10-10,Home Loan,68140.12
CUST103059,2021-03-25,Home Loan,8981.49
CUST103059,2021-09-12,Auto Loan,162838.58
CUST103059,2022-08-29,Credit Card,79562.56
CUST103059,2022-07-09,Credit Card,176427.18
CUST103059,2021-08-17,Unsecured Others,32501.76
CUST103060,2022-09-03,Personal Loan,152324.13
CUST103060,2021-07-18,Auto Loan,6111.84
CUST103061,2022-06-08,Auto Loan,73151.48
CUST103061,2022-05-29,Credit Card,115728.48
CUST103061,2022-01-26,Unsecured Others,166175.91
CUST103061,2021-10-15,Personal Loan,93778.16
CUST103063,2022-02-20,Auto Loan,85662.34
CUST103063,2021-05-28,Home Loan,23683.64
CUST103063,2022-11-11,Personal Loan,67266.3
CUST103063,2022-06-05,Credit Card,57707.44
CUST103063,2021-11-14,Home Loan,160049.02
CUST103063,2022-04-28,Home Loan,18570.18
CUST103063,2021-08-02,Credit Card,35543.45
CUST103064,2021-07-20,Auto Loan,38705.39
CUST103064,2021-04-29,Unsecured Others,173969.31
CUST103064,2021-03-25,Personal Loan,112233.94
CUST103064,2022-12-19,Unsecured Others,115384.61
CUST103064,2022-06-14,Credit Card,9834.72
CUST103065,2021-04-23,Auto Loan,44401.95
CUST103065,2021-05-06,Personal Loan,65228.16
CUST103065,2021-12-07,Home Loan,5663.24
CUST103065,2022-03-28,Personal Loan,75295.05
CUST103066,2021-12-06,Home Loan,27613.96
CUST103066,2022-06-30,Auto Loan,64657.51
CUST103066,2021-05-07,Unsecured Others,38602.48
CUST103066,2022-06-04,Personal Loan,5725.87
CUST103066,2021-03-07,Credit Card,152846.31
CUST103066,2022-06-11,Home Loan,132796.52
CUST103066,2022-04-23,Auto Loan,140443.43
CUST103067,2022-12-31,Credit Card,142219.18
CUST103067,2021-06-10,Personal Loan,136360.97
CUST103067,2022-10-26,Credit Card,22713.31
CUST103067,2022-04-27,Personal Loan,102626.0
CUST103067,2022-11-02,Auto Loan,98567.18
CUST103068,2021-09-15,Auto Loan,15157.35
CUST103068,2021-01-17,Credit Card,69453.12
CUST103068,2021-05-03,Unsecured Others,43553.24
CUST103068,2022-09-29,Unsecured Others,37014.77
CUST103068,2022-06-05,Unsecured Others,125726.8
CUST103069,2021-04-12,Personal Loan,193352.43
CUST103069,2022-12-10,Home Loan,120546.64
CUST103069,2021-10-19,Unsecured Others,132498.97
CUST103069,2021-09-17,Home Loan,88109.64
CUST103069,2021-05-25,Personal Loan,97423.05
CUST103069,2021-12-11,Credit Card,5589.76
CUST103070,2022-11-30,Personal Loan,47916.07
CUST103070,2022-10-27,Home Loan,44247.5
CUST103070,2022-02-04,Home Loan,62017.1
CUST103070,2022-09-18,Home Loan,113346.98
CUST103070,2021-11-26,Credit Card,172409.2
CUST103070,2022-03-10,Auto Loan,196238.45
CUST103070,2021-09-04,Auto Loan,68819.75
CUST103071,2022-12-27,Credit Card,46949.47
CUST103071,2022-06-01,Auto Loan,94958.84
CUST103071,2022-04-10,Credit Card,73181.57
CUST103072,2021-05-19,Credit Card,7583.94
CUST103073,2022-02-20,Auto Loan,137173.14
CUST103073,2021-03-27,Home Loan,169791.14
CUST103073,2022-11-16,Unsecured Others,117232.8
CUST103073,2021-08-29,Credit Card,132406.23
CUST103073,2022-07-18,Unsecured Others,190889.45
CUST103073,2022-09-20,Unsecured Others,131188.27
CUST103073,2022-12-26,Credit Card,109179.82
CUST103074,2022-01-30,Unsecured Others,7139.91
CUST103074,2022-06-11,Home Loan,145995.84
CUST103074,2021-12-26,Credit Card,112857.84
CUST103075,2021-04-19,Auto Loan,115393.89
CUST103075,2022-02-10,Unsecured Others,43929.7
CUST103075,2022-05-05,Personal Loan,35041.52
CUST103075,2021-01-18,Unsecured Others,188428.38
CUST103076,2022-11-19,Unsecured Others,90981.95
CUST103076,2021-08-23,Auto Loan,56740.6
CUST103077,2022-06-08,Personal Loan,57498.02
CUST103077,2022-04-03,Auto Loan,64038.17
CUST103077,2021-02-17,Unsecured Others,112840.0
CUST103077,2022-10-08,Unsecured Others,69868.85
CUST103077,2022-11-28,Unsecured Others,15265.49
CUST103077,2022-01-16,Personal Loan,80277.68
CUST103078,2021-04-30,Credit Card,36083.98
CUST103078,2021-08-25,Credit Card,93780.66
CUST103078,2022-08-23,Home Loan,100297.75
CUST103078,2021-05-26,Credit Card,193073.25
CUST103079,2022-05-16,Personal Loan,199934.3
CUST103079,2022-03-25,Unsecured Others,100582.58
CUST103080,2022-10-29,Credit Card,63864.66
CUST103080,2021-02-05,Home Loan,160659.44
CUST103080,2021-04-19,Credit Card,154433.8
CUST103080,2021-07-26,Auto Loan,105758.23
CUST103080,2021-02-07,Unsecured Others,60307.52
CUST103080,2021-02-23,Unsecured Others,195631.75
CUST103081,2022-02-12,Home Loan,33428.48
CUST103081,2022-05-01,Unsecured Others,48993.12
CUST103081,2023-01-01,Unsecured Others,10776.72
CUST103081,2022-09-25,Home Loan,142624.24
CUST103081,2022-04-27,Personal Loan,159725.91
CUST103081,2021-03-27,Auto Loan,195727.5
CUST103082,2022-10-19,Credit Card,48147.08
CUST103082,2021-04-06,Auto Loan,149544.78
CUST103082,2022-10-14,Auto Loan,54914.82
CUST103082,2022-12-22,Auto Loan,13346.8
CUST103083,2022-08-29,Credit Card,21363.88
CUST103083,2021-06-25,Credit Card,46829.98
CUST103083,2021-12-31,Home Loan,194070.14
CUST103083,2022-08-26,Auto Loan,153765.96
CUST103083,2022-05-12,Home Loan,5229.25
CUST103084,2021-12-07,Unsecured Others,100193.9
CUST103084,2021-07-28,Home Loan,5586.21
CUST103084,2021-03-02,Personal Loan,77183.88
CUST103084,2021-04-24,Unsecured Others,108641.04
CUST103084,2021-02-02,Personal Loan,25438.93
CUST103084,2021-09-22,Personal Loan,57122.63
CUST103084,2021-01-02,Unsecured Others,41077.94
CUST103085,2021-02-01,Home Loan,193744.49
CUST103085,2021-10-02,Personal Loan,136697.77
CUST103085,2022-07-23,Unsecured Others,141377.25
CUST103085,2022-12-13,Unsecured Others,76618.82
CUST103085,2022-01-25,Home Loan,129757.35
CUST103086,2022-02-14,Credit Card,140042.46
CUST103086,2022-03-22,Home Loan,29605.54
CUST103086,2022-09-10,Unsecured Others,160023.66
CUST103086,2021-08-12,Home Loan,181450.49
CUST103088,2021-08-31,Personal Loan,10615.81
CUST103088,2021-07-07,Unsecured Others,6054.4
CUST103088,2022-02-16,Home Loan,132260.09
CUST103088,2022-10-17,Auto Loan,153285.45
CUST103089,2021-11-01,Personal Loan,174489.54
CUST103089,2021-03-19,Unsecured Others,12166.72
CUST103090,2022-04-09,Credit Card,45909.22
CUST103090,2021-10-10,Credit Card,94695.59
CUST103090,2022-11-12,Credit Card,93357.09
CUST103090,2021-02-18,Personal Loan,133298.89
CUST103090,2021-02-15,Auto Loan,132069.5
CUST103091,2022-10-22,Home Loan,107310.42
CUST103091,2021-04-02,Auto Loan,182302.92
CUST103092,2021-07-09,Credit Card,17125.64
CUST103092,2021-07-18,Auto Loan,49321.74
CUST103092,2021-01-29,Personal Loan,149936.86
CUST103092,2022-07-09,Auto Loan,188789.56
CUST103092,2022-03-23,Personal Loan,50272.18
CUST103092,2021-03-19,Auto Loan,62606.3
CUST103092,2021-11-05,Auto Loan,187645.7
CUST103093,2021-02-10,Unsecured Others,17435.07
CUST103094,2022-09-21,Credit Card,192083.49
CUST103094,2022-01-28,Auto Loan,112978.19
CUST103095,2022-03-11,Credit Card,33063.15
CUST103095,2021-03-17,Home Loan,102994.46
CUST103095,2022-11-25,Credit Card,66082.3
CUST103095,2022-08-20,Auto Loan,10504.48
CUST103095,2022-05-29,Personal Loan,190590.43
CUST103096,2021-12-10,Personal Loan,137304.94
CUST103096,2021-08-27,Unsecured Others,40890.96
CUST103096,2021-03-30,Home Loan,171407.97
CUST103096,2021-06-22,Credit Card,62218.26
CUST103096,2022-06-23,Home Loan,133798.57
CUST103097,2021-03-24,Unsecured Others,158856.35
CUST103097,2021-10-18,Auto Loan,114080.23
CUST103097,2022-07-18,Home Loan,95492.4
CUST103097,2021-01-18,Credit Card,129314.05
CUST103098,2021-09-22,Home Loan,114065.35
CUST103098,2021-10-11,Credit Card,87986.17
CUST103098,2021-02-14,Unsecured Others,149342.52
CUST103098,2021-01-05,Credit Card,6475.42
CUST103098,2022-10-09,Personal Loan,165044.18
CUST103099,2021-08-07,Personal Loan,39919.23
CUST103099,2022-07-08,Home Loan,16029.7
CUST103099,2022-10-19,Home Loan,186588.13
CUST103099,2021-06-29,Unsecured Others,134143.54
CUST103099,2022-01-23,Home Loan,193749.6
CUST103099,2022-04-15,Unsecured Others,175850.53
CUST103099,2022-03-08,Auto Loan,76119.76
CUST103100,2021-08-24,Unsecured Others,33922.47
CUST103100,2022-12-22,Auto Loan,54525.44
CUST103100,2021-07-26,Unsecured Others,37670.31
CUST103100,2021-06-04,Auto Loan,176782.15
CUST103101,2021-10-10,Auto Loan,176769.73
CUST103101,2021-04-17,Credit Card,147252.16
CUST103101,2022-02-09,Credit Card,16671.95
CUST103101,2022-03-14,Unsecured Others,111564.15
CUST103101,2021-11-27,Credit Card,109453.01
CUST103101,2021-08-06,Credit Card,37869.78
CUST103101,2021-01-05,Home Loan,47084.82
CUST103102,2021-10-25,Unsecured Others,174721.3
CUST103102,2021-01-04,Unsecured Others,10314.24
CUST103103,2021-06-25,Auto Loan,198327.07
CUST103103,2021-11-05,Credit Card,117393.42
CUST103103,2022-07-19,Unsecured Others,126465.23
CUST103103,2022-08-18,Auto Loan,55988.08
CUST103104,2021-04-30,Home Loan,15682.88
CUST103104,2021-06-22,Home Loan,163959.04
CUST103105,2022-10-13,Auto Loan,119820.42
CUST103105,2021-06-04,Unsecured Others,51747.96
CUST103106,2022-11-13,Auto Loan,154327.82
CUST103106,2021-05-18,Home Loan,151673.28
CUST103106,2021-06-25,Unsecured Others,30281.43
CUST103107,2021-08-20,Credit Card,56380.79
CUST103107,2021-09-05,Auto Loan,140416.93
CUST103107,2021-08-26,Home Loan,165922.8
CUST103108,2022-03-20,Unsecured Others,119421.01
CUST103108,2021-10-13,Personal Loan,9348.48
CUST103108,2021-03-30,Auto Loan,140458.89
CUST103108,2022-06-25,Personal Loan,108318.64
CUST103108,2022-11-06,Credit Card,28863.31
CUST103109,2022-04-12,Auto Loan,5592.38
CUST103109,2022-11-02,Credit Card,142810.27
CUST103110,2021-04-15,Home Loan,165816.19
CUST103111,2021-02-22,Home Loan,8460.53
CUST103111,2022-06-26,Unsecured Others,44776.88
CUST103112,2021-10-16,Home Loan,165896.89
CUST103112,2021-10-27,Unsecured Others,69919.3
CUST103112,2021-05-22,Personal Loan,145954.54
CUST103113,2022-09-20,Unsecured Others,197758.2
CUST103113,2021-09-08,Credit Card,88519.78
CUST103114,2022-08-03,Auto Loan,182191.08
CUST103114,2021-07-08,Personal Loan,158761.29
CUST103114,2022-04-22,Credit Card,67964.96
CUST103114,2022-06-25,Unsecured Others,97069.99
CUST103114,2022-08-22,Auto Loan,35854.44
CUST103115,2021-02-06,Personal Loan,197320.96
CUST103115,2021-02-27,Personal Loan,62023.09
CUST103115,2022-10-23,Unsecured Others,137410.84
CUST103116,2021-04-29,Credit Card,114218.52
CUST103116,2021-04-07,Auto Loan,148868.17
CUST103117,2022-07-23,Auto Loan,5356.73
CUST103117,2021-11-15,Personal Loan,169988.9
CUST103117,2021-08-24,Credit Card,113561.94
CUST103117,2022-12-31,Credit Card,13948.64
CUST103117,2022-05-15,Auto Loan,94252.37
CUST103117,2023-01-01,Auto Loan,175870.38
CUST103117,2022-12-04,Unsecured Others,144254.53
CUST103118,2021-10-19,Home Loan,56293.84
CUST103118,2021-10-30,Unsecured Others,132367.45
CUST103118,2022-07-11,Home Loan,75054.86
CUST103118,2021-04-12,Credit Card,127572.92
CUST103120,2021-05-25,Unsecured Others,133410.65
CUST103121,2022-04-13,Credit Card,155456.58
CUST103122,2021-12-28,Auto Loan,169209.63
CUST103122,2021-11-12,Unsecured Others,137776.71
CUST103123,2022-12-03,Home Loan,137187.69
CUST103123,2022-07-10,Credit Card,67996.42
CUST103123,2021-09-08,Credit Card,177720.24
CUST103124,2022-03-01,Auto Loan,145941.3
CUST103124,2021-07-20,Personal Loan,194503.28
CUST103124,2021-04-29,Unsecured Others,102529.09
CUST103124,2021-10-17,Home Loan,45395.43
CUST103124,2021-01-11,Unsecured Others,163520.37
CUST103124,2022-03-24,Unsecured Others,102547.29
CUST103125,2021-07-27,Auto Loan,42266.01
CUST103125,2022-08-03,Home Loan,113794.61
CUST103125,2022-10-01,Unsecured Others,86127.98
CUST103125,2021-01-05,Unsecured Others,23048.7
CUST103125,2021-12-23,Auto Loan,67353.32
CUST103125,2022-09-12,Personal Loan,100439.59
CUST103126,2022-04-17,Auto Loan,80612.87
CUST103126,2022-07-01,Home Loan,109653.6
CUST103126,2022-03-02,Unsecured Others,83467.49
CUST103127,2021-01-26,Home Loan,153218.94
CUST103127,2021-09-09,Auto Loan,150558.01
CUST103127,2022-09-20,Credit Card,44997.94
CUST103127,2022-07-10,Auto Loan,129078.6
CUST103128,2021-07-20,Auto Loan,191494.46
CUST103128,2022-02-18,Auto Loan,109168.98
CUST103128,2022-03-04,Personal Loan,32154.95
CUST103128,2021-03-11,Home Loan,182220.62
CUST103129,2022-10-10,Home Loan,60710.43
CUST103129,2021-09-16,Personal Loan,143170.65
CUST103129,2022-09-10,Home Loan,133985.45
CUST103131,2022-12-29,Auto Loan,61344.02
CUST103131,2021-02-17,Unsecured Others,111018.03
CUST103131,2022-05-27,Personal Loan,162528.76
CUST103131,2022-08-24,Auto Loan,96281.68
CUST103131,2021-02-15,Auto Loan,179633.85
CUST103131,2021-08-16,Credit Card,93758.93
CUST103131,2021-02-05,Unsecured Others,160065.12
CUST103132,2022-05-24,Home Loan,158555.19
CUST103132,2022-06-28,Credit Card,158119.77
CUST103132,2022-05-31,Home Loan,22320.92
CUST103132,2021-06-02,Credit Card,70232.86
CUST103133,2022-03-08,Personal Loan,35589.52
CUST103133,2021-12-26,Auto Loan,182277.76
CUST103133,2021-12-13,Unsecured Others,106488.33
CUST103133,2021-07-04,Home Loan,195712.97
CUST103134,2021-05-14,Unsecured Others,165758.29
CUST103134,2021-10-08,Home Loan,66485.91
CUST103134,2021-11-18,Unsecured Others,22151.52
CUST103135,2021-01-23,Personal Loan,18324.33
CUST103135,2022-04-27,Auto Loan,164394.9
CUST103136,2022-09-17,Credit Card,153458.62
CUST103136,2021-11-12,Auto Loan,127427.2
CUST103136,2022-06-19,Unsecured Others,68415.66
CUST103136,2021-09-15,Home Loan,115377.83
CUST103137,2022-11-28,Unsecured Others,12160.76
CUST103137,2022-11-04,Auto Loan,107072.84
CUST103137,2021-06-11,Credit Card,63101.04
CUST103138,2022-06-04,Unsecured Others,32128.71
CUST103138,2021-01-06,Home Loan,30220.68
CUST103138,2021-07-18,Credit Card,152275.29
CUST103138,2021-03-08,Personal Loan,55381.43
CUST103138,2022-02-01,Personal Loan,38070.48
CUST103138,2022-07-08,Unsecured Others,115281.92
CUST103139,2022-02-25,Credit Card,133617.23
CUST103139,2022-09-14,Unsecured Others,76393.41
CUST103140,2021-04-02,Credit Card,27561.62
CUST103141,2022-02-03,Personal Loan,95300.38
CUST103142,2022-11-14,Unsecured Others,57289.27
CUST103142,2022-12-28,Auto Loan,184461.9
CUST103143,2022-08-16,Home Loan,5006.06
CUST103143,2022-08-19,Unsecured Others,197508.42
CUST103143,2022-10-07,Unsecured Others,59314.0
CUST103143,2022-02-03,Personal Loan,135247.51
CUST103143,2022-03-08,Auto Loan,123826.53
CUST103143,2021-03-21,Credit Card,88352.85
CUST103143,2021-08-11,Home Loan,87211.03
CUST103144,2021-06-13,Personal Loan,157376.08
CUST103144,2022-09-20,Auto Loan,120775.74
CUST103144,2021-09-10,Home Loan,78088.84
CUST103144,2021-10-04,Credit Card,51926.96
CUST103146,2021-05-09,Personal Loan,100897.51
CUST103146,2021-03-19,Auto Loan,143317.49
CUST103146,2022-08-23,Auto Loan,129294.89
CUST103146,2021-08-29,Personal Loan,190596.84
CUST103147,2022-01-04,Home Loan,157814.84
CUST103147,2021-03-29,Auto Loan,154544.87
CUST103147,2022-08-26,Unsecured Others,87320.62
CUST103147,2022-08-01,Credit Card,83990.57
CUST103147,2021-03-12,Personal Loan,148746.12
CUST103147,2022-02-27,Personal Loan,149971.02
CUST103147,2022-08-04,Unsecured Others,140928.45
CUST103148,2022-10-04,Unsecured Others,120441.29
CUST103148,2021-07-02,Auto Loan,78310.8
CUST103148,2021-07-27,Personal Loan,27048.93
CUST103148,2021-06-22,Home Loan,104747.82
CUST103148,2021-01-29,Personal Loan,130859.75
CUST103148,2022-08-29,Personal Loan,191116.67
CUST103148,2021-10-10,Unsecured Others,191482.34
CUST103149,2022-05-03,Unsecured Others,96600.97
CUST103149,2021-03-11,Personal Loan,67275.83
CUST103149,2021-04-05,Auto Loan,145481.52
CUST103149,2022-09-24,Unsecured Others,165957.25
CUST103150,2022-09-18,Home Loan,124197.33
CUST103150,2021-04-05,Unsecured Others,8674.75
CUST103151,2022-03-29,Home Loan,190277.28
CUST103151,2021-08-10,Auto Loan,181999.15
CUST103151,2021-07-25,Home Loan,189733.91
CUST103151,2022-01-08,Credit Card,183360.51
CUST103151,2021-05-29,Personal Loan,17352.82
CUST103152,2021-12-04,Unsecured Others,155875.73
CUST103152,2021-06-05,Auto Loan,115982.08
CUST103153,2021-06-28,Personal Loan,27410.27
CUST103153,2021-03-23,Credit Card,10227.01
CUST103153,2021-04-30,Auto Loan,18398.02
CUST103153,2021-12-15,Personal Loan,70937.31
CUST103153,2022-02-27,Unsecured Others,36672.56
CUST103153,2021-05-04,Credit Card,171593.29
CUST103153,2021-03-18,Personal Loan,49427.62
CUST103154,2022-04-20,Auto Loan,135477.93
CUST103155,2021-01-16,Personal Loan,35967.74
CUST103155,2021-06-19,Home Loan,189156.92
CUST103155,2021-09-24,Home Loan,174562.88
CUST103155,2022-11-23,Auto Loan,23453.83
CUST103155,2022-08-07,Auto Loan,65370.61
CUST103155,2021-02-10,Personal Loan,22961.53
CUST103155,2022-08-21,Unsecured Others,135549.0
CUST103156,2021-03-18,Unsecured Others,128198.69
CUST103156,2021-03-22,Credit Card,139106.61
CUST103157,2022-06-19,Auto Loan,134073.13
CUST103157,2021-08-03,Credit Card,73805.29
CUST103157,2021-06-05,Auto Loan,54818.73
CUST103158,2022-12-27,Credit Card,188689.61
CUST103158,2021-04-30,Home Loan,196428.17
CUST103158,2021-07-01,Personal Loan,54534.34
CUST103160,2021-05-16,Unsecured Others,82116.83
CUST103160,2021-06-04,Home Loan,82583.09
CUST103160,2022-03-17,Credit Card,86756.02
CUST103160,2022-08-01,Auto Loan,34769.63
CUST103160,2022-08-05,Unsecured Others,34377.39
CUST103160,2022-12-21,Auto Loan,133259.72
CUST103161,2021-09-12,Personal Loan,115641.11
CUST103161,2021-09-19,Credit Card,80163.99
CUST103161,2022-01-18,Credit Card,15369.09
CUST103161,2022-04-17,Credit Card,199056.05
CUST103163,2022-05-08,Personal Loan,171939.02
CUST103163,2021-12-04,Auto Loan,30615.26
CUST103163,2022-12-28,Unsecured Others,176485.89
CUST103163,2022-04-29,Auto Loan,18446.02
CUST103164,2021-04-28,Home Loan,51727.88
CUST103164,2021-01-16,Credit Card,22482.87
CUST103164,2022-07-03,Credit Card,34407.88
CUST103165,2022-02-05,Credit Card,76478.83
CUST103166,2021-09-04,Unsecured Others,101542.74
CUST103166,2021-10-02,Home Loan,8727.08
CUST103166,2022-06-02,Credit Card,127720.35
CUST103166,2022-07-14,Credit Card,69081.31
CUST103167,2021-11-20,Personal Loan,175132.36
CUST103168,2022-09-01,Credit Card,117784.43
CUST103168,2021-08-29,Unsecured Others,139466.78
CUST103168,2022-07-03,Unsecured Others,42493.11
CUST103168,2021-03-28,Personal Loan,159734.84
CUST103168,2021-02-20,Auto Loan,165189.39
CUST103168,2022-01-20,Personal Loan,77768.54
CUST103168,2021-04-15,Credit Card,92177.91
CUST103169,2021-07-12,Personal Loan,39169.02
CUST103169,2021-11-27,Credit Card,121175.01
CUST103169,2021-07-25,Home Loan,171192.13
CUST103170,2022-05-06,Auto Loan,14311.62
CUST103170,2021-03-17,Unsecured Others,112717.96
CUST103170,2021-11-09,Home Loan,24694.37
CUST103170,2021-07-16,Credit Card,193040.69
CUST103170,2021-01-04,Auto Loan,121881.57
CUST103171,2021-02-13,Home Loan,194615.36
CUST103172,2021-08-18,Auto Loan,102492.45
CUST103172,2021-04-23,Auto Loan,119621.84
CUST103172,2021-03-28,Personal Loan,26492.72
CUST103172,2021-05-16,Home Loan,138821.74
CUST103172,2021-08-08,Unsecured Others,99766.38
CUST103173,2021-02-27,Auto Loan,58386.07
CUST103173,2021-07-08,Personal Loan,62457.14
CUST103173,2021-07-16,Personal Loan,194217.26
CUST103173,2021-09-02,Credit Card,85404.48
CUST103173,2022-08-05,Personal Loan,75745.37
CUST103174,2021-03-19,Credit Card,49952.64
CUST103174,2021-02-20,Auto Loan,22206.56
CUST103174,2021-10-24,Personal Loan,16013.5
CUST103174,2021-08-04,Home Loan,60484.93
CUST103174,2021-08-11,Credit Card,150468.13
CUST103176,2022-05-10,Home Loan,197433.69
CUST103176,2021-09-07,Auto Loan,100449.26
CUST103176,2022-04-11,Home Loan,19899.17
CUST103176,2022-11-01,Unsecured Others,161729.85
CUST103176,2021-12-18,Home Loan,96030.62
CUST103176,2022-12-02,Auto Loan,189356.05
CUST103176,2021-11-24,Unsecured Others,146828.24
CUST103178,2022-05-10,Credit Card,39858.11
CUST103178,2022-06-29,Unsecured Others,20334.55
CUST103178,2022-06-12,Unsecured Others,163626.81
CUST103178,2022-08-30,Credit Card,146183.08
CUST103178,2022-06-26,Credit Card,140648.23
CUST103178,2021-03-29,Auto Loan,167108.81
CUST103178,2021-09-19,Personal Loan,164326.77
CUST103179,2021-10-10,Unsecured Others,26892.47
CUST103180,2021-05-26,Personal Loan,67994.34
CUST103180,2021-03-10,Home Loan,169697.13
CUST103180,2021-06-17,Personal Loan,82965.0
CUST103180,2022-03-28,Personal Loan,153667.47
CUST103180,2021-11-26,Unsecured Others,116847.45
CUST103180,2021-08-25,Home Loan,65666.13
CUST103180,2022-01-30,Home Loan,145820.05
CUST103181,2022-03-12,Unsecured Others,158610.11
CUST103181,2021-02-22,Personal Loan,158715.46
CUST103181,2021-02-21,Auto Loan,70046.95
CUST103182,2022-10-30,Home Loan,72175.42
CUST103182,2022-02-08,Auto Loan,187948.45
CUST103182,2022-06-19,Auto Loan,153876.56
CUST103182,2022-03-30,Unsecured Others,34104.87
CUST103182,2021-12-07,Auto Loan,89596.41
CUST103183,2022-06-06,Home Loan,117325.13
CUST103183,2022-03-30,Auto Loan,159680.87
CUST103183,2022-09-21,Auto Loan,36022.98
CUST103186,2021-11-06,Unsecured Others,118715.52
CUST103186,2022-05-15,Auto Loan,191499.5
CUST103186,2022-08-11,Home Loan,195824.71
CUST103186,2021-10-02,Personal Loan,56977.63
CUST103187,2022-05-01,Credit Card,20659.9
CUST103189,2022-05-18,Home Loan,11889.24
CUST103189,2021-09-13,Unsecured Others,143452.43
CUST103189,2021-05-17,Auto Loan,90124.92
CUST103189,2022-09-03,Home Loan,62360.34
CUST103189,2021-11-01,Unsecured Others,187805.05
CUST103190,2021-04-06,Auto Loan,14880.98
CUST103190,2022-08-26,Unsecured Others,69830.67
CUST103191,2021-09-07,Home Loan,72732.89
CUST103191,2022-08-18,Credit Card,38772.6
CUST103191,2022-01-25,Credit Card,98007.01
CUST103191,2022-07-04,Unsecured Others,172101.73
CUST103191,2022-10-22,Auto Loan,54465.41
CUST103191,2022-05-31,Unsecured Others,31279.25
CUST103192,2021-05-04,Unsecured Others,145996.39
CUST103192,2021-07-29,Auto Loan,147632.03
CUST103193,2021-07-02,Credit Card,123759.74
CUST103193,2021-01-30,Credit Card,79803.16
CUST103193,2021-10-11,Auto Loan,30170.98
CUST103195,2021-01-03,Personal Loan,101141.06
CUST103195,2022-04-11,Personal Loan,188240.47
CUST103195,2021-12-05,Unsecured Others,62699.29
CUST103195,2021-05-20,Unsecured Others,78969.97
CUST103195,2021-05-03,Credit Card,81375.57
CUST103195,2021-10-08,Credit Card,16510.91
CUST103195,2021-01-23,Unsecured Others,37518.37
CUST103196,2022-02-06,Credit Card,105966.49
CUST103196,2022-10-30,Personal Loan,92987.64
CUST103196,2021-12-29,Credit Card,169931.46
CUST103196,2021-10-26,Unsecured Others,92268.06
CUST103196,2022-04-05,Unsecured Others,79950.8
CUST103197,2021-09-20,Personal Loan,139903.18
CUST103197,2022-11-06,Personal Loan,48678.62
CUST103197,2021-05-19,Unsecured Others,197926.42
CUST103198,2021-09-09,Auto Loan,101218.04
CUST103198,2021-08-06,Home Loan,48169.84
CUST103198,2021-04-29,Auto Loan,160589.04
CUST103200,2022-06-25,Personal Loan,181534.91
CUST103200,2022-06-05,Unsecured Others,56608.92
CUST103200,2022-01-04,Auto Loan,10135.26
CUST103200,2022-03-19,Unsecured Others,124554.58
CUST103200,2021-02-28,Personal Loan,37393.05
CUST103200,2022-03-29,Credit Card,181253.34
CUST103200,2022-08-25,Auto Loan,26517.02
CUST103201,2022-09-22,Unsecured Others,197834.78
CUST103201,2022-08-26,Home Loan,156576.15
CUST103201,2021-09-12,Unsecured Others,69617.0
CUST103201,2022-09-26,Unsecured Others,27461.66
CUST103201,2022-08-16,Home Loan,95801.27
CUST103201,2022-11-29,Credit Card,9964.11
CUST103202,2021-06-06,Auto Loan,162261.17
CUST103203,2022-05-07,Personal Loan,145945.92
CUST103203,2022-02-20,Credit Card,140124.88
CUST103204,2021-11-01,Credit Card,7973.69
CUST103204,2021-08-07,Personal Loan,150187.18
CUST103204,2022-01-15,Auto Loan,174349.92
CUST103205,2022-04-15,Auto Loan,40463.74
CUST103205,2022-09-08,Personal Loan,171530.54
CUST103205,2022-01-22,Auto Loan,42814.71
CUST103206,2021-07-01,Credit Card,61827.32
CUST103206,2021-10-07,Home Loan,187749.2
CUST103206,2022-03-19,Home Loan,107813.09
CUST103206,2021-01-17,Unsecured Others,99943.02
CUST103207,2021-05-07,Credit Card,128838.68
CUST103207,2021-01-06,Unsecured Others,57996.43
CUST103207,2021-07-23,Unsecured Others,163042.94
CUST103207,2022-10-20,Auto Loan,184751.53
CUST103208,2022-08-08,Home Loan,68018.57
CUST103208,2022-12-01,Home Loan,108633.73
CUST103208,2022-06-10,Auto Loan,175792.87
CUST103209,2021-10-26,Auto Loan,160112.86
CUST103209,2022-08-06,Unsecured Others,15801.68
CUST103209,2022-12-23,Credit Card,93612.99
CUST103209,2021-01-04,Personal Loan,180613.57
CUST103211,2021-08-09,Credit Card,18402.69
CUST103211,2021-02-25,Home Loan,42745.12
CUST103211,2021-01-08,Home Loan,146672.54
CUST103211,2021-11-08,Personal Loan,133755.78
CUST103213,2021-06-09,Auto Loan,143698.4
CUST103213,2021-08-31,Auto Loan,179755.12
CUST103213,2022-06-07,Credit Card,106167.56
CUST103213,2021-10-13,Credit Card,196394.52
CUST103213,2021-12-10,Home Loan,127069.8
CUST103213,2021-12-18,Credit Card,70340.29
CUST103213,2022-08-28,Home Loan,110343.96
CUST103214,2022-11-24,Unsecured Others,138719.47
CUST103214,2022-12-15,Unsecured Others,60435.02
CUST103214,2022-12-19,Auto Loan,181346.75
CUST103214,2021-07-22,Home Loan,103360.08
CUST103214,2021-07-28,Credit Card,83484.48
CUST103215,2021-04-10,Personal Loan,24786.9
CUST103215,2021-02-25,Personal Loan,102347.37
CUST103216,2022-09-06,Personal Loan,123867.85
CUST103216,2021-06-27,Auto Loan,189901.14
CUST103217,2021-02-17,Unsecured Others,23469.54
CUST103217,2022-01-26,Home Loan,108449.33
CUST103217,2021-01-19,Auto Loan,163167.98
CUST103217,2022-04-27,Home Loan,107631.39
CUST103218,2021-10-11,Auto Loan,50243.59
CUST103218,2021-03-13,Auto Loan,45622.41
CUST103219,2022-05-31,Personal Loan,69689.94
CUST103219,2021-05-11,Credit Card,23188.03
CUST103219,2021-09-12,Home Loan,91632.63
CUST103220,2022-09-24,Unsecured Others,119432.33
CUST103220,2022-05-30,Unsecured Others,157268.6
CUST103220,2021-12-13,Unsecured Others,101993.81
CUST103220,2021-12-08,Personal Loan,181001.08
CUST103220,2021-11-28,Home Loan,139779.54
CUST103221,2022-10-05,Credit Card,189968.37
CUST103221,2021-06-05,Home Loan,102029.45
CUST103221,2022-11-24,Unsecured Others,96982.84
CUST103221,2022-10-19,Home Loan,154927.66
CUST103221,2021-07-18,Auto Loan,123188.96
CUST103221,2022-09-07,Credit Card,61626.14
CUST103221,2021-03-30,Personal Loan,199425.73
CUST103222,2021-10-20,Auto Loan,90266.74
CUST103222,2022-01-16,Personal Loan,164278.37
CUST103222,2022-11-22,Credit Card,58430.98
CUST103222,2022-11-16,Credit Card,40994.91
CUST103223,2022-10-15,Auto Loan,199818.16
CUST103223,2021-04-24,Credit Card,97737.92
CUST103223,2021-10-19,Credit Card,107196.05
CUST103223,2022-04-07,Unsecured Others,168516.63
CUST103223,2021-11-17,Personal Loan,44027.96
CUST103223,2021-10-02,Unsecured Others,136611.75
CUST103224,2021-10-20,Unsecured Others,63863.49
CUST103224,2022-02-24,Personal Loan,54090.38
CUST103225,2022-01-10,Credit Card,63167.04
CUST103225,2021-09-04,Auto Loan,28474.22
CUST103225,2021-03-03,Personal Loan,52330.15
CUST103226,2022-02-04,Credit Card,65323.21
CUST103226,2021-03-12,Unsecured Others,24118.93
CUST103226,2022-02-27,Personal Loan,17582.4
CUST103226,2021-02-12,Credit Card,198306.63
CUST103226,2021-08-09,Personal Loan,180158.47
CUST103227,2021-09-10,Auto Loan,9509.07
CUST103227,2021-03-15,Home Loan,88502.37
CUST103227,2021-11-12,Home Loan,75678.85
CUST103227,2022-03-11,Unsecured Others,77832.75
CUST103228,2022-01-06,Personal Loan,91734.35
CUST103228,2021-05-22,Auto Loan,131262.48
CUST103228,2021-04-25,Unsecured Others,123093.67
CUST103228,2021-06-21,Home Loan,102317.92
CUST103228,2022-09-08,Home Loan,177136.03
CUST103228,2021-08-01,Credit Card,146310.8
CUST103229,2021-09-24,Unsecured Others,48978.58
CUST103229,2022-05-28,Auto Loan,114362.99
CUST103229,2021-04-01,Credit Card,37407.23
CUST103229,2022-07-18,Home Loan,62317.49
CUST103230,2021-06-30,Personal Loan,172301.59
CUST103230,2021-11-11,Auto Loan,132946.64
CUST103230,2021-04-29,Personal Loan,37349.42
CUST103230,2021-10-25,Unsecured Others,179964.19
CUST103230,2021-12-03,Unsecured Others,20840.98
CUST103231,2021-04-24,Credit Card,70170.06
CUST103231,2021-02-14,Unsecured Others,54105.31
CUST103231,2022-05-18,Credit Card,95727.73
CUST103231,2022-07-31,Credit Card,191329.79
CUST103232,2022-06-15,Personal Loan,26965.34
CUST103233,2021-03-01,Auto Loan,81171.91
CUST103233,2021-07-27,Home Loan,192943.36
CUST103233,2021-01-14,Auto Loan,173637.73
CUST103233,2022-09-05,Credit Card,161698.0
CUST103233,2021-05-09,Credit Card,191436.43
CUST103233,2022-12-21,Personal Loan,69196.95
CUST103234,2022-12-03,Unsecured Others,19113.8
CUST103234,2021-08-27,Personal Loan,143311.77
CUST103234,2022-10-01,Credit Card,130903.49
CUST103234,2021-08-17,Auto Loan,105231.0
CUST103235,2022-03-18,Credit Card,191343.19
CUST103235,2022-03-31,Home Loan,18429.37
CUST103235,2022-03-27,Home Loan,197507.14
CUST103235,2021-08-25,Home Loan,40894.38
CUST103235,2022-02-15,Unsecured Others,110593.95
CUST103235,2022-11-29,Credit Card,144447.82
CUST103236,2021-08-07,Home Loan,66301.72
CUST103236,2021-09-04,Home Loan,142099.85
CUST103236,2021-12-05,Auto Loan,144844.58
CUST103238,2022-07-11,Personal Loan,101249.23
CUST103238,2021-04-03,Home Loan,197896.31
CUST103238,2021-04-19,Unsecured Others,152694.33
CUST103238,2021-03-01,Personal Loan,110315.96
CUST103239,2021-03-13,Credit Card,42695.04
CUST103239,2022-06-19,Personal Loan,129569.51
CUST103239,2021-11-03,Auto Loan,16788.87
CUST103239,2021-08-04,Personal Loan,100587.53
CUST103239,2021-06-13,Credit Card,144649.32
CUST103239,2021-12-10,Credit Card,189232.43
CUST103239,2022-04-15,Home Loan,185854.12
CUST103240,2022-12-04,Auto Loan,155439.15
CUST103240,2021-02-26,Auto Loan,113524.15
CUST103240,2021-06-01,Auto Loan,50012.33
CUST103240,2021-12-05,Unsecured Others,168564.74
CUST103240,2022-08-07,Credit Card,112383.96
CUST103240,2021-11-05,Auto Loan,5166.06
CUST103241,2021-06-19,Auto Loan,114779.36
CUST103241,2021-06-26,Home Loan,121564.97
CUST103241,2021-12-31,Home Loan,182736.17
CUST103241,2021-05-25,Credit Card,109219.11
CUST103241,2021-03-24,Auto Loan,48093.01
CUST103241,2021-01-13,Auto Loan,147071.18
CUST103242,2022-09-06,Credit Card,171865.34
CUST103242,2022-11-24,Personal Loan,198786.01
CUST103243,2022-07-07,Auto Loan,187860.94
CUST103243,2022-04-20,Home Loan,132219.06
CUST103243,2021-07-01,Auto Loan,126998.93
CUST103243,2022-07-07,Auto Loan,36562.21
CUST103243,2021-06-12,Home Loan,187516.13
CUST103243,2021-08-08,Auto Loan,138591.52
CUST103243,2022-03-29,Unsecured Others,65078.68
CUST103244,2021-10-08,Home Loan,73131.88
CUST103244,2022-05-08,Auto Loan,177253.8
CUST103244,2022-01-20,Auto Loan,167760.79
CUST103244,2022-05-06,Credit Card,132195.65
CUST103245,2022-02-14,Home Loan,51097.78
CUST103245,2021-11-19,Personal Loan,27691.03
CUST103245,2022-01-26,Home Loan,155367.17
CUST103245,2022-11-12,Home Loan,77559.61
CUST103245,2021-01-30,Home Loan,102107.13
CUST103245,2022-04-14,Home Loan,198578.01
CUST103246,2021-03-22,Auto Loan,128390.06
CUST103246,2022-01-07,Home Loan,47225.48
CUST103246,2021-04-27,Personal Loan,178719.94
CUST103246,2021-09-11,Credit Card,26738.18
CUST103246,2021-03-18,Credit Card,150583.28
CUST103247,2022-09-03,Home Loan,104200.1
CUST103247,2021-03-31,Home Loan,7809.48
CUST103247,2021-04-14,Auto Loan,147499.92
CUST103248,2022-04-23,Credit Card,81658.31
CUST103249,2021-02-26,Credit Card,126213.07
CUST103249,2022-02-18,Auto Loan,26349.2
CUST103249,2022-05-25,Credit Card,65582.36
CUST103249,2022-08-22,Credit Card,119785.73
CUST103249,2022-08-16,Unsecured Others,145836.51
CUST103249,2021-04-24,Credit Card,92346.53
CUST103250,2022-12-06,Home Loan,83533.5
CUST103250,2021-06-20,Personal Loan,32301.41
CUST103251,2022-11-11,Auto Loan,182961.76
CUST103251,2022-10-20,Credit Card,22889.93
CUST103251,2021-02-26,Credit Card,170101.46
CUST103251,2022-12-26,Home Loan,23420.71
CUST103252,2022-04-12,Personal Loan,75893.95
CUST103252,2021-09-01,Credit Card,92862.31
CUST103252,2022-12-30,Unsecured Others,179636.52
CUST103252,2021-09-09,Auto Loan,189918.78
CUST103254,2021-10-31,Auto Loan,188545.68
CUST103254,2021-03-04,Home Loan,141867.32
CUST103254,2021-09-23,Auto Loan,61241.72
CUST103254,2021-05-04,Credit Card,25871.65
CUST103254,2022-05-27,Auto Loan,199058.33
CUST103257,2021-12-03,Home Loan,111546.86
CUST103257,2021-12-31,Home Loan,148362.94
CUST103257,2022-06-09,Personal Loan,174664.47
CUST103257,2022-01-09,Personal Loan,157726.75
CUST103257,2021-01-28,Credit Card,68433.26
CUST103257,2022-08-05,Home Loan,177635.07
CUST103257,2021-05-09,Auto Loan,17234.56
CUST103258,2022-08-29,Auto Loan,159329.32
CUST103258,2021-04-17,Home Loan,15987.35
CUST103258,2021-07-26,Auto Loan,148137.66
CUST103258,2022-11-26,Unsecured Others,97158.1
CUST103260,2021-10-14,Personal Loan,168826.68
CUST103260,2021-09-09,Credit Card,32702.21
CUST103260,2021-12-31,Personal Loan,76012.5
CUST103260,2022-10-03,Personal Loan,195819.7
CUST103261,2022-09-23,Credit Card,14750.34
CUST103261,2021-11-20,Personal Loan,14940.23
CUST103261,2022-08-08,Auto Loan,79019.51
CUST103261,2022-01-25,Unsecured Others,65396.62
CUST103261,2021-11-03,Credit Card,28239.22
CUST103261,2021-10-15,Home Loan,148407.66
CUST103261,2021-02-10,Auto Loan,33535.01
CUST103262,2022-05-28,Credit Card,73484.04
CUST103262,2022-09-08,Credit Card,55639.18
CUST103262,2021-08-26,Credit Card,159991.83
CUST103262,2022-01-05,Credit Card,142322.74
CUST103263,2021-11-30,Personal Loan,68968.23
CUST103263,2021-07-06,Personal Loan,191736.65
CUST103263,2022-07-12,Personal Loan,93775.91
CUST103263,2021-08-11,Personal Loan,60409.69
CUST103263,2021-10-25,Home Loan,185944.07
CUST103264,2021-11-08,Credit Card,188388.6
CUST103264,2021-04-25,Auto Loan,180897.52
CUST103264,2022-02-17,Unsecured Others,56967.57
CUST103265,2022-08-02,Home Loan,131567.09
CUST103265,2021-12-15,Unsecured Others,62090.36
CUST103265,2021-10-07,Auto Loan,104632.62
CUST103265,2022-01-09,Unsecured Others,46133.58
CUST103266,2021-10-28,Home Loan,95619.42
CUST103266,2021-02-06,Unsecured Others,112198.14
CUST103267,2021-10-08,Personal Loan,130491.85
CUST103268,2022-08-22,Unsecured Others,24305.88
CUST103268,2021-08-30,Auto Loan,27574.98
CUST103268,2022-09-06,Credit Card,120706.63
CUST103269,2022-01-10,Unsecured Others,189627.36
CUST103269,2022-11-10,Unsecured Others,101017.95
CUST103269,2021-03-28,Home Loan,51633.01
CUST103269,2022-06-20,Home Loan,44546.08
CUST103269,2021-07-10,Unsecured Others,119287.17
CUST103269,2021-05-02,Home Loan,28732.01
CUST103269,2022-05-16,Auto Loan,70354.42
CUST103270,2021-07-28,Personal Loan,38971.58
CUST103271,2022-01-13,Home Loan,125415.57
CUST103272,2021-09-18,Credit Card,102028.41
CUST103272,2022-09-11,Unsecured Others,39848.86
CUST103272,2021-02-15,Home Loan,89769.15
CUST103272,2021-09-08,Credit Card,168167.64
CUST103272,2022-06-10,Credit Card,61207.73
CUST103272,2022-02-26,Credit Card,138823.56
CUST103272,2021-11-10,Unsecured Others,156611.17
CUST103273,2022-03-20,Unsecured Others,107050.85
CUST103273,2022-01-08,Auto Loan,103076.06
CUST103273,2022-08-09,Auto Loan,80748.46
CUST103273,2021-04-08,Credit Card,186275.71
CUST103273,2022-09-25,Auto Loan,173153.72
CUST103274,2022-05-24,Auto Loan,165756.57
CUST103274,2022-10-16,Home Loan,114509.03
CUST103274,2022-03-28,Credit Card,142945.84
CUST103274,2022-12-04,Auto Loan,117437.77
CUST103274,2021-09-25,Credit Card,175819.88
CUST103274,2022-05-20,Personal Loan,103555.82
CUST103275,2021-11-26,Unsecured Others,181964.15
CUST103275,2022-03-13,Credit Card,67366.49
CUST103275,2021-04-28,Unsecured Others,77634.97
CUST103275,2021-05-14,Credit Card,174432.36
CUST103275,2022-07-13,Personal Loan,37880.86
CUST103275,2021-02-27,Personal Loan,18209.05
CUST103275,2022-09-08,Personal Loan,150394.2
CUST103276,2021-10-10,Auto Loan,84422.52
CUST103276,2022-12-02,Unsecured Others,124156.67
CUST103276,2021-12-15,Auto Loan,41886.19
CUST103276,2022-06-09,Unsecured Others,103900.41
CUST103277,2022-02-27,Unsecured Others,170524.94
CUST103277,2021-11-20,Unsecured Others,64978.17
CUST103277,2022-11-01,Unsecured Others,179276.49
CUST103279,2021-03-09,Unsecured Others,191058.14
CUST103279,2022-08-28,Home Loan,146220.24
CUST103281,2022-04-22,Unsecured Others,104111.39
CUST103281,2022-05-15,Credit Card,79411.62
CUST103282,2021-04-20,Credit Card,179725.52
CUST103282,2021-05-14,Personal Loan,40508.25
CUST103282,2021-02-11,Credit Card,191929.27
CUST103282,2021-03-23,Unsecured Others,52312.5
CUST103282,2021-12-18,Credit Card,68564.1
CUST103282,2021-11-23,Personal Loan,50225.58
CUST103282,2022-06-07,Credit Card,53102.89
CUST103283,2021-07-27,Credit Card,135088.73
CUST103284,2021-07-17,Home Loan,125551.29
CUST103284,2021-07-26,Personal Loan,28994.37
CUST103284,2021-10-17,Personal Loan,156841.3
CUST103285,2022-03-08,Auto Loan,10391.65
CUST103285,2021-07-25,Home Loan,97930.83
CUST103285,2022-05-18,Credit Card,152932.91
CUST103285,2021-11-24,Personal Loan,138989.12
CUST103285,2021-01-16,Home Loan,65408.99
CUST103285,2021-05-14,Personal Loan,164180.75
CUST103286,2021-11-04,Unsecured Others,186779.15
CUST103286,2022-11-20,Unsecured Others,105684.7
CUST103286,2022-11-17,Auto Loan,85803.7
CUST103288,2021-11-23,Credit Card,103431.15
CUST103288,2021-10-03,Personal Loan,51224.98
CUST103288,2022-05-03,Unsecured Others,179528.29
CUST103288,2022-04-30,Personal Loan,121740.11
CUST103288,2022-07-16,Auto Loan,20245.37
CUST103288,2021-04-15,Home Loan,165061.16
CUST103289,2022-07-03,Unsecured Others,106929.93
CUST103289,2022-12-10,Unsecured Others,20252.98
CUST103289,2021-11-14,Personal Loan,111395.14
CUST103289,2021-07-03,Credit Card,87991.37
CUST103289,2021-04-13,Auto Loan,82335.25
CUST103289,2022-04-22,Unsecured Others,156695.12
CUST103289,2022-05-02,Personal Loan,78333.33
CUST103290,2022-04-13,Credit Card,25982.04
CUST103290,2022-07-11,Home Loan,27288.1
CUST103290,2021-09-19,Auto Loan,121328.87
CUST103290,2021-01-17,Auto Loan,159502.07
CUST103290,2022-05-04,Unsecured Others,188438.46
CUST103291,2021-12-14,Unsecured Others,120585.4
CUST103292,2021-09-05,Credit Card,73614.2
CUST103292,2022-09-24,Unsecured Others,114675.96
CUST103292,2022-01-08,Auto Loan,190525.31
CUST103292,2022-10-15,Personal Loan,111600.42
CUST103293,2022-12-28,Auto Loan,60358.33
CUST103293,2021-02-21,Auto Loan,150798.65
CUST103294,2021-06-25,Home Loan,40679.36
CUST103295,2022-11-04,Personal Loan,122462.56
CUST103295,2021-02-16,Credit Card,60837.48
CUST103295,2021-06-26,Credit Card,46678.62
CUST103295,2021-03-12,Auto Loan,45710.97
CUST103295,2022-01-07,Credit Card,17213.39
CUST103295,2022-09-13,Auto Loan,36841.65
CUST103296,2021-06-22,Unsecured Others,61877.13
CUST103296,2022-04-30,Credit Card,33612.5
CUST103296,2021-07-03,Auto Loan,151659.21
CUST103297,2021-03-02,Home Loan,66825.56
CUST103297,2022-06-30,Home Loan,71422.73
CUST103297,2022-09-25,Auto Loan,107100.1
CUST103297,2022-02-11,Unsecured Others,31823.52
CUST103297,2022-03-02,Unsecured Others,160145.82
CUST103297,2021-03-13,Home Loan,194272.74
CUST103297,2021-03-22,Credit Card,153366.85
CUST103298,2022-09-10,Unsecured Others,167695.71
CUST103298,2021-06-02,Personal Loan,144989.89
CUST103298,2021-04-16,Personal Loan,129838.93
CUST103299,2021-10-04,Unsecured Others,69052.1
CUST103299,2021-06-28,Auto Loan,57799.88
CUST103299,2021-03-01,Auto Loan,23072.63
CUST103299,2022-10-13,Unsecured Others,143345.24
CUST103300,2022-12-21,Unsecured Others,137597.15
CUST103300,2021-07-07,Personal Loan,10452.09
CUST103300,2022-01-25,Personal Loan,7558.44
CUST103300,2022-11-13,Home Loan,184912.58
CUST103303,2021-12-25,Credit Card,67164.42
CUST103303,2021-01-27,Unsecured Others,131195.93
CUST103304,2021-05-01,Auto Loan,135260.75
CUST103304,2022-04-03,Personal Loan,165260.72
CUST103305,2021-02-15,Home Loan,95006.52
CUST103305,2022-10-10,Auto Loan,48322.29
CUST103305,2022-07-20,Home Loan,59508.69
CUST103306,2022-02-20,Unsecured Others,170831.24
CUST103306,2021-12-10,Personal Loan,174054.73
CUST103306,2022-02-20,Auto Loan,36042.52
CUST103306,2021-02-10,Unsecured Others,84482.77
CUST103307,2021-05-15,Personal Loan,103107.97
CUST103307,2022-08-12,Auto Loan,171288.37
CUST103307,2021-08-09,Home Loan,173138.19
CUST103308,2021-03-24,Auto Loan,132868.93
CUST103308,2021-11-01,Auto Loan,94068.84
CUST103308,2021-11-03,Credit Card,145073.64
CUST103308,2021-02-14,Unsecured Others,40863.79
CUST103308,2021-04-02,Personal Loan,49170.73
CUST103308,2022-11-21,Credit Card,94158.57
CUST103309,2022-02-03,Auto Loan,32396.54
CUST103309,2022-10-21,Home Loan,41360.33
CUST103309,2021-10-23,Auto Loan,83768.68
CUST103309,2022-03-04,Unsecured Others,122093.75
CUST103309,2021-06-03,Unsecured Others,122277.79
CUST103309,2021-08-17,Auto Loan,33028.77
CUST103309,2021-12-02,Auto Loan,99952.52
CUST103311,2022-10-28,Credit Card,24360.11
CUST103311,2022-12-05,Unsecured Others,133804.29
CUST103311,2021-12-03,Personal Loan,103919.42
CUST103311,2022-08-11,Home Loan,140637.27
CUST103311,2021-07-24,Personal Loan,5417.18
CUST103312,2021-12-17,Home Loan,198406.85
CUST103312,2021-06-06,Unsecured Others,96993.6
CUST103312,2021-10-07,Auto Loan,70916.76
CUST103312,2021-02-03,Unsecured Others,187022.45
CUST103313,2022-05-15,Personal Loan,111691.36
CUST103313,2021-06-25,Home Loan,155551.45
CUST103313,2021-06-27,Credit Card,183161.13
CUST103313,2022-01-23,Credit Card,31791.09
CUST103313,2022-03-06,Unsecured Others,114948.74
CUST103313,2022-06-06,Credit Card,76628.65
CUST103315,2022-07-24,Credit Card,26672.69
CUST103315,2021-04-14,Auto Loan,82653.32
CUST103315,2022-02-13,Unsecured Others,73686.17
CUST103315,2021-06-18,Unsecured Others,61637.47
CUST103316,2022-06-05,Personal Loan,17184.22
CUST103316,2022-08-03,Unsecured Others,129226.8
CUST103316,2022-01-14,Credit Card,96184.9
CUST103316,2021-09-01,Unsecured Others,110729.89
CUST103316,2022-04-07,Home Loan,21364.41
CUST103316,2021-06-15,Credit Card,96156.38
CUST103317,2022-12-22,Home Loan,15126.08
CUST103317,2021-04-05,Personal Loan,39735.9
CUST103318,2022-05-17,Home Loan,136267.25
CUST103318,2021-10-13,Unsecured Others,126207.76
CUST103318,2022-12-03,Home Loan,95431.17
CUST103318,2022-07-07,Personal Loan,109971.67
CUST103318,2022-01-19,Credit Card,55846.73
CUST103319,2021-12-27,Credit Card,60671.06
CUST103322,2021-09-27,Auto Loan,193464.49
CUST103322,2022-07-06,Personal Loan,8631.37
CUST103322,2021-07-17,Personal Loan,87412.83
CUST103322,2021-08-13,Unsecured Others,178485.51
CUST103322,2021-04-05,Home Loan,19528.85
CUST103322,2021-10-07,Credit Card,153393.78
CUST103322,2021-12-17,Unsecured Others,23330.46
CUST103323,2022-08-12,Personal Loan,40948.36
CUST103323,2022-04-01,Home Loan,173500.06
CUST103323,2022-06-20,Personal Loan,70960.42
CUST103323,2021-12-02,Unsecured Others,165387.24
CUST103324,2022-06-26,Auto Loan,89093.6
CUST103325,2021-12-16,Home Loan,166450.78
CUST103325,2022-07-08,Auto Loan,138364.61
CUST103325,2022-06-10,Credit Card,156946.99
CUST103325,2021-07-16,Auto Loan,38664.82
CUST103325,2022-04-19,Unsecured Others,144602.13
CUST103325,2021-09-19,Personal Loan,151664.44
CUST103325,2022-04-16,Auto Loan,57867.65
CUST103326,2021-03-11,Personal Loan,184562.5
CUST103326,2022-05-16,Home Loan,67007.5
CUST103326,2022-07-27,Home Loan,197708.06
CUST103327,2021-12-08,Auto Loan,109704.26
CUST103327,2022-08-25,Unsecured Others,177762.15
CUST103327,2022-09-10,Credit Card,77785.36
CUST103327,2021-09-13,Auto Loan,181159.52
CUST103327,2021-03-28,Credit Card,60974.61
CUST103327,2021-07-23,Personal Loan,110709.53
CUST103328,2021-09-27,Credit Card,104600.88
CUST103328,2022-01-25,Home Loan,172607.86
CUST103328,2021-08-10,Unsecured Others,104973.18
CUST103329,2022-09-29,Credit Card,91979.88
CUST103329,2021-05-24,Auto Loan,158254.34
CUST103329,2022-12-11,Auto Loan,56561.55
CUST103329,2022-10-11,Home Loan,56918.02
CUST103329,2021-05-07,Personal Loan,102698.92
CUST103330,2021-03-29,Auto Loan,154511.2
CUST103330,2021-10-30,Personal Loan,112532.56
CUST103330,2021-01-28,Credit Card,133039.49
CUST103330,2022-12-17,Home Loan,66283.61
CUST103330,2021-09-26,Unsecured Others,142536.26
CUST103331,2021-05-07,Unsecured Others,39617.42
CUST103332,2022-03-12,Personal Loan,122312.73
CUST103332,2021-06-13,Auto Loan,6292.66
CUST103332,2022-02-20,Unsecured Others,157631.13
CUST103333,2021-02-03,Auto Loan,84326.3
CUST103333,2022-07-03,Credit Card,29860.3
CUST103333,2021-11-27,Credit Card,93037.59
CUST103333,2021-05-31,Unsecured Others,169025.48
CUST103333,2022-07-24,Home Loan,128805.41
CUST103333,2021-07-12,Credit Card,32650.51
CUST103333,2022-08-19,Credit Card,176781.22
CUST103334,2021-06-19,Auto Loan,187952.16
CUST103334,2022-01-05,Unsecured Others,159846.33
CUST103334,2022-11-21,Auto Loan,143321.39
CUST103334,2021-08-14,Personal Loan,7120.23
CUST103334,2021-01-16,Personal Loan,26064.51
CUST103334,2022-09-18,Credit Card,96083.15
CUST103334,2022-08-10,Auto Loan,83641.48
CUST103335,2022-11-16,Unsecured Others,129917.1
CUST103335,2021-01-14,Personal Loan,31585.64
CUST103335,2021-04-16,Home Loan,46430.71
CUST103336,2021-10-12,Credit Card,33857.08
CUST103336,2021-12-09,Credit Card,10052.78
CUST103336,2022-05-17,Personal Loan,57557.6
CUST103336,2022-12-01,Credit Card,79020.98
CUST103336,2022-06-10,Personal Loan,164463.3
CUST103336,2022-08-26,Credit Card,194646.42
CUST103336,2021-08-07,Auto Loan,185842.11
CUST103337,2021-03-06,Auto Loan,54621.41
CUST103337,2022-04-27,Personal Loan,188771.59
CUST103338,2022-03-28,Auto Loan,150725.69
CUST103339,2021-10-28,Auto Loan,97708.63
CUST103339,2022-07-31,Home Loan,100989.77
CUST103340,2021-06-30,Auto Loan,183031.25
CUST103340,2021-06-19,Credit Card,20987.15
CUST103340,2022-10-13,Credit Card,163708.06
CUST103341,2021-01-12,Personal Loan,194467.45
CUST103341,2022-11-12,Personal Loan,168345.88
CUST103341,2022-09-23,Personal Loan,190473.85
CUST103342,2022-10-27,Credit Card,68975.81
CUST103342,2021-11-30,Personal Loan,147014.7
CUST103342,2021-05-01,Unsecured Others,189997.38
CUST103342,2021-12-05,Auto Loan,34245.05
CUST103342,2021-12-12,Credit Card,122152.62
CUST103342,2022-12-06,Personal Loan,116258.39
CUST103342,2021-12-30,Home Loan,194071.03
CUST103343,2022-11-03,Unsecured Others,197929.98
CUST103343,2022-07-21,Personal Loan,158228.45
CUST103343,2022-01-02,Personal Loan,69938.81
CUST103343,2021-12-30,Unsecured Others,168423.17
CUST103343,2021-11-15,Unsecured Others,12029.48
CUST103344,2021-01-14,Home Loan,44121.2
CUST103344,2021-03-05,Unsecured Others,60806.97
CUST103345,2022-06-17,Auto Loan,191569.97
CUST103346,2022-08-07,Credit Card,178102.53
CUST103346,2021-06-24,Auto Loan,124488.0
CUST103346,2021-07-29,Personal Loan,34443.32
CUST103346,2021-10-11,Auto Loan,113118.73
CUST103346,2021-07-16,Credit Card,140919.15
CUST103347,2021-04-29,Personal Loan,35363.57
CUST103347,2021-06-12,Personal Loan,45079.78
CUST103347,2022-08-22,Personal Loan,175296.41
CUST103347,2022-09-11,Unsecured Others,172867.03
CUST103347,2021-08-10,Personal Loan,86392.63
CUST103347,2022-05-23,Auto Loan,35026.29
CUST103347,2022-04-28,Unsecured Others,185792.1
CUST103348,2021-01-22,Auto Loan,137786.9
CUST103348,2022-06-09,Auto Loan,104007.29
CUST103348,2021-03-21,Personal Loan,40513.37
CUST103348,2022-09-22,Auto Loan,79031.8
CUST103348,2021-05-29,Unsecured Others,131615.06
CUST103348,2022-11-28,Personal Loan,51490.63
CUST103348,2022-05-27,Home Loan,188969.9
CUST103349,2021-03-19,Home Loan,117301.68
CUST103349,2022-09-28,Auto Loan,106468.21
CUST103349,2022-10-25,Credit Card,167653.76
CUST103350,2022-02-09,Credit Card,157998.83
CUST103350,2022-06-08,Home Loan,191223.2
CUST103350,2021-02-12,Credit Card,84448.66
CUST103350,2022-01-13,Credit Card,180181.64
CUST103350,2021-10-01,Credit Card,17980.63
CUST103350,2022-07-07,Personal Loan,141389.38
CUST103350,2022-09-26,Unsecured Others,127410.6
CUST103351,2021-02-07,Credit Card,48581.67
CUST103351,2022-11-26,Unsecured Others,82183.88
CUST103351,2022-12-09,Auto Loan,124884.85
CUST103351,2021-03-24,Unsecured Others,43576.1
CUST103352,2021-10-29,Personal Loan,68403.67
CUST103352,2021-02-20,Unsecured Others,10397.51
CUST103352,2021-08-31,Auto Loan,93604.5
CUST103352,2022-04-12,Unsecured Others,176418.81
CUST103352,2021-06-09,Home Loan,114918.41
CUST103352,2022-05-03,Personal Loan,115095.82
CUST103355,2022-10-28,Credit Card,162098.67
CUST103355,2022-08-17,Unsecured Others,53265.01
CUST103355,2021-08-21,Unsecured Others,61957.67
CUST103355,2022-02-25,Personal Loan,44761.42
CUST103355,2021-08-31,Unsecured Others,181424.98
CUST103356,2021-05-14,Unsecured Others,20522.28
CUST103356,2021-01-21,Personal Loan,162506.27
CUST103356,2021-02-25,Unsecured Others,126232.23
CUST103356,2022-07-16,Credit Card,102707.14
CUST103357,2021-10-23,Auto Loan,169488.83
CUST103357,2021-04-15,Unsecured Others,145178.66
CUST103357,2021-07-27,Home Loan,109694.61
CUST103357,2022-12-13,Auto Loan,29945.83
CUST103357,2022-06-26,Home Loan,68826.02
CUST103357,2022-10-06,Unsecured Others,56455.28
CUST103358,2022-01-26,Personal Loan,70875.71
CUST103358,2022-04-30,Auto Loan,15672.98
CUST103358,2021-03-07,Personal Loan,106611.93
CUST103358,2021-12-21,Credit Card,112790.12
CUST103359,2022-12-03,Credit Card,178026.47
CUST103359,2022-06-01,Personal Loan,179942.07
CUST103360,2021-04-24,Credit Card,12661.06
CUST103360,2021-04-03,Auto Loan,57909.74
CUST103360,2021-04-25,Auto Loan,174554.8
CUST103361,2022-01-30,Auto Loan,199807.17
CUST103362,2021-03-30,Home Loan,154312.89
CUST103362,2021-05-08,Home Loan,97402.65
CUST103362,2022-09-29,Credit Card,175914.25
CUST103362,2022-06-29,Home Loan,67421.0
CUST103362,2021-02-11,Credit Card,67831.81
CUST103362,2021-02-02,Credit Card,32199.95
CUST103362,2021-09-19,Auto Loan,20641.27
CUST103363,2021-11-16,Personal Loan,6219.93
CUST103363,2021-09-19,Auto Loan,135274.29
CUST103363,2022-08-28,Unsecured Others,134734.15
CUST103363,2022-03-10,Personal Loan,77203.86
CUST103363,2022-01-22,Personal Loan,148754.32
CUST103363,2022-09-27,Unsecured Others,42140.7
CUST103363,2022-08-23,Home Loan,37582.85
CUST103364,2022-09-06,Auto Loan,119129.89
CUST103365,2022-06-13,Home Loan,138965.84
CUST103365,2021-06-21,Credit Card,33892.51
CUST103365,2022-02-17,Home Loan,77594.33
CUST103365,2022-02-25,Unsecured Others,27853.98
CUST103366,2021-12-17,Personal Loan,23936.05
CUST103366,2022-06-01,Home Loan,161475.96
CUST103366,2021-11-17,Personal Loan,63820.39
CUST103366,2022-06-13,Unsecured Others,66307.62
CUST103367,2021-03-27,Home Loan,170826.44
CUST103367,2021-08-14,Home Loan,170132.5
CUST103367,2021-10-19,Home Loan,15391.28
CUST103367,2022-11-11,Auto Loan,7715.66
CUST103367,2022-08-25,Auto Loan,172172.66
CUST103367,2022-03-03,Credit Card,57721.14
CUST103368,2022-08-20,Home Loan,133270.34
CUST103368,2021-02-17,Auto Loan,16870.74
CUST103368,2022-09-08,Auto Loan,102499.38
CUST103368,2022-05-21,Auto Loan,186637.26
CUST103368,2022-07-19,Unsecured Others,87368.06
CUST103368,2021-06-09,Auto Loan,156133.08
CUST103369,2022-10-17,Auto Loan,53843.47
CUST103369,2022-03-08,Auto Loan,44443.99
CUST103369,2021-05-29,Unsecured Others,169171.81
CUST103371,2021-02-26,Home Loan,91022.96
CUST103371,2022-07-13,Auto Loan,109740.77
CUST103371,2021-03-13,Home Loan,166040.62
CUST103372,2021-02-18,Unsecured Others,33177.71
CUST103372,2022-05-17,Personal Loan,150813.07
CUST103372,2022-05-01,Unsecured Others,80264.46
CUST103372,2021-07-25,Unsecured Others,199773.19
CUST103372,2022-08-17,Home Loan,94052.01
CUST103374,2022-02-17,Auto Loan,117267.24
CUST103374,2021-09-19,Auto Loan,53759.33
CUST103374,2022-01-07,Home Loan,103306.48
CUST103375,2021-06-29,Home Loan,117416.13
CUST103375,2022-06-02,Credit Card,63925.36
CUST103375,2021-01-03,Unsecured Others,170593.91
CUST103375,2021-02-04,Auto Loan,90834.33
CUST103376,2021-02-15,Unsecured Others,122140.02
CUST103376,2022-12-11,Auto Loan,101890.78
CUST103376,2021-08-09,Unsecured Others,49312.02
CUST103378,2022-08-17,Personal Loan,140174.75
CUST103378,2021-05-21,Auto Loan,180148.16
CUST103378,2022-03-21,Home Loan,109948.92
CUST103378,2021-11-17,Personal Loan,120013.5
CUST103378,2021-02-07,Personal Loan,112335.32
CUST103379,2021-05-25,Credit Card,87357.09
CUST103379,2022-11-17,Personal Loan,77196.18
CUST103380,2021-01-11,Unsecured Others,141534.33
CUST103380,2021-01-30,Credit Card,181212.55
CUST103380,2021-01-16,Personal Loan,26282.59
CUST103380,2021-11-28,Home Loan,92988.57
CUST103380,2022-06-22,Auto Loan,49005.1
CUST103380,2022-08-07,Personal Loan,91759.52
CUST103381,2022-04-15,Unsecured Others,29149.02
CUST103381,2021-05-20,Unsecured Others,19512.63
CUST103381,2022-02-13,Credit Card,110318.0
CUST103381,2022-05-15,Credit Card,47270.28
CUST103381,2021-08-10,Auto Loan,93058.24
CUST103381,2022-05-13,Home Loan,64947.78
CUST103382,2022-03-28,Personal Loan,162280.15
CUST103382,2021-04-14,Credit Card,181526.01
CUST103383,2021-10-29,Personal Loan,191759.67
CUST103383,2022-06-28,Auto Loan,32019.68
CUST103383,2021-06-10,Home Loan,129762.62
CUST103383,2022-04-13,Unsecured Others,42186.13
CUST103383,2022-10-19,Home Loan,149833.56
CUST103383,2021-03-14,Auto Loan,69826.32
CUST103383,2022-01-23,Unsecured Others,186419.89
CUST103384,2021-06-18,Auto Loan,70130.72
CUST103385,2021-10-15,Home Loan,180627.22
CUST103385,2022-05-09,Home Loan,137947.28
CUST103385,2021-06-28,Unsecured Others,71465.87
CUST103386,2021-01-06,Auto Loan,48292.67
CUST103386,2022-04-15,Home Loan,138639.79
CUST103386,2022-12-25,Home Loan,119921.8
CUST103386,2021-01-24,Personal Loan,140486.55
CUST103386,2022-07-30,Home Loan,177918.58
CUST103386,2022-01-21,Personal Loan,139289.1
CUST103387,2021-02-12,Personal Loan,157558.32
CUST103387,2021-08-02,Auto Loan,42596.66
CUST103388,2021-04-22,Credit Card,192790.96
CUST103388,2022-10-29,Home Loan,172704.42
CUST103389,2022-09-22,Credit Card,21438.77
CUST103389,2022-12-21,Credit Card,77061.41
CUST103389,2021-12-11,Home Loan,90588.06
CUST103389,2021-11-06,Auto Loan,41391.49
CUST103389,2021-07-13,Unsecured Others,86403.93
CUST103390,2022-04-22,Unsecured Others,21925.4
CUST103390,2022-05-16,Credit Card,26377.26
CUST103390,2022-03-21,Home Loan,75255.56
CUST103391,2022-05-26,Unsecured Others,199267.55
CUST103391,2021-05-24,Home Loan,180493.49
CUST103391,2021-12-01,Unsecured Others,128224.61
CUST103392,2021-08-19,Credit Card,65071.48
CUST103392,2022-08-17,Auto Loan,130258.58
CUST103392,2021-06-25,Auto Loan,138297.1
CUST103392,2022-02-26,Personal Loan,18932.67
CUST103392,2021-03-03,Unsecured Others,42499.66
CUST103392,2021-05-06,Home Loan,127595.74
CUST103394,2022-03-12,Credit Card,38613.12
CUST103394,2022-03-01,Home Loan,196240.94
CUST103394,2022-02-11,Credit Card,89603.63
CUST103394,2021-02-21,Personal Loan,144161.42
CUST103395,2021-03-25,Unsecured Others,187917.8
CUST103395,2022-06-23,Auto Loan,151191.9
CUST103395,2021-11-14,Auto Loan,111624.3
CUST103395,2021-03-18,Credit Card,24705.86
CUST103397,2022-07-05,Personal Loan,22847.53
CUST103397,2021-07-29,Auto Loan,46048.37
CUST103397,2021-03-21,Credit Card,185953.96
CUST103397,2021-04-13,Auto Loan,110324.57
CUST103397,2021-12-02,Personal Loan,148746.65
CUST103397,2021-07-31,Home Loan,134716.02
CUST103397,2021-10-29,Home Loan,76972.27
CUST103398,2022-06-01,Personal Loan,30777.34
CUST103398,2022-09-01,Personal Loan,56179.89
CUST103398,2022-01-25,Credit Card,130687.36
CUST103398,2022-05-07,Credit Card,66512.67
CUST103398,2022-11-18,Home Loan,98465.4
CUST103398,2022-01-26,Personal Loan,134875.64
CUST103398,2022-01-29,Unsecured Others,23562.26
CUST103399,2021-12-28,Personal Loan,147674.75
CUST103399,2022-06-25,Personal Loan,125275.02
CUST103399,2021-07-14,Unsecured Others,66538.5
CUST103401,2022-09-09,Unsecured Others,162358.06
CUST103401,2022-10-19,Unsecured Others,30761.56
CUST103401,2021-05-11,Auto Loan,194425.24
CUST103401,2022-10-12,Home Loan,118649.39
CUST103402,2022-01-28,Home Loan,55582.86
CUST103402,2022-10-13,Unsecured Others,123362.63
CUST103403,2021-01-15,Auto Loan,174553.27
CUST103403,2022-02-28,Auto Loan,7201.41
CUST103403,2021-09-01,Personal Loan,116880.25
CUST103403,2022-11-04,Credit Card,193688.1
CUST103403,2022-07-11,Auto Loan,150797.14
CUST103403,2022-08-22,Unsecured Others,146882.37
CUST103404,2022-07-05,Home Loan,189938.54
CUST103404,2022-09-13,Auto Loan,199463.27
CUST103404,2022-11-27,Home Loan,161028.29
CUST103404,2021-06-30,Auto Loan,76534.67
CUST103405,2021-08-10,Auto Loan,32193.68
CUST103407,2022-04-21,Unsecured Others,192882.94
CUST103407,2021-02-10,Credit Card,128266.2
CUST103408,2021-12-28,Auto Loan,172446.75
CUST103411,2022-02-25,Credit Card,150506.1
CUST103411,2021-02-07,Personal Loan,65187.97
CUST103412,2021-02-15,Credit Card,39925.78
CUST103412,2022-02-19,Home Loan,182965.83
CUST103412,2022-12-10,Home Loan,138240.54
CUST103412,2022-10-16,Home Loan,77060.83
CUST103412,2021-11-16,Credit Card,61110.63
CUST103414,2021-04-23,Personal Loan,178748.12
CUST103414,2021-09-27,Unsecured Others,160724.69
CUST103414,2022-01-11,Credit Card,83613.18
CUST103414,2021-07-26,Unsecured Others,96832.09
CUST103414,2022-03-26,Home Loan,131768.55
CUST103415,2022-04-14,Unsecured Others,98837.0
CUST103415,2021-02-28,Auto Loan,38016.09
CUST103415,2021-06-26,Personal Loan,135235.94
CUST103415,2022-03-04,Unsecured Others,138780.15
CUST103415,2022-02-28,Credit Card,92851.15
CUST103415,2021-06-10,Auto Loan,37900.41
CUST103415,2021-12-21,Personal Loan,61595.98
CUST103416,2021-02-15,Home Loan,27321.39
CUST103416,2022-07-22,Auto Loan,38496.99
CUST103416,2021-05-29,Personal Loan,141039.05
CUST103416,2022-07-15,Auto Loan,155025.06
CUST103417,2021-12-31,Personal Loan,52608.45
CUST103417,2022-04-27,Home Loan,34780.62
CUST103417,2021-02-25,Auto Loan,45801.25
CUST103417,2021-05-15,Auto Loan,190823.12
CUST103418,2021-04-24,Personal Loan,65618.1
CUST103418,2021-05-08,Home Loan,102267.12
CUST103418,2022-11-30,Personal Loan,124238.27
CUST103418,2021-07-12,Home Loan,152913.13
CUST103418,2021-07-22,Credit Card,110416.02
CUST103419,2021-04-28,Credit Card,103691.58
CUST103419,2022-10-04,Unsecured Others,98142.24
CUST103419,2021-07-06,Credit Card,136060.06
CUST103419,2021-08-26,Home Loan,110542.82
CUST103419,2022-04-27,Credit Card,21393.98
CUST103420,2021-01-29,Credit Card,196660.51
CUST103420,2022-04-26,Home Loan,130148.96
CUST103420,2021-03-20,Credit Card,79350.95
CUST103421,2022-06-08,Credit Card,28416.75
CUST103422,2021-06-28,Home Loan,195951.28
CUST103425,2021-06-17,Home Loan,192938.32
CUST103426,2022-10-22,Home Loan,148469.4
CUST103427,2022-10-19,Personal Loan,122695.09
CUST103427,2022-09-30,Credit Card,106046.39
CUST103428,2022-01-11,Auto Loan,156144.41
CUST103428,2021-08-07,Unsecured Others,82396.83
CUST103428,2021-10-15,Auto Loan,88770.37
CUST103428,2021-12-28,Credit Card,170347.94
CUST103428,2021-09-16,Unsecured Others,168939.99
CUST103428,2022-12-25,Unsecured Others,116712.63
CUST103429,2021-12-25,Credit Card,56983.37
CUST103429,2021-01-21,Personal Loan,12858.31
CUST103429,2021-07-28,Credit Card,78605.49
CUST103429,2022-06-17,Credit Card,17461.94
CUST103429,2022-04-13,Home Loan,163007.92
CUST103429,2021-01-25,Credit Card,50774.44
CUST103430,2022-07-23,Credit Card,26469.89
CUST103430,2022-04-13,Home Loan,117488.02
CUST103430,2021-06-30,Credit Card,185752.59
CUST103430,2021-05-26,Auto Loan,135878.5
CUST103430,2022-11-24,Personal Loan,155532.9
CUST103431,2021-09-07,Personal Loan,9155.02
CUST103431,2021-05-02,Credit Card,77689.88
CUST103431,2022-09-23,Home Loan,79913.44
CUST103431,2022-07-19,Personal Loan,90821.8
CUST103432,2022-06-15,Personal Loan,168093.38
CUST103432,2022-08-15,Home Loan,110503.75
CUST103432,2021-07-30,Home Loan,22117.23
CUST103432,2021-08-23,Personal Loan,53476.12
CUST103432,2022-10-13,Auto Loan,59399.94
CUST103432,2021-06-30,Personal Loan,69360.34
CUST103433,2022-08-27,Auto Loan,61677.59
CUST103433,2022-05-29,Home Loan,143305.9
CUST103434,2021-06-22,Credit Card,90018.5
CUST103434,2022-06-22,Home Loan,186870.33
CUST103434,2022-03-23,Unsecured Others,74414.31
CUST103434,2021-09-09,Personal Loan,67213.99
CUST103435,2021-02-06,Auto Loan,139778.28
CUST103435,2021-01-12,Personal Loan,161055.08
CUST103435,2022-05-21,Credit Card,96270.95
CUST103435,2021-06-02,Credit Card,99282.83
CUST103435,2021-10-14,Auto Loan,127065.32
CUST103436,2022-09-02,Personal Loan,160063.84
CUST103436,2022-12-08,Credit Card,78680.29
CUST103436,2022-11-13,Unsecured Others,90810.05
CUST103436,2021-05-10,Personal Loan,128899.76
CUST103436,2021-09-04,Personal Loan,171703.83
CUST103437,2022-04-27,Auto Loan,87172.33
CUST103437,2022-04-08,Personal Loan,31782.37
CUST103437,2021-04-14,Personal Loan,183267.6
CUST103437,2021-05-29,Home Loan,111058.2
CUST103437,2021-12-21,Personal Loan,10535.59
CUST103438,2022-03-22,Auto Loan,165568.6
CUST103439,2022-06-13,Auto Loan,163504.93
CUST103439,2021-10-19,Home Loan,47513.48
CUST103439,2022-07-02,Credit Card,82145.66
CUST103439,2022-02-12,Credit Card,195792.99
CUST103441,2022-11-01,Credit Card,8142.83
CUST103441,2022-05-08,Credit Card,95309.83
CUST103441,2022-08-25,Unsecured Others,72927.44
CUST103441,2021-12-21,Home Loan,173215.78
CUST103441,2022-04-02,Personal Loan,52987.1
CUST103441,2022-12-10,Personal Loan,5331.01
CUST103441,2022-02-15,Unsecured Others,55447.82
CUST103443,2021-09-18,Home Loan,129000.88
CUST103443,2022-07-12,Credit Card,70010.39
CUST103443,2021-06-03,Credit Card,18181.2
CUST103443,2022-01-16,Unsecured Others,20017.89
CUST103443,2021-05-23,Home Loan,121411.52
CUST103443,2022-04-27,Home Loan,149287.32
CUST103444,2022-11-21,Credit Card,115248.72
CUST103444,2021-05-03,Credit Card,198649.41
CUST103444,2021-10-01,Personal Loan,14836.59
CUST103445,2022-02-24,Personal Loan,172092.47
CUST103445,2021-04-17,Auto Loan,159192.83
CUST103445,2021-05-09,Credit Card,75024.34
CUST103445,2021-03-16,Credit Card,158000.62
CUST103445,2022-08-22,Unsecured Others,152626.42
CUST103446,2022-04-24,Unsecured Others,17904.05
CUST103446,2021-06-23,Personal Loan,76983.73
CUST103446,2021-04-16,Unsecured Others,62080.63
CUST103446,2022-04-13,Credit Card,93689.55
CUST103446,2022-02-23,Unsecured Others,95563.52
CUST103446,2022-04-09,Unsecured Others,66327.93
CUST103446,2021-05-19,Personal Loan,195575.1
CUST103447,2022-09-13,Credit Card,142112.49
CUST103447,2021-01-31,Unsecured Others,86855.66
CUST103447,2021-05-22,Personal Loan,86269.59
CUST103447,2022-04-24,Unsecured Others,7352.15
CUST103447,2022-06-19,Home Loan,194253.21
CUST103447,2022-03-07,Unsecured Others,163820.57
CUST103447,2022-09-11,Home Loan,97080.22
CUST103448,2021-08-18,Auto Loan,197417.83
CUST103448,2021-07-14,Home Loan,62884.12
CUST103448,2022-10-16,Auto Loan,116741.39
CUST103449,2021-04-18,Credit Card,47838.61
CUST103449,2022-11-25,Home Loan,37863.14
CUST103450,2021-03-16,Auto Loan,163579.72
CUST103450,2021-07-02,Credit Card,91517.46
CUST103450,2021-04-10,Unsecured Others,184009.76
CUST103450,2021-02-26,Unsecured Others,37305.18
CUST103451,2021-09-21,Home Loan,17563.54
CUST103451,2022-08-22,Home Loan,29407.49
CUST103452,2022-03-14,Credit Card,103194.54
CUST103452,2022-06-25,Unsecured Others,160347.42
CUST103455,2021-04-24,Unsecured Others,51097.78
CUST103456,2022-05-22,Auto Loan,76645.49
CUST103456,2022-03-15,Unsecured Others,28741.59
CUST103456,2021-03-15,Credit Card,166629.12
CUST103456,2021-09-02,Credit Card,90270.08
CUST103457,2021-01-18,Unsecured Others,168266.9
CUST103457,2021-02-10,Credit Card,96896.55
CUST103457,2022-03-26,Unsecured Others,91720.22
CUST103458,2021-12-17,Auto Loan,98433.92
CUST103458,2022-09-03,Credit Card,5234.96
CUST103458,2021-07-25,Unsecured Others,24951.33
CUST103458,2022-10-14,Home Loan,61481.55
CUST103458,2021-12-03,Unsecured Others,124907.86
CUST103458,2021-04-07,Unsecured Others,92605.49
CUST103458,2021-03-19,Credit Card,154345.81
CUST103459,2022-03-13,Credit Card,140321.72
CUST103461,2021-01-18,Unsecured Others,192919.69
CUST103461,2022-04-21,Home Loan,125844.07
CUST103461,2022-06-08,Credit Card,127351.37
CUST103461,2022-05-01,Personal Loan,51768.88
CUST103462,2021-09-20,Auto Loan,154138.47
CUST103463,2022-09-16,Auto Loan,197522.21
CUST103463,2022-12-08,Home Loan,32509.74
CUST103463,2021-12-12,Unsecured Others,18911.71
CUST103464,2021-07-14,Home Loan,36430.07
CUST103465,2021-06-21,Unsecured Others,159310.85
CUST103465,2022-05-14,Home Loan,49685.46
CUST103466,2021-09-02,Personal Loan,182817.71
CUST103466,2022-06-20,Auto Loan,74862.75
CUST103466,2021-06-14,Auto Loan,171500.25
CUST103466,2021-09-10,Credit Card,152048.61
CUST103467,2022-04-19,Auto Loan,176421.4
CUST103467,2021-10-24,Personal Loan,104416.09
CUST103467,2021-01-20,Auto Loan,177423.04
CUST103467,2022-12-06,Unsecured Others,142059.1
CUST103469,2022-09-05,Credit Card,19771.06
CUST103469,2022-11-01,Home Loan,198526.82
CUST103469,2021-02-07,Home Loan,87309.79
CUST103469,2021-08-10,Credit Card,70930.45
CUST103469,2022-04-15,Auto Loan,162698.41
CUST103469,2021-11-07,Personal Loan,199431.71
CUST103469,2021-05-08,Auto Loan,19242.32
CUST103470,2021-02-20,Unsecured Others,96036.67
CUST103470,2021-05-04,Credit Card,87180.7
CUST103472,2022-01-05,Credit Card,31223.85
CUST103472,2022-09-21,Personal Loan,79952.75
CUST103472,2022-03-13,Home Loan,146495.79
CUST103472,2021-09-18,Auto Loan,186317.91
CUST103473,2022-03-16,Home Loan,48695.37
CUST103473,2022-11-17,Credit Card,107308.1
CUST103473,2022-12-26,Personal Loan,111995.17
CUST103473,2022-08-23,Auto Loan,55527.68
CUST103473,2022-03-31,Auto Loan,119785.39
CUST103473,2022-04-26,Credit Card,151490.18
CUST103474,2022-05-27,Auto Loan,159589.22
CUST103476,2021-06-08,Home Loan,95676.58
CUST103476,2022-06-16,Auto Loan,90419.3
CUST103476,2021-09-17,Personal Loan,141134.96
CUST103476,2021-07-21,Unsecured Others,118319.32
CUST103477,2022-07-17,Credit Card,125505.76
CUST103477,2022-07-22,Personal Loan,174750.39
CUST103477,2022-11-30,Personal Loan,71355.92
CUST103477,2022-09-18,Personal Loan,156747.87
CUST103478,2021-02-23,Auto Loan,87885.45
CUST103478,2022-11-26,Home Loan,27487.01
CUST103478,2021-10-24,Credit Card,121750.68
CUST103478,2021-04-07,Credit Card,117447.04
CUST103478,2021-10-12,Auto Loan,56913.51
CUST103478,2021-05-04,Auto Loan,106562.54
CUST103481,2021-09-15,Home Loan,132264.46
CUST103481,2021-05-25,Credit Card,44678.34
CUST103481,2021-07-13,Auto Loan,47904.23
CUST103481,2022-05-04,Home Loan,169412.59
CUST103481,2021-12-20,Unsecured Others,31804.29
CUST103481,2022-04-01,Auto Loan,185149.92
CUST103482,2022-11-27,Auto Loan,191806.58
CUST103482,2022-03-06,Credit Card,29777.24
CUST103482,2021-02-03,Personal Loan,152689.01
CUST103482,2022-04-10,Unsecured Others,20399.78
CUST103482,2022-06-30,Home Loan,94785.19
CUST103482,2022-01-16,Personal Loan,147242.55
CUST103483,2022-11-16,Credit Card,175298.26
CUST103483,2022-10-05,Home Loan,86542.24
CUST103483,2022-05-04,Personal Loan,37316.83
CUST103483,2022-08-13,Credit Card,73633.21
CUST103483,2022-02-05,Auto Loan,77767.2
CUST103483,2021-07-14,Home Loan,19523.29
CUST103483,2022-06-23,Personal Loan,189895.8
CUST103484,2021-10-29,Unsecured Others,173912.0
CUST103484,2022-01-24,Auto Loan,186482.99
CUST103484,2022-08-13,Credit Card,129138.05
CUST103486,2022-07-10,Personal Loan,159926.79
CUST103486,2022-09-02,Auto Loan,186181.31
CUST103486,2022-08-12,Home Loan,194249.12
CUST103486,2022-01-24,Credit Card,45668.01
CUST103488,2021-03-15,Home Loan,194945.7
CUST103490,2022-03-29,Auto Loan,44158.3
CUST103490,2021-01-20,Home Loan,185409.14
CUST103490,2022-10-31,Unsecured Others,142912.13
CUST103490,2022-01-28,Personal Loan,125347.82
CUST103490,2021-06-04,Auto Loan,145738.49
CUST103490,2021-06-20,Credit Card,103823.66
CUST103491,2022-09-19,Home Loan,189243.19
CUST103491,2022-04-02,Personal Loan,55528.65
CUST103491,2022-10-05,Auto Loan,111561.36
CUST103491,2022-04-24,Auto Loan,167943.99
CUST103491,2021-06-22,Credit Card,180119.88
CUST103492,2022-08-04,Credit Card,161407.69
CUST103492,2021-09-20,Unsecured Others,128661.49
CUST103493,2021-01-11,Unsecured Others,59309.93
CUST103493,2021-04-11,Unsecured Others,95497.17
CUST103493,2021-06-05,Unsecured Others,100131.9
CUST103493,2021-04-02,Home Loan,179935.77
CUST103493,2022-03-10,Auto Loan,138284.54
CUST103494,2022-04-06,Personal Loan,46215.4
CUST103494,2021-08-30,Personal Loan,168528.57
CUST103494,2021-07-26,Credit Card,15150.66
CUST103494,2021-12-12,Home Loan,175427.2
CUST103494,2022-11-12,Home Loan,143574.38
CUST103495,2021-10-03,Auto Loan,186585.32
CUST103495,2021-08-29,Credit Card,161538.26
CUST103495,2021-06-08,Home Loan,87590.5
CUST103495,2022-07-12,Unsecured Others,58086.84
CUST103495,2022-03-30,Home Loan,39313.18
CUST103495,2021-11-19,Personal Loan,59048.97
CUST103496,2021-11-06,Auto Loan,96216.69
CUST103496,2021-04-05,Home Loan,141169.49
CUST103497,2022-07-28,Credit Card,25125.51
CUST103497,2022-11-15,Auto Loan,74875.81
CUST103497,2021-11-19,Home Loan,129652.03
CUST103499,2021-09-03,Unsecured Others,100408.87
CUST103499,2022-12-23,Auto Loan,134817.03
CUST103499,2022-07-26,Auto Loan,112901.7
CUST103499,2022-11-06,Unsecured Others,18878.6
CUST103499,2022-11-01,Home Loan,6940.48
CUST103499,2022-03-16,Personal Loan,132016.29
CUST103500,2021-12-13,Auto Loan,45180.29
CUST103501,2021-03-18,Credit Card,115617.7
CUST103501,2022-10-12,Personal Loan,167119.75
CUST103501,2021-04-22,Credit Card,57087.0
CUST103502,2022-08-30,Credit Card,5225.81
CUST103502,2022-04-26,Auto Loan,71020.33
CUST103502,2022-03-31,Credit Card,18662.95
CUST103502,2022-02-10,Personal Loan,92998.94
CUST103503,2022-02-19,Home Loan,64383.94
CUST103504,2021-06-06,Credit Card,25619.69
CUST103504,2021-09-10,Personal Loan,135829.81
CUST103504,2021-03-10,Credit Card,120382.32
CUST103504,2022-07-12,Personal Loan,68926.69
CUST103504,2021-01-14,Auto Loan,80423.56
CUST103505,2022-06-03,Credit Card,88341.99
CUST103505,2021-04-17,Unsecured Others,171542.56
CUST103505,2021-07-13,Unsecured Others,56262.59
CUST103505,2021-04-30,Credit Card,32483.21
CUST103507,2021-10-05,Auto Loan,70122.79
CUST103508,2022-04-20,Home Loan,23749.0
CUST103509,2021-01-31,Auto Loan,146680.6
CUST103509,2022-03-25,Home Loan,155622.31
CUST103510,2022-04-15,Personal Loan,39021.82
CUST103510,2022-12-07,Home Loan,82074.6
CUST103510,2022-08-31,Home Loan,10222.33
CUST103510,2022-12-18,Home Loan,51783.98
CUST103510,2022-03-16,Auto Loan,175905.47
CUST103510,2021-03-14,Home Loan,73277.35
CUST103510,2021-02-08,Credit Card,127153.39
CUST103511,2021-03-31,Home Loan,140749.96
CUST103511,2022-01-03,Home Loan,88618.69
CUST103511,2021-09-20,Credit Card,22482.64
CUST103512,2022-08-03,Personal Loan,51339.03
CUST103512,2021-03-26,Home Loan,72559.45
CUST103512,2022-05-04,Credit Card,24620.64
CUST103512,2022-09-14,Credit Card,37636.64
CUST103513,2022-08-03,Credit Card,146402.78
CUST103513,2022-01-07,Home Loan,64155.35
CUST103513,2022-02-19,Auto Loan,93963.91
CUST103513,2022-08-29,Unsecured Others,118124.84
CUST103513,2021-12-20,Credit Card,82260.06
CUST103514,2022-11-14,Home Loan,56026.75
CUST103514,2022-11-20,Unsecured Others,50334.68
CUST103514,2022-04-29,Credit Card,144537.33
CUST103514,2021-01-14,Personal Loan,15935.9
CUST103515,2022-04-13,Home Loan,144471.43
CUST103515,2022-10-30,Credit Card,114402.34
CUST103515,2022-04-19,Auto Loan,64174.74
CUST103515,2022-05-07,Unsecured Others,139947.74
CUST103517,2022-09-26,Credit Card,136122.39
CUST103517,2022-06-13,Unsecured Others,198726.62
CUST103517,2021-03-07,Personal Loan,145722.01
CUST103517,2021-09-10,Auto Loan,62486.64
CUST103517,2022-06-24,Home Loan,158420.8
CUST103517,2021-07-06,Unsecured Others,109594.84
CUST103517,2021-05-24,Home Loan,182257.3
CUST103518,2022-08-13,Home Loan,47433.75
CUST103519,2022-05-23,Personal Loan,103309.55
CUST103519,2021-09-21,Home Loan,10864.54
CUST103519,2022-06-13,Personal Loan,72838.16
CUST103519,2022-05-03,Credit Card,156882.56
CUST103520,2022-07-30,Credit Card,170008.22
CUST103520,2022-12-23,Credit Card,76366.56
CUST103520,2022-07-30,Personal Loan,35201.4
CUST103520,2022-02-01,Personal Loan,48210.34
CUST103520,2022-08-01,Unsecured Others,76453.94
CUST103520,2022-04-14,Personal Loan,128498.51
CUST103521,2021-12-25,Personal Loan,112152.71
CUST103521,2021-09-20,Personal Loan,79034.16
CUST103521,2021-11-14,Home Loan,91624.47
CUST103521,2022-03-02,Credit Card,118327.79
CUST103521,2022-05-02,Home Loan,148758.33
CUST103521,2022-03-16,Home Loan,39852.62
CUST103522,2021-07-14,Credit Card,36264.79
CUST103523,2022-03-15,Auto Loan,78821.41
CUST103523,2022-11-13,Credit Card,175839.66
CUST103523,2021-12-13,Auto Loan,174786.26
CUST103523,2022-08-23,Credit Card,38504.33
CUST103523,2021-09-11,Auto Loan,14596.47
CUST103524,2022-02-01,Home Loan,52723.52
CUST103525,2022-03-29,Credit Card,184809.25
CUST103526,2022-12-15,Auto Loan,167198.29
CUST103526,2022-07-24,Personal Loan,119666.23
CUST103526,2021-03-31,Personal Loan,38768.7
CUST103526,2022-03-22,Personal Loan,75867.24
CUST103527,2022-06-14,Credit Card,98434.38
CUST103527,2022-04-30,Credit Card,162152.63
CUST103527,2021-08-10,Unsecured Others,186571.42
CUST103527,2022-04-16,Credit Card,150694.69
CUST103527,2022-09-12,Auto Loan,94459.49
CUST103527,2021-01-02,Auto Loan,173186.49
CUST103527,2021-12-25,Personal Loan,15554.47
CUST103529,2021-06-22,Personal Loan,189063.86
CUST103529,2021-10-13,Home Loan,16454.22
CUST103529,2022-07-23,Unsecured Others,137733.14
CUST103529,2021-12-15,Unsecured Others,148805.01
CUST103529,2021-04-09,Personal Loan,137375.79
CUST103529,2021-07-12,Credit Card,184336.58
CUST103529,2021-05-04,Personal Loan,114820.8
CUST103530,2021-07-30,Personal Loan,99374.18
CUST103530,2021-06-03,Unsecured Others,108278.19
CUST103530,2021-11-16,Personal Loan,62621.89
CUST103530,2022-02-23,Auto Loan,66017.52
CUST103530,2022-09-26,Credit Card,44247.12
CUST103532,2021-02-07,Auto Loan,159636.17
CUST103532,2021-10-24,Unsecured Others,110501.57
CUST103532,2021-10-14,Auto Loan,112194.13
CUST103532,2021-09-17,Auto Loan,193720.22
CUST103532,2022-03-07,Home Loan,8830.45
CUST103532,2021-07-18,Unsecured Others,118402.14
CUST103532,2021-07-22,Home Loan,169809.01
CUST103533,2021-08-30,Auto Loan,128269.96
CUST103533,2021-03-31,Unsecured Others,66661.78
CUST103533,2022-07-26,Unsecured Others,185526.48
CUST103533,2022-02-12,Auto Loan,27323.07
CUST103533,2021-09-15,Credit Card,116701.82
CUST103533,2022-12-10,Home Loan,172427.88
CUST103534,2021-09-19,Personal Loan,141938.34
CUST103534,2021-11-07,Home Loan,186004.98
CUST103534,2021-08-07,Unsecured Others,116579.48
CUST103534,2021-01-08,Personal Loan,197481.23
CUST103534,2021-11-18,Credit Card,113435.36
CUST103536,2021-02-02,Auto Loan,155212.97
CUST103536,2022-03-07,Auto Loan,27867.78
CUST103536,2022-12-28,Auto Loan,184728.79
CUST103536,2021-04-25,Unsecured Others,66631.95
CUST103536,2021-06-28,Auto Loan,94807.32
CUST103536,2021-07-11,Unsecured Others,160155.66
CUST103537,2021-09-25,Credit Card,64161.41
CUST103537,2022-12-09,Auto Loan,37704.18
CUST103537,2022-12-01,Personal Loan,108938.81
CUST103538,2022-02-11,Personal Loan,18116.51
CUST103538,2022-02-05,Personal Loan,142705.7
CUST103538,2021-02-18,Personal Loan,35463.02
CUST103539,2022-06-25,Unsecured Others,139839.67
CUST103539,2021-03-01,Credit Card,76634.4
CUST103539,2022-12-12,Credit Card,104460.69
CUST103539,2021-01-11,Personal Loan,139224.99
CUST103539,2022-01-22,Unsecured Others,85170.31
CUST103539,2022-05-08,Home Loan,36669.31
CUST103539,2022-05-20,Unsecured Others,153143.94
CUST103540,2021-07-26,Personal Loan,167359.05
CUST103540,2022-11-09,Unsecured Others,95134.45
CUST103540,2022-04-24,Unsecured Others,7299.22
CUST103540,2022-09-19,Personal Loan,103066.51
CUST103540,2022-02-28,Home Loan,185766.41
CUST103541,2021-11-26,Personal Loan,70740.97
CUST103542,2021-11-17,Credit Card,199537.34
CUST103542,2022-11-09,Credit Card,168318.22
CUST103542,2021-05-23,Auto Loan,6032.52
CUST103542,2021-01-24,Unsecured Others,161356.79
CUST103542,2022-08-26,Personal Loan,127114.73
CUST103543,2021-07-03,Home Loan,119808.19
CUST103543,2021-04-11,Home Loan,124351.64
CUST103543,2021-01-12,Home Loan,131954.74
CUST103543,2021-11-12,Home Loan,32109.63
CUST103543,2021-11-02,Unsecured Others,110824.89
CUST103543,2022-01-17,Personal Loan,54250.46
CUST103543,2022-02-20,Auto Loan,108994.55
CUST103544,2022-03-14,Home Loan,129230.91
CUST103544,2022-03-19,Personal Loan,181392.09
CUST103544,2021-02-10,Credit Card,140717.38
CUST103544,2021-07-14,Home Loan,88983.98
CUST103545,2021-04-08,Personal Loan,82787.93
CUST103545,2021-08-21,Unsecured Others,190851.1
CUST103545,2022-03-05,Unsecured Others,127996.07
CUST103545,2022-02-06,Auto Loan,175052.51
CUST103546,2022-11-07,Home Loan,29372.15
CUST103546,2022-07-07,Auto Loan,142005.82
CUST103546,2022-01-08,Home Loan,9926.43
CUST103546,2022-04-04,Credit Card,7116.28
CUST103547,2021-05-22,Personal Loan,42049.69
CUST103547,2022-07-02,Home Loan,167103.67
CUST103547,2022-06-20,Personal Loan,9302.72
CUST103547,2021-10-18,Credit Card,168961.12
CUST103547,2022-05-29,Unsecured Others,140223.66
CUST103548,2022-02-08,Unsecured Others,182164.03
CUST103548,2022-08-15,Personal Loan,20320.48
CUST103550,2021-06-18,Auto Loan,130202.86
CUST103550,2021-09-30,Auto Loan,115962.29
CUST103550,2022-08-23,Home Loan,121770.47
CUST103550,2021-05-05,Credit Card,119980.23
CUST103550,2022-02-04,Credit Card,180695.77
CUST103550,2021-02-01,Home Loan,13430.75
CUST103551,2022-04-28,Personal Loan,124145.49
CUST103552,2021-11-05,Auto Loan,150003.05
CUST103552,2021-06-30,Home Loan,37042.95
CUST103552,2022-01-15,Unsecured Others,142102.64
CUST103552,2021-05-23,Home Loan,100409.92
CUST103552,2022-10-20,Credit Card,82923.32
CUST103552,2021-02-01,Credit Card,31697.11
CUST103552,2022-06-02,Credit Card,147067.84
CUST103553,2022-03-02,Unsecured Others,185969.4
CUST103553,2021-12-09,Credit Card,29155.53
CUST103554,2021-07-22,Unsecured Others,30399.46
CUST103555,2021-07-12,Unsecured Others,186052.45
CUST103555,2021-07-31,Home Loan,125756.59
CUST103555,2022-03-28,Unsecured Others,149742.66
CUST103555,2021-02-13,Credit Card,8069.43
CUST103555,2021-01-25,Home Loan,113727.76
CUST103555,2022-01-19,Auto Loan,158124.18
CUST103555,2022-04-14,Auto Loan,17826.2
CUST103556,2021-12-11,Home Loan,61501.81
CUST103557,2021-11-28,Personal Loan,7434.3
CUST103557,2021-06-02,Credit Card,111528.71
CUST103557,2022-12-19,Home Loan,126460.54
CUST103557,2022-12-25,Credit Card,136702.37
CUST103557,2021-05-01,Home Loan,67018.42
CUST103558,2021-02-19,Auto Loan,182402.99
CUST103558,2022-12-13,Auto Loan,19642.94
CUST103558,2022-07-27,Unsecured Others,186153.73
CUST103558,2021-08-19,Unsecured Others,47426.99
CUST103559,2022-10-04,Unsecured Others,157305.84
CUST103559,2022-03-20,Unsecured Others,121750.67
CUST103559,2021-09-30,Personal Loan,148100.56
CUST103560,2021-10-29,Home Loan,115747.3
CUST103560,2022-02-20,Personal Loan,57419.86
CUST103560,2022-12-17,Auto Loan,158501.13
CUST103560,2021-05-13,Auto Loan,12149.82
CUST103561,2022-03-05,Unsecured Others,72816.62
CUST103561,2022-12-14,Credit Card,138977.61
CUST103561,2022-06-23,Unsecured Others,153490.75
CUST103562,2022-12-16,Personal Loan,134012.55
CUST103562,2021-09-06,Auto Loan,36398.58
CUST103562,2022-05-13,Home Loan,177078.94
CUST103563,2021-06-26,Auto Loan,40127.63
CUST103563,2022-09-05,Auto Loan,62646.61
CUST103563,2021-12-16,Auto Loan,47731.43
CUST103564,2022-12-04,Auto Loan,79188.9
CUST103564,2022-02-15,Credit Card,49017.45
CUST103564,2021-11-06,Home Loan,27664.15
CUST103564,2021-09-18,Home Loan,98688.5
CUST103565,2021-12-12,Auto Loan,88807.02
CUST103565,2022-08-03,Credit Card,134030.61
CUST103565,2022-06-22,Personal Loan,73072.71
CUST103565,2022-12-13,Unsecured Others,73196.23
CUST103565,2022-08-22,Home Loan,165014.38
CUST103565,2021-06-10,Auto Loan,104192.72
CUST103565,2021-08-23,Auto Loan,25884.61
CUST103566,2022-11-01,Unsecured Others,35691.12
CUST103566,2022-02-23,Unsecured Others,5797.96
CUST103566,2021-03-28,Unsecured Others,197712.72
CUST103566,2021-10-21,Personal Loan,181827.06
CUST103566,2021-03-07,Auto Loan,13476.93
CUST103567,2022-02-07,Unsecured Others,175318.51
CUST103567,2021-06-26,Credit Card,61285.15
CUST103567,2022-01-24,Unsecured Others,56064.9
CUST103567,2021-01-08,Home Loan,124535.31
CUST103568,2022-05-12,Credit Card,79174.59
CUST103568,2021-03-12,Auto Loan,178960.97
CUST103568,2022-01-15,Credit Card,46872.27
CUST103569,2021-12-21,Unsecured Others,193903.7
CUST103569,2022-01-12,Home Loan,194640.26
CUST103569,2021-06-22,Unsecured Others,120580.21
CUST103569,2022-10-29,Unsecured Others,78613.99
CUST103570,2021-11-24,Unsecured Others,187803.57
CUST103570,2021-07-09,Auto Loan,177385.61
CUST103570,2021-06-05,Auto Loan,166860.36
CUST103570,2022-10-12,Unsecured Others,69035.09
CUST103570,2021-05-17,Credit Card,76200.25
CUST103571,2021-10-25,Home Loan,61862.26
CUST103571,2021-04-05,Unsecured Others,150432.63
CUST103571,2021-04-28,Unsecured Others,111080.27
CUST103571,2021-09-21,Auto Loan,54637.4
CUST103571,2022-06-02,Unsecured Others,63363.13
CUST103572,2022-06-29,Personal Loan,10805.68
CUST103572,2021-09-09,Home Loan,75540.32
CUST103572,2021-10-01,Auto Loan,86500.01
CUST103572,2021-12-26,Credit Card,69376.77
CUST103572,2021-02-03,Unsecured Others,108425.77
CUST103573,2021-05-31,Credit Card,98297.99
CUST103573,2022-02-22,Unsecured Others,48359.5
CUST103573,2022-06-15,Home Loan,47403.3
CUST103573,2022-03-14,Credit Card,193628.08
CUST103573,2022-11-05,Auto Loan,187217.67
CUST103573,2021-09-08,Auto Loan,33492.63
CUST103574,2021-02-16,Credit Card,142376.11
CUST103574,2021-05-28,Credit Card,13050.01
CUST103574,2021-11-28,Personal Loan,159049.32
CUST103574,2021-04-28,Home Loan,88887.2
CUST103574,2021-05-06,Auto Loan,21252.4
CUST103574,2022-03-08,Personal Loan,197074.92
CUST103574,2021-05-08,Personal Loan,120342.08
CUST103575,2021-03-14,Personal Loan,25434.57
CUST103576,2021-03-06,Credit Card,130252.51
CUST103577,2022-09-16,Home Loan,71054.01
CUST103577,2022-12-06,Personal Loan,87529.53
CUST103578,2021-12-09,Credit Card,174108.41
CUST103579,2021-01-05,Unsecured Others,195406.25
CUST103579,2021-06-07,Auto Loan,76406.33
CUST103579,2022-08-31,Credit Card,125546.48
CUST103579,2022-02-06,Personal Loan,186527.41
CUST103579,2022-07-15,Unsecured Others,141382.07
CUST103580,2021-09-30,Unsecured Others,97067.16
CUST103580,2022-07-24,Auto Loan,29703.16
CUST103580,2022-11-17,Home Loan,102479.53
CUST103580,2021-05-26,Personal Loan,31899.3
CUST103580,2021-08-05,Home Loan,139279.55
CUST103580,2022-08-01,Home Loan,35286.52
CUST103580,2021-12-11,Auto Loan,143712.29
CUST103581,2021-07-14,Home Loan,64468.2
CUST103581,2021-05-08,Personal Loan,82622.57
CUST103581,2022-12-20,Auto Loan,119827.75
CUST103581,2022-07-05,Auto Loan,91311.66
CUST103581,2021-05-29,Unsecured Others,198989.06
CUST103581,2022-11-04,Personal Loan,133886.85
CUST103581,2021-10-17,Unsecured Others,117263.77
CUST103582,2022-12-07,Personal Loan,183387.76
CUST103582,2021-08-22,Credit Card,79132.71
CUST103582,2022-07-01,Auto Loan,27582.56
CUST103582,2022-09-18,Home Loan,135501.78
CUST103583,2021-01-28,Personal Loan,28954.6
CUST103583,2021-02-15,Auto Loan,25711.27
CUST103583,2021-01-22,Personal Loan,8030.92
CUST103583,2021-05-04,Auto Loan,121866.33
CUST103583,2022-10-20,Unsecured Others,78899.32
CUST103584,2022-02-23,Home Loan,17488.06
CUST103584,2021-08-14,Home Loan,81339.39
CUST103584,2022-11-29,Unsecured Others,85796.63
CUST103584,2022-12-21,Personal Loan,186821.59
CUST103584,2022-04-13,Unsecured Others,12709.81
CUST103584,2021-05-15,Personal Loan,162809.51
CUST103584,2021-05-07,Credit Card,56600.25
CUST103585,2021-01-15,Home Loan,171419.93
CUST103585,2021-11-17,Personal Loan,15133.97
CUST103585,2022-07-01,Home Loan,103076.74
CUST103587,2021-11-11,Credit Card,62981.96
CUST103587,2022-07-18,Home Loan,7204.01
CUST103588,2021-08-22,Auto Loan,190738.3
CUST103589,2021-07-11,Auto Loan,167035.24
CUST103589,2022-10-23,Auto Loan,15638.93
CUST103589,2022-10-21,Home Loan,6024.07
CUST103589,2022-07-17,Unsecured Others,95313.64
CUST103589,2022-06-08,Auto Loan,93052.3
CUST103589,2022-11-15,Personal Loan,121338.94
CUST103589,2022-12-16,Credit Card,31846.73
CUST103590,2021-01-26,Unsecured Others,158782.24
CUST103590,2022-08-15,Personal Loan,171377.76
CUST103590,2021-09-08,Home Loan,79164.04
CUST103590,2022-03-14,Credit Card,126853.67
CUST103590,2021-11-24,Auto Loan,114610.44
CUST103591,2022-12-07,Unsecured Others,33382.31
CUST103591,2022-02-17,Auto Loan,78142.27
CUST103591,2021-04-02,Home Loan,173168.58
CUST103591,2021-06-12,Home Loan,185819.34
CUST103591,2021-09-18,Credit Card,118381.31
CUST103591,2022-02-05,Credit Card,156379.74
CUST103591,2022-01-25,Personal Loan,59600.84
CUST103592,2021-04-30,Personal Loan,120105.31
CUST103592,2021-04-19,Personal Loan,91864.79
CUST103593,2022-09-01,Unsecured Others,26082.22
CUST103594,2022-04-03,Personal Loan,110182.58
CUST103594,2022-02-10,Auto Loan,22621.16
CUST103594,2022-07-30,Unsecured Others,56705.7
CUST103594,2022-05-01,Auto Loan,118471.26
CUST103594,2022-06-04,Home Loan,188593.17
CUST103594,2021-11-11,Auto Loan,31051.68
CUST103595,2021-11-05,Auto Loan,92547.72
CUST103595,2022-04-07,Auto Loan,162584.23
CUST103596,2021-08-06,Auto Loan,36181.42
CUST103596,2022-10-21,Home Loan,131250.37
CUST103596,2022-09-25,Home Loan,163427.72
CUST103596,2021-10-26,Auto Loan,172781.02
CUST103596,2022-06-23,Home Loan,166892.98
CUST103596,2021-03-11,Auto Loan,185506.42
CUST103597,2022-04-04,Credit Card,27811.93
CUST103598,2022-07-22,Auto Loan,185869.91
CUST103598,2021-07-04,Auto Loan,37826.77
CUST103599,2022-12-06,Credit Card,131863.9
CUST103599,2021-05-04,Credit Card,33666.43
CUST103599,2021-04-18,Personal Loan,112457.02
CUST103600,2022-01-23,Unsecured Others,131416.78
CUST103600,2022-11-27,Auto Loan,176743.97
CUST103600,2022-09-13,Credit Card,191863.8
CUST103600,2021-02-02,Auto Loan,20071.48
CUST103600,2022-01-30,Personal Loan,163143.88
CUST103601,2022-05-13,Credit Card,119487.24
CUST103601,2021-04-05,Unsecured Others,17092.75
CUST103601,2021-10-17,Personal Loan,101970.05
CUST103601,2022-02-22,Credit Card,165196.45
CUST103602,2021-04-20,Personal Loan,199543.16
CUST103603,2022-03-13,Auto Loan,176989.7
CUST103603,2022-12-02,Credit Card,44886.31
CUST103603,2021-09-08,Home Loan,53771.01
CUST103603,2021-12-09,Personal Loan,76699.71
CUST103603,2022-03-02,Personal Loan,82179.92
CUST103603,2022-03-30,Auto Loan,97828.57
CUST103603,2022-08-18,Auto Loan,70961.47
CUST103604,2021-07-02,Credit Card,5184.21
CUST103604,2022-12-18,Personal Loan,19744.37
CUST103604,2021-12-06,Personal Loan,196829.81
CUST103604,2022-05-05,Home Loan,158052.77
CUST103604,2022-05-13,Unsecured Others,163304.81
CUST103605,2021-06-25,Auto Loan,14785.48
CUST103605,2021-12-16,Unsecured Others,67605.02
CUST103605,2021-01-07,Unsecured Others,39531.01
CUST103605,2021-01-13,Auto Loan,29954.38
CUST103605,2022-06-05,Unsecured Others,91038.94
CUST103605,2022-12-08,Auto Loan,102417.91
CUST103606,2021-11-17,Home Loan,70288.9
CUST103606,2022-01-04,Credit Card,189454.05
CUST103608,2022-10-20,Personal Loan,121994.13
CUST103608,2022-01-22,Credit Card,49713.45
CUST103608,2021-03-18,Credit Card,15548.52
CUST103608,2022-06-18,Auto Loan,19048.32
CUST103609,2022-12-10,Credit Card,127707.13
CUST103609,2021-11-01,Personal Loan,112409.28
CUST103609,2021-03-14,Personal Loan,47634.86
CUST103609,2022-10-24,Home Loan,170756.05
CUST103609,2022-10-30,Auto Loan,128206.72
CUST103609,2021-05-06,Unsecured Others,142949.58
CUST103609,2021-02-07,Auto Loan,37636.8
CUST103610,2021-04-28,Auto Loan,135529.54
CUST103610,2021-04-07,Credit Card,173672.35
CUST103610,2021-07-01,Auto Loan,17488.32
CUST103610,2021-01-16,Personal Loan,193312.14
CUST103610,2021-03-15,Personal Loan,58535.87
CUST103610,2021-06-01,Personal Loan,172124.26
CUST103611,2022-10-13,Auto Loan,40317.78
CUST103612,2021-08-10,Credit Card,38757.63
CUST103612,2021-04-18,Home Loan,187329.04
CUST103613,2022-06-18,Credit Card,143440.74
CUST103613,2022-06-10,Auto Loan,47691.45
CUST103614,2021-07-30,Unsecured Others,61221.24
CUST103614,2021-04-21,Personal Loan,159010.84
CUST103614,2021-02-26,Personal Loan,149875.34
CUST103616,2022-03-07,Home Loan,50514.6
CUST103616,2022-02-09,Personal Loan,165363.46
CUST103616,2022-06-19,Personal Loan,196491.43
CUST103616,2021-01-02,Personal Loan,7795.31
CUST103616,2022-07-23,Personal Loan,142293.51
CUST103617,2022-10-05,Credit Card,97277.54
CUST103617,2022-09-01,Home Loan,26888.68
CUST103617,2021-08-01,Credit Card,56887.58
CUST103618,2022-04-07,Unsecured Others,149324.31
CUST103618,2021-05-13,Credit Card,61360.28
CUST103618,2021-04-24,Unsecured Others,50608.83
CUST103618,2022-09-19,Credit Card,97979.48
CUST103619,2022-11-30,Credit Card,185100.21
CUST103619,2021-05-03,Home Loan,165179.56
CUST103619,2021-03-29,Personal Loan,89376.24
CUST103619,2021-04-24,Auto Loan,8107.25
CUST103620,2021-02-03,Personal Loan,115188.7
CUST103620,2022-06-05,Unsecured Others,153050.15
CUST103620,2022-10-29,Unsecured Others,90656.79
CUST103620,2022-02-12,Unsecured Others,199619.42
CUST103620,2022-12-26,Personal Loan,179721.74
CUST103620,2021-10-20,Auto Loan,154435.55
CUST103621,2021-04-16,Home Loan,151085.94
CUST103621,2022-08-14,Home Loan,156615.07
CUST103621,2022-05-07,Home Loan,187418.6
CUST103621,2021-09-03,Auto Loan,124583.44
CUST103621,2021-10-30,Unsecured Others,132717.81
CUST103621,2022-09-27,Auto Loan,56004.7
CUST103621,2022-09-16,Auto Loan,89502.98
CUST103622,2021-01-12,Auto Loan,102290.75
CUST103622,2023-01-01,Home Loan,73674.31
CUST103622,2021-10-25,Home Loan,149073.05
CUST103622,2021-12-03,Credit Card,72949.49
CUST103622,2021-04-03,Personal Loan,143142.04
CUST103623,2021-04-19,Auto Loan,112327.61
CUST103623,2021-01-18,Unsecured Others,8646.13
CUST103623,2022-12-28,Auto Loan,43817.16
CUST103623,2021-09-17,Personal Loan,104341.45
CUST103623,2022-12-22,Unsecured Others,178935.3
CUST103624,2022-09-01,Unsecured Others,126320.63
CUST103624,2022-01-30,Home Loan,43369.84
CUST103624,2021-10-12,Auto Loan,150705.16
CUST103624,2022-09-29,Credit Card,12182.23
CUST103624,2022-04-25,Personal Loan,191146.35
CUST103624,2021-12-30,Home Loan,100380.18
CUST103624,2022-06-24,Auto Loan,13344.68
CUST103625,2022-01-23,Home Loan,11062.88
CUST103625,2021-05-14,Credit Card,140042.1
CUST103625,2022-02-10,Credit Card,73118.44
CUST103625,2021-04-03,Personal Loan,175416.9
CUST103626,2022-09-10,Home Loan,38393.0
CUST103626,2022-10-30,Auto Loan,17073.11
CUST103626,2021-08-30,Unsecured Others,84963.93
CUST103626,2022-09-21,Personal Loan,91540.22
CUST103626,2021-09-07,Personal Loan,141866.89
CUST103626,2021-02-24,Unsecured Others,76476.12
CUST103626,2021-10-04,Home Loan,97237.7
CUST103627,2022-10-01,Auto Loan,122860.6
CUST103627,2022-09-17,Credit Card,17290.31
CUST103627,2021-12-07,Auto Loan,104971.48
CUST103627,2022-12-23,Unsecured Others,36923.91
CUST103628,2022-04-13,Home Loan,71541.19
CUST103628,2021-07-23,Home Loan,167778.2
CUST103628,2022-06-03,Home Loan,183375.55
CUST103628,2022-05-07,Credit Card,74438.38
CUST103628,2022-03-19,Home Loan,56934.11
CUST103628,2022-02-20,Unsecured Others,100806.05
CUST103628,2022-04-18,Home Loan,164072.41
CUST103629,2022-09-10,Home Loan,101968.7
CUST103630,2022-06-19,Credit Card,168473.73
CUST103631,2021-02-05,Credit Card,86134.01
CUST103632,2021-11-23,Unsecured Others,101571.98
CUST103632,2022-07-16,Unsecured Others,15115.65
CUST103633,2022-01-29,Home Loan,26433.56
CUST103633,2022-07-27,Personal Loan,18428.96
CUST103634,2021-08-06,Auto Loan,112735.74
CUST103634,2022-10-16,Auto Loan,147192.14
CUST103634,2021-12-11,Auto Loan,152732.63
CUST103635,2022-10-01,Home Loan,47785.0
CUST103635,2022-10-18,Unsecured Others,82134.22
CUST103635,2021-06-15,Credit Card,179550.55
CUST103636,2022-08-31,Credit Card,13944.61
CUST103637,2021-08-03,Personal Loan,150130.76
CUST103638,2021-05-17,Credit Card,194243.88
CUST103638,2022-07-09,Credit Card,171974.49
CUST103638,2022-07-06,Home Loan,64640.78
CUST103639,2022-10-02,Personal Loan,12865.79
CUST103639,2021-07-23,Home Loan,28095.64
CUST103639,2021-09-24,Personal Loan,73536.02
CUST103640,2021-05-31,Unsecured Others,155793.38
CUST103641,2022-09-17,Home Loan,10920.13
CUST103641,2021-05-20,Home Loan,193419.88
CUST103643,2021-10-24,Personal Loan,81521.61
CUST103643,2021-07-30,Unsecured Others,92372.29
CUST103644,2022-11-25,Credit Card,21849.43
CUST103644,2021-08-29,Personal Loan,174377.87
CUST103644,2022-10-19,Home Loan,71283.64
CUST103644,2022-02-15,Personal Loan,35398.0
CUST103644,2022-02-26,Unsecured Others,160571.32
CUST103645,2022-10-12,Unsecured Others,78897.57
CUST103645,2021-03-10,Unsecured Others,17984.96
CUST103645,2022-04-04,Personal Loan,81324.66
CUST103645,2022-01-13,Auto Loan,162878.25
CUST103646,2022-02-16,Personal Loan,43478.39
CUST103646,2022-04-18,Home Loan,12993.57
CUST103646,2022-01-29,Home Loan,180440.38
CUST103646,2022-04-06,Personal Loan,31798.94
CUST103646,2022-04-11,Unsecured Others,73361.8
CUST103646,2022-12-21,Home Loan,142668.25
CUST103647,2022-03-09,Auto Loan,8232.11
CUST103647,2022-11-27,Auto Loan,198084.41
CUST103647,2022-09-13,Home Loan,53369.34
CUST103647,2022-01-27,Home Loan,127954.1
CUST103647,2021-07-20,Personal Loan,149642.38
CUST103647,2022-03-05,Personal Loan,182691.13
CUST103648,2022-04-14,Auto Loan,174816.93
CUST103648,2022-01-01,Home Loan,79513.51
CUST103648,2022-05-03,Credit Card,42395.62
CUST103648,2022-10-15,Credit Card,58352.81
CUST103648,2021-09-19,Personal Loan,49666.98
CUST103649,2021-06-18,Credit Card,109509.79
CUST103649,2022-08-08,Home Loan,59487.41
CUST103650,2021-05-28,Home Loan,46021.91
CUST103650,2021-06-18,Personal Loan,11336.89
CUST103651,2021-11-25,Auto Loan,60979.44
CUST103651,2022-08-28,Home Loan,10156.81
CUST103651,2022-06-10,Personal Loan,95509.86
CUST103651,2022-11-30,Unsecured Others,111983.35
CUST103651,2022-02-16,Credit Card,185385.24
CUST103653,2021-08-14,Home Loan,114202.57
CUST103653,2021-04-26,Unsecured Others,142236.87
CUST103653,2022-05-10,Home Loan,124929.1
CUST103653,2022-01-18,Personal Loan,6732.5
CUST103653,2022-09-07,Home Loan,160974.21
CUST103654,2021-03-08,Home Loan,145573.55
CUST103654,2022-01-20,Credit Card,138811.35
CUST103655,2021-01-22,Home Loan,92556.36
CUST103655,2021-05-13,Auto Loan,66176.31
CUST103657,2022-08-19,Auto Loan,30698.12
CUST103657,2022-07-29,Home Loan,67507.72
CUST103657,2022-07-14,Home Loan,116194.77
CUST103657,2022-03-14,Credit Card,71739.31
CUST103657,2022-01-09,Unsecured Others,130465.63
CUST103657,2022-11-11,Auto Loan,160767.11
CUST103657,2022-09-23,Auto Loan,162419.56
CUST103658,2021-09-06,Auto Loan,117466.94
CUST103658,2022-09-28,Auto Loan,133282.36
CUST103658,2022-02-12,Home Loan,106379.64
CUST103658,2022-05-13,Personal Loan,53614.3
CUST103658,2022-03-02,Home Loan,161287.7
CUST103659,2022-10-16,Home Loan,92524.5
CUST103659,2022-02-09,Personal Loan,89871.36
CUST103659,2022-01-02,Unsecured Others,65204.89
CUST103660,2022-10-05,Unsecured Others,73399.07
CUST103660,2021-07-22,Unsecured Others,58068.56
CUST103662,2022-12-25,Unsecured Others,141607.52
CUST103662,2021-04-02,Unsecured Others,85124.16
CUST103662,2022-07-14,Personal Loan,151297.9
CUST103662,2021-10-02,Credit Card,55449.98
CUST103662,2022-03-08,Personal Loan,92778.19
CUST103662,2021-01-10,Personal Loan,196229.16
CUST103663,2022-06-03,Credit Card,151923.59
CUST103663,2021-10-26,Auto Loan,75866.08
CUST103664,2022-09-06,Personal Loan,172527.11
CUST103665,2022-06-10,Credit Card,85364.69
CUST103665,2022-10-07,Personal Loan,165309.57
CUST103665,2021-07-05,Auto Loan,88775.34
CUST103665,2022-03-10,Unsecured Others,56903.56
CUST103666,2021-12-02,Unsecured Others,186531.48
CUST103666,2022-01-10,Home Loan,99566.09
CUST103667,2021-05-01,Credit Card,52283.95
CUST103667,2022-10-21,Unsecured Others,23938.8
CUST103667,2021-12-10,Auto Loan,144901.62
CUST103667,2022-04-21,Credit Card,115070.16
CUST103667,2022-11-16,Auto Loan,17847.66
CUST103667,2021-04-21,Unsecured Others,142128.63
CUST103667,2022-11-13,Home Loan,185939.72
CUST103668,2022-08-09,Credit Card,128987.25
CUST103668,2022-05-12,Personal Loan,133494.64
CUST103668,2021-06-10,Unsecured Others,68077.01
CUST103669,2021-05-26,Home Loan,30239.87
CUST103669,2021-03-03,Home Loan,137522.33
CUST103669,2021-12-04,Auto Loan,62629.79
CUST103670,2021-06-17,Auto Loan,32521.17
CUST103670,2022-11-10,Auto Loan,198077.06
CUST103672,2022-03-31,Home Loan,24537.22
CUST103672,2021-10-05,Personal Loan,41928.77
CUST103672,2022-01-31,Unsecured Others,194808.57
CUST103673,2022-10-27,Auto Loan,71122.18
CUST103673,2021-12-28,Home Loan,91520.1
CUST103673,2022-05-27,Home Loan,84356.59
CUST103674,2022-05-25,Home Loan,190892.69
CUST103674,2021-03-11,Unsecured Others,36997.42
CUST103674,2021-02-22,Unsecured Others,11935.96
CUST103675,2021-06-17,Credit Card,129498.87
CUST103676,2021-02-08,Personal Loan,120428.01
CUST103677,2022-04-28,Credit Card,112162.8
CUST103677,2021-05-15,Home Loan,182295.06
CUST103677,2022-09-07,Credit Card,84762.95
CUST103677,2021-12-25,Personal Loan,146267.55
CUST103678,2021-05-14,Auto Loan,142526.17
CUST103678,2021-02-02,Home Loan,152631.29
CUST103678,2021-12-09,Auto Loan,16626.89
CUST103679,2022-04-09,Unsecured Others,160026.09
CUST103680,2021-10-21,Credit Card,129818.22
CUST103680,2022-10-31,Auto Loan,190207.95
CUST103680,2021-12-16,Credit Card,184332.18
CUST103680,2022-02-17,Credit Card,73036.37
CUST103682,2022-11-29,Personal Loan,5948.51
CUST103682,2022-10-01,Personal Loan,34706.94
CUST103682,2022-10-06,Personal Loan,25863.73
CUST103682,2022-07-04,Unsecured Others,111950.48
CUST103682,2022-11-02,Unsecured Others,120721.36
CUST103682,2022-08-22,Auto Loan,115193.23
CUST103683,2022-07-19,Credit Card,169867.37
CUST103683,2022-06-05,Credit Card,183691.42
CUST103683,2021-07-18,Personal Loan,86385.68
CUST103684,2021-02-21,Auto Loan,91085.18
CUST103684,2022-07-31,Credit Card,12631.56
CUST103684,2022-04-25,Auto Loan,92155.39
CUST103684,2022-03-03,Unsecured Others,73478.49
CUST103684,2022-05-05,Auto Loan,142483.29
CUST103685,2022-04-01,Unsecured Others,182455.04
CUST103685,2022-01-16,Unsecured Others,142440.13
CUST103685,2021-01-19,Unsecured Others,196073.06
CUST103685,2022-03-09,Unsecured Others,18081.03
CUST103686,2021-02-24,Unsecured Others,12055.6
CUST103686,2021-02-08,Credit Card,51187.28
CUST103686,2021-01-10,Personal Loan,26363.22
CUST103686,2022-05-14,Unsecured Others,44519.62
CUST103687,2021-01-19,Auto Loan,14033.9
CUST103687,2022-08-21,Auto Loan,127737.31
CUST103687,2022-08-05,Unsecured Others,46640.27
CUST103687,2022-02-23,Personal Loan,26455.43
CUST103687,2022-06-19,Credit Card,73822.43
CUST103688,2021-12-24,Personal Loan,21436.15
CUST103689,2022-01-31,Home Loan,140715.59
CUST103689,2021-01-22,Auto Loan,36332.2
CUST103689,2022-11-19,Home Loan,142529.25
CUST103689,2021-06-09,Home Loan,77247.73
CUST103689,2021-03-22,Credit Card,179210.26
CUST103690,2022-11-14,Home Loan,97633.88
CUST103690,2021-02-18,Credit Card,79643.55
CUST103691,2022-09-01,Auto Loan,143358.58
CUST103691,2022-09-13,Credit Card,50817.97
CUST103691,2021-01-09,Unsecured Others,114436.6
CUST103691,2022-01-17,Unsecured Others,171527.19
CUST103691,2021-12-29,Unsecured Others,90240.76
CUST103691,2021-08-22,Home Loan,199903.99
CUST103692,2022-01-08,Home Loan,89516.97
CUST103692,2022-03-09,Unsecured Others,143515.19
CUST103692,2021-08-08,Auto Loan,13939.81
CUST103693,2021-10-12,Auto Loan,182233.45
CUST103694,2022-05-16,Credit Card,188174.74
CUST103694,2022-02-15,Home Loan,77037.48
CUST103694,2021-09-01,Home Loan,52864.1
CUST103695,2022-12-06,Auto Loan,92122.78
CUST103695,2022-07-10,Personal Loan,28353.07
CUST103695,2021-11-23,Personal Loan,102688.45
CUST103696,2021-11-27,Personal Loan,34748.39
CUST103696,2022-10-26,Home Loan,165665.66
CUST103696,2022-06-28,Auto Loan,106979.08
CUST103696,2021-04-26,Credit Card,178430.93
CUST103696,2021-07-16,Home Loan,19617.97
CUST103697,2022-02-10,Unsecured Others,62028.78
CUST103697,2022-12-03,Personal Loan,84862.81
CUST103697,2022-11-22,Unsecured Others,73600.88
CUST103698,2022-01-20,Auto Loan,114230.19
CUST103699,2022-08-06,Credit Card,154803.04
CUST103699,2022-12-31,Home Loan,12821.85
CUST103699,2021-03-08,Home Loan,139631.62
CUST103699,2021-02-05,Auto Loan,91874.39
CUST103699,2022-12-12,Personal Loan,193445.52
CUST103699,2022-02-19,Credit Card,125234.88
CUST103700,2021-08-20,Home Loan,80610.27
CUST103700,2022-02-15,Personal Loan,109762.92
CUST103700,2022-10-16,Personal Loan,110140.34
CUST103700,2022-02-18,Personal Loan,159347.08
CUST103700,2022-12-02,Personal Loan,129199.23
CUST103700,2022-06-20,Credit Card,50620.48
CUST103700,2021-12-04,Home Loan,52683.44
CUST103701,2022-08-15,Unsecured Others,71184.94
CUST103701,2022-10-04,Personal Loan,48447.28
CUST103701,2021-05-19,Credit Card,93563.89
CUST103701,2021-10-04,Unsecured Others,12191.51
CUST103702,2022-09-09,Credit Card,103503.01
CUST103702,2021-07-27,Auto Loan,84751.69
CUST103702,2021-01-08,Personal Loan,121845.69
CUST103702,2021-07-29,Home Loan,98549.4
CUST103702,2022-05-10,Personal Loan,196987.62
CUST103702,2022-10-26,Credit Card,117168.93
CUST103702,2021-08-23,Personal Loan,43800.68
CUST103703,2021-03-15,Home Loan,78060.96
CUST103703,2022-01-21,Unsecured Others,175063.82
CUST103703,2022-09-16,Home Loan,162536.77
CUST103703,2021-10-18,Home Loan,5083.41
CUST103703,2022-02-20,Auto Loan,43636.62
CUST103703,2021-02-13,Home Loan,72325.35
CUST103703,2021-05-06,Auto Loan,70300.85
CUST103704,2022-01-31,Unsecured Others,150663.97
CUST103705,2021-07-05,Auto Loan,11051.87
CUST103705,2022-11-12,Home Loan,189693.57
CUST103705,2022-06-29,Personal Loan,71905.69
CUST103705,2022-10-21,Auto Loan,44878.61
CUST103706,2021-05-15,Credit Card,18445.95
CUST103707,2022-02-07,Credit Card,162666.88
CUST103707,2022-12-05,Auto Loan,193644.45
CUST103707,2022-07-06,Auto Loan,34650.59
CUST103707,2022-07-05,Unsecured Others,8123.1
CUST103707,2021-04-14,Auto Loan,35018.01
CUST103709,2022-12-09,Home Loan,110183.71
CUST103709,2022-10-16,Unsecured Others,92024.58
CUST103709,2021-08-18,Home Loan,115478.78
CUST103710,2021-05-10,Unsecured Others,82367.52
CUST103710,2021-03-19,Unsecured Others,41177.57
CUST103710,2022-06-25,Unsecured Others,146218.98
CUST103710,2022-11-07,Personal Loan,77664.32
CUST103710,2022-04-25,Personal Loan,87454.14
CUST103711,2022-03-24,Home Loan,184976.76
CUST103711,2021-03-17,Auto Loan,15606.58
CUST103711,2022-03-18,Personal Loan,77565.2
CUST103711,2021-03-26,Home Loan,85884.27
CUST103711,2023-01-01,Auto Loan,14656.37
CUST103711,2022-07-11,Home Loan,80404.0
CUST103712,2022-09-06,Auto Loan,97061.45
CUST103712,2021-06-05,Personal Loan,73182.08
CUST103712,2022-09-09,Credit Card,16798.7
CUST103712,2022-11-30,Unsecured Others,92956.39
CUST103713,2021-05-08,Home Loan,164597.61
CUST103713,2021-05-24,Auto Loan,135250.09
CUST103714,2022-11-05,Auto Loan,122991.26
CUST103714,2022-07-03,Auto Loan,44379.43
CUST103715,2021-04-29,Auto Loan,50025.75
CUST103715,2021-07-13,Home Loan,92144.53
CUST103715,2021-08-03,Auto Loan,161895.42
CUST103715,2021-02-04,Home Loan,147657.78
CUST103715,2021-08-28,Personal Loan,76430.01
CUST103715,2022-08-17,Personal Loan,30304.75
CUST103717,2021-08-24,Credit Card,93673.84
CUST103717,2022-06-20,Auto Loan,122657.15
CUST103718,2022-10-05,Auto Loan,42729.11
CUST103718,2022-04-06,Home Loan,120707.41
CUST103718,2022-05-01,Credit Card,65724.65
CUST103718,2021-11-11,Personal Loan,141771.48
CUST103718,2022-04-05,Credit Card,159139.77
CUST103718,2021-03-14,Credit Card,30945.79
CUST103720,2022-08-27,Personal Loan,55688.58
CUST103720,2022-09-18,Credit Card,194684.15
CUST103721,2022-05-25,Auto Loan,164572.45
CUST103721,2022-12-03,Home Loan,116089.87
CUST103721,2021-03-14,Personal Loan,63884.53
CUST103721,2021-08-26,Credit Card,10862.41
CUST103722,2021-04-15,Home Loan,16306.8
CUST103722,2022-10-22,Credit Card,108001.63
CUST103722,2021-06-07,Unsecured Others,198750.44
CUST103722,2021-05-19,Home Loan,77395.99
CUST103723,2021-06-21,Personal Loan,92074.61
CUST103724,2022-03-19,Auto Loan,97391.89
CUST103724,2022-07-14,Personal Loan,41504.67
CUST103724,2021-07-16,Credit Card,15187.36
CUST103724,2021-06-25,Home Loan,118881.59
CUST103724,2022-01-26,Personal Loan,182672.25
CUST103724,2022-11-16,Home Loan,11740.52
CUST103726,2021-07-29,Credit Card,176146.7
CUST103726,2022-12-05,Auto Loan,152135.44
CUST103726,2022-12-17,Home Loan,30744.19
CUST103726,2021-03-22,Unsecured Others,42689.17
CUST103726,2021-04-03,Auto Loan,148053.44
CUST103726,2021-11-20,Home Loan,178941.04
CUST103726,2021-10-31,Personal Loan,194293.36
CUST103727,2021-06-03,Personal Loan,60026.9
CUST103727,2021-03-24,Credit Card,126192.35
CUST103727,2022-02-02,Personal Loan,39912.49
CUST103727,2022-04-30,Personal Loan,74133.15
CUST103727,2022-07-24,Credit Card,8837.46
CUST103727,2021-03-06,Home Loan,7192.48
CUST103727,2021-04-26,Personal Loan,46249.73
CUST103728,2022-04-24,Credit Card,127270.51
CUST103730,2021-09-20,Auto Loan,193867.28
CUST103730,2021-10-09,Auto Loan,32527.8
CUST103730,2021-09-04,Credit Card,25743.17
CUST103731,2022-02-12,Home Loan,166755.08
CUST103731,2022-06-30,Credit Card,174191.09
CUST103731,2022-02-09,Home Loan,153182.51
CUST103731,2022-05-18,Auto Loan,162884.81
CUST103731,2022-09-12,Home Loan,59862.62
CUST103732,2021-01-04,Credit Card,49821.58
CUST103733,2021-12-23,Personal Loan,106668.63
CUST103734,2022-01-31,Home Loan,115698.93
CUST103734,2021-01-24,Home Loan,131697.69
CUST103734,2021-12-13,Home Loan,15655.78
CUST103734,2021-07-17,Personal Loan,86473.27
CUST103734,2021-02-28,Auto Loan,99984.15
CUST103735,2021-12-11,Home Loan,152434.47
CUST103735,2021-01-30,Unsecured Others,96337.27
CUST103735,2021-10-14,Auto Loan,171889.14
CUST103735,2022-07-11,Home Loan,126373.11
CUST103735,2022-12-26,Auto Loan,18301.45
CUST103735,2022-05-16,Home Loan,167505.42
CUST103736,2021-03-06,Credit Card,189523.6
CUST103736,2022-04-26,Credit Card,135170.32
CUST103736,2022-04-27,Credit Card,75028.23
CUST103736,2022-11-19,Unsecured Others,34944.62
CUST103736,2021-03-04,Personal Loan,138151.34
CUST103737,2022-02-02,Personal Loan,86135.62
CUST103737,2021-11-26,Unsecured Others,123325.71
CUST103737,2021-12-01,Home Loan,32502.17
CUST103737,2021-08-06,Unsecured Others,140720.64
CUST103737,2021-08-03,Home Loan,79411.35
CUST103737,2021-03-27,Home Loan,160990.13
CUST103738,2022-05-31,Personal Loan,108160.16
CUST103738,2022-03-28,Credit Card,42828.18
CUST103738,2022-09-29,Unsecured Others,168836.44
CUST103739,2021-06-13,Home Loan,82868.1
CUST103739,2021-08-17,Credit Card,61506.73
CUST103739,2021-12-27,Home Loan,197552.16
CUST103739,2021-01-12,Auto Loan,112108.92
CUST103739,2021-08-03,Home Loan,171556.79
CUST103740,2021-04-17,Personal Loan,17903.4
CUST103740,2021-07-17,Unsecured Others,87643.73
CUST103740,2022-05-06,Home Loan,109415.89
CUST103740,2022-08-12,Home Loan,29798.49
CUST103740,2021-10-18,Auto Loan,186465.44
CUST103740,2021-05-13,Unsecured Others,151296.87
CUST103740,2022-04-01,Credit Card,126515.52
CUST103741,2021-11-02,Credit Card,66198.3
CUST103741,2021-12-31,Unsecured Others,42950.5
CUST103742,2021-09-11,Auto Loan,67568.07
CUST103742,2021-09-10,Personal Loan,24222.48
CUST103742,2022-07-08,Unsecured Others,39724.85
CUST103742,2021-03-19,Auto Loan,57857.8
CUST103742,2021-02-28,Home Loan,83730.56
CUST103743,2022-10-17,Home Loan,187030.26
CUST103743,2021-11-05,Home Loan,158996.03
CUST103743,2021-01-08,Auto Loan,75039.36
CUST103743,2022-11-13,Home Loan,159092.63
CUST103743,2021-09-12,Auto Loan,191541.66
CUST103745,2022-12-26,Auto Loan,92871.12
CUST103745,2021-08-02,Auto Loan,23077.84
CUST103745,2022-04-23,Auto Loan,11433.84
CUST103745,2021-11-09,Auto Loan,28551.89
CUST103745,2022-10-02,Home Loan,158570.53
CUST103745,2021-08-15,Credit Card,80826.2
CUST103746,2022-10-19,Auto Loan,151347.99
CUST103746,2021-04-18,Home Loan,123853.96
CUST103746,2022-05-08,Auto Loan,84627.32
CUST103747,2022-08-19,Unsecured Others,32362.31
CUST103747,2021-12-05,Personal Loan,26993.24
CUST103748,2022-01-29,Auto Loan,88118.79
CUST103748,2022-09-23,Auto Loan,17450.52
CUST103748,2022-12-28,Auto Loan,170531.35
CUST103748,2022-04-17,Auto Loan,21497.89
CUST103748,2021-11-05,Credit Card,45830.75
CUST103748,2021-02-08,Credit Card,183557.67
CUST103749,2021-12-24,Personal Loan,30156.56
CUST103749,2021-09-22,Home Loan,52452.29
CUST103749,2022-10-02,Auto Loan,72229.77
CUST103749,2021-02-23,Unsecured Others,186252.8
CUST103749,2021-04-13,Unsecured Others,33381.04
CUST103750,2022-07-07,Home Loan,174112.01
CUST103750,2021-02-10,Auto Loan,55128.97
CUST103750,2022-05-17,Auto Loan,143459.31
CUST103750,2022-01-02,Auto Loan,126280.18
CUST103751,2022-12-15,Personal Loan,42042.16
CUST103751,2022-09-19,Unsecured Others,182714.25
CUST103752,2022-12-05,Home Loan,138051.92
CUST103752,2021-01-24,Unsecured Others,142006.78
CUST103752,2022-08-08,Personal Loan,135160.03
CUST103752,2021-06-23,Credit Card,68034.88
CUST103752,2022-08-28,Unsecured Others,193581.31
CUST103752,2021-03-25,Home Loan,131091.05
CUST103752,2022-02-24,Auto Loan,64622.91
CUST103753,2022-01-06,Auto Loan,183064.32
CUST103754,2021-07-06,Personal Loan,169598.96
CUST103754,2022-02-01,Credit Card,96124.98
CUST103755,2021-03-23,Credit Card,77483.29
CUST103755,2021-08-26,Unsecured Others,186830.61
CUST103756,2021-12-24,Credit Card,135377.38
CUST103756,2021-04-17,Unsecured Others,98961.51
CUST103756,2022-12-10,Auto Loan,139606.31
CUST103756,2022-01-29,Home Loan,82702.34
CUST103759,2021-10-05,Personal Loan,198119.9
CUST103759,2022-04-29,Home Loan,77073.97
CUST103759,2022-03-28,Unsecured Others,163421.95
CUST103759,2021-09-12,Credit Card,15924.02
CUST103759,2021-12-11,Unsecured Others,124760.33
CUST103759,2021-12-12,Credit Card,31021.91
CUST103759,2021-05-27,Auto Loan,10106.07
CUST103760,2022-04-20,Home Loan,36024.42
CUST103760,2021-10-27,Credit Card,180727.06
CUST103761,2021-06-05,Personal Loan,122211.51
CUST103761,2021-06-09,Credit Card,169832.73
CUST103761,2022-07-30,Home Loan,128197.29
CUST103761,2021-02-28,Auto Loan,136831.45
CUST103761,2022-07-05,Unsecured Others,20818.31
CUST103761,2021-01-30,Unsecured Others,119908.99
CUST103761,2022-03-08,Unsecured Others,164552.6
CUST103762,2021-05-25,Unsecured Others,121323.63
CUST103762,2021-06-04,Unsecured Others,106227.92
CUST103762,2022-06-07,Personal Loan,132009.22
CUST103762,2022-08-20,Home Loan,115210.83
CUST103763,2021-09-12,Personal Loan,165274.95
CUST103763,2021-08-17,Unsecured Others,48028.89
CUST103763,2022-05-20,Home Loan,44112.19
CUST103763,2021-09-18,Unsecured Others,118788.19
CUST103764,2022-01-28,Personal Loan,72502.08
CUST103764,2021-01-02,Credit Card,63034.72
CUST103764,2022-10-05,Credit Card,179042.45
CUST103764,2022-03-01,Unsecured Others,114686.59
CUST103764,2021-10-26,Personal Loan,156236.73
CUST103764,2021-08-14,Personal Loan,73883.5
CUST103764,2021-11-30,Personal Loan,151635.47
CUST103765,2021-03-21,Auto Loan,15487.51
CUST103766,2021-01-11,Home Loan,8235.13
CUST103766,2022-01-01,Credit Card,115341.42
CUST103766,2022-11-08,Unsecured Others,129562.12
CUST103766,2021-11-15,Credit Card,87704.71
CUST103766,2022-10-09,Home Loan,69407.15
CUST103766,2021-06-22,Home Loan,117640.68
CUST103766,2022-08-29,Auto Loan,85682.87
CUST103767,2022-01-09,Personal Loan,133377.6
CUST103768,2021-03-25,Unsecured Others,15759.95
CUST103768,2021-01-23,Home Loan,16588.36
CUST103768,2022-09-20,Personal Loan,133488.41
CUST103768,2022-12-11,Credit Card,100200.59
CUST103768,2022-07-13,Credit Card,128572.15
CUST103768,2022-06-19,Credit Card,130727.84
CUST103769,2022-06-13,Unsecured Others,174232.8
CUST103769,2021-02-16,Credit Card,147307.09
CUST103769,2021-01-11,Auto Loan,179987.66
CUST103769,2022-01-23,Home Loan,134726.64
CUST103769,2022-08-15,Unsecured Others,153093.83
CUST103769,2021-07-27,Home Loan,193487.55
CUST103770,2021-05-17,Credit Card,53202.47
CUST103770,2022-05-26,Credit Card,162202.94
CUST103770,2021-03-22,Auto Loan,192257.85
CUST103770,2022-08-04,Credit Card,172641.11
CUST103770,2022-10-06,Auto Loan,118747.88
CUST103770,2022-05-15,Auto Loan,111687.03
CUST103770,2021-01-29,Home Loan,41256.18
CUST103771,2021-11-24,Home Loan,112612.56
CUST103771,2022-06-01,Auto Loan,185220.42
CUST103771,2022-07-29,Unsecured Others,69576.87
CUST103771,2021-06-25,Credit Card,70157.75
CUST103771,2022-05-23,Home Loan,134600.72
CUST103771,2021-12-12,Auto Loan,192378.5
CUST103771,2021-04-01,Home Loan,86775.46
CUST103772,2021-07-26,Auto Loan,103750.52
CUST103773,2022-01-22,Personal Loan,181187.46
CUST103773,2022-08-03,Auto Loan,29665.88
CUST103773,2022-12-10,Auto Loan,102713.9
CUST103774,2021-03-22,Auto Loan,174886.32
CUST103774,2021-08-08,Unsecured Others,117168.76
CUST103775,2021-05-18,Credit Card,67544.61
CUST103775,2021-02-04,Credit Card,109029.73
CUST103775,2022-10-19,Home Loan,189438.86
CUST103775,2022-07-16,Unsecured Others,190419.01
CUST103775,2021-08-03,Credit Card,31942.6
CUST103776,2022-08-04,Auto Loan,100367.11
CUST103776,2022-04-03,Unsecured Others,176695.71
CUST103776,2022-03-26,Credit Card,117304.68
CUST103776,2021-06-25,Home Loan,183460.57
CUST103777,2021-09-23,Credit Card,144198.98
CUST103777,2021-01-30,Home Loan,158761.59
CUST103777,2022-06-02,Credit Card,112381.69
CUST103778,2021-07-12,Unsecured Others,123287.41
CUST103778,2021-01-28,Unsecured Others,133996.53
CUST103778,2021-10-09,Credit Card,56553.86
CUST103778,2021-01-15,Home Loan,70238.54
CUST103778,2021-07-23,Auto Loan,69611.8
CUST103779,2021-08-01,Credit Card,134463.19
CUST103779,2022-06-05,Credit Card,82947.13
CUST103779,2021-11-23,Personal Loan,44558.97
CUST103779,2021-04-16,Auto Loan,73646.53
CUST103779,2021-11-25,Personal Loan,83866.78
CUST103779,2022-09-04,Home Loan,18871.79
CUST103779,2021-09-18,Home Loan,122306.28
CUST103780,2021-06-23,Credit Card,134656.5
CUST103780,2021-01-12,Personal Loan,163890.72
CUST103780,2022-01-10,Personal Loan,35242.71
CUST103780,2022-05-13,Personal Loan,137737.37
CUST103780,2021-09-08,Personal Loan,56397.76
CUST103781,2021-01-19,Personal Loan,82765.11
CUST103781,2021-09-23,Personal Loan,188670.77
CUST103782,2022-10-25,Unsecured Others,142579.78
CUST103782,2022-09-06,Home Loan,188907.73
CUST103782,2021-01-20,Auto Loan,46489.88
CUST103782,2022-03-24,Personal Loan,101492.02
CUST103782,2021-09-15,Credit Card,46059.08
CUST103783,2021-02-23,Auto Loan,79840.67
CUST103783,2021-12-19,Home Loan,11279.6
CUST103783,2022-04-28,Unsecured Others,55463.45
CUST103783,2022-12-26,Home Loan,163708.52
CUST103783,2022-10-24,Auto Loan,150426.48
CUST103783,2022-04-21,Auto Loan,37178.97
CUST103784,2022-10-23,Personal Loan,69766.51
CUST103784,2022-06-14,Home Loan,71114.52
CUST103784,2022-05-01,Personal Loan,26562.59
CUST103785,2021-05-25,Auto Loan,54154.84
CUST103785,2021-07-18,Home Loan,175765.6
CUST103786,2022-12-29,Credit Card,116244.36
CUST103787,2021-05-25,Credit Card,86922.16
CUST103787,2021-04-30,Unsecured Others,156765.94
CUST103787,2022-06-21,Auto Loan,118655.3
CUST103787,2022-03-30,Auto Loan,54804.07
CUST103788,2022-12-28,Personal Loan,141081.98
CUST103788,2021-07-16,Auto Loan,18929.13
CUST103788,2021-10-31,Unsecured Others,141836.29
CUST103788,2022-09-27,Home Loan,181547.0
CUST103788,2021-05-06,Personal Loan,198016.86
CUST103789,2022-04-26,Credit Card,21969.82
CUST103789,2022-12-04,Unsecured Others,115211.05
CUST103789,2022-12-01,Personal Loan,95656.93
CUST103789,2022-01-06,Auto Loan,113271.45
CUST103789,2021-07-22,Auto Loan,182241.91
CUST103790,2021-07-02,Home Loan,179150.69
CUST103790,2022-07-27,Personal Loan,111152.62
CUST103790,2021-04-12,Home Loan,61696.31
CUST103790,2022-04-21,Auto Loan,114310.09
CUST103791,2022-01-15,Home Loan,38850.73
CUST103791,2022-04-01,Personal Loan,185967.52
CUST103791,2022-03-07,Credit Card,89268.41
CUST103791,2022-09-12,Home Loan,158275.19
CUST103791,2021-09-11,Personal Loan,124953.53
CUST103791,2022-11-18,Unsecured Others,18886.22
CUST103792,2022-11-19,Credit Card,179837.62
CUST103792,2021-11-12,Unsecured Others,68695.53
CUST103792,2021-06-27,Home Loan,79807.8
CUST103793,2022-10-25,Credit Card,28937.32
CUST103793,2022-01-09,Home Loan,132089.33
CUST103793,2021-08-18,Credit Card,80625.25
CUST103793,2021-10-11,Credit Card,77494.98
CUST103793,2021-01-14,Credit Card,31054.53
CUST103794,2021-06-12,Unsecured Others,176894.15
CUST103794,2022-12-16,Credit Card,40753.62
CUST103794,2021-10-24,Home Loan,167663.36
CUST103794,2022-12-22,Personal Loan,25785.36
CUST103794,2022-10-02,Personal Loan,15154.38
CUST103795,2022-05-25,Home Loan,192929.18
CUST103795,2022-11-21,Credit Card,35542.53
CUST103795,2021-08-07,Home Loan,74399.31
CUST103795,2021-07-18,Unsecured Others,63579.66
CUST103795,2021-05-14,Personal Loan,72520.35
CUST103795,2021-04-08,Personal Loan,181934.19
CUST103796,2021-12-20,Personal Loan,28936.34
CUST103796,2021-03-15,Credit Card,22541.0
CUST103796,2022-10-10,Unsecured Others,91157.23
CUST103796,2022-02-10,Auto Loan,34307.39
CUST103796,2022-11-13,Auto Loan,52444.59
CUST103796,2021-02-24,Credit Card,136373.7
CUST103796,2022-06-05,Unsecured Others,135206.32
CUST103797,2021-03-07,Credit Card,105746.55
CUST103797,2021-03-05,Credit Card,114628.04
CUST103797,2021-04-26,Auto Loan,85038.12
CUST103797,2022-11-16,Personal Loan,149296.24
CUST103798,2021-07-09,Personal Loan,134261.94
CUST103798,2021-04-24,Personal Loan,198219.15
CUST103798,2021-09-24,Personal Loan,194713.28
CUST103800,2022-01-23,Auto Loan,98642.02
CUST103800,2022-12-29,Home Loan,24486.51
CUST103800,2021-04-25,Credit Card,124764.93
CUST103800,2021-05-30,Credit Card,15577.48
CUST103800,2022-11-13,Unsecured Others,186338.04
CUST103801,2022-01-27,Unsecured Others,152952.1
CUST103801,2021-07-04,Personal Loan,182558.74
CUST103801,2021-05-14,Credit Card,118069.07
CUST103801,2022-01-11,Home Loan,126376.65
CUST103801,2022-04-22,Unsecured Others,106792.58
CUST103802,2021-05-08,Unsecured Others,90622.45
CUST103802,2022-01-09,Home Loan,189061.67
CUST103803,2022-08-29,Unsecured Others,23112.12
CUST103803,2022-11-27,Unsecured Others,26087.65
CUST103803,2022-09-25,Home Loan,64427.11
CUST103803,2021-03-25,Auto Loan,45307.79
CUST103804,2022-04-29,Credit Card,92774.7
CUST103804,2021-05-31,Home Loan,74261.1
CUST103804,2021-11-20,Credit Card,8803.33
CUST103804,2021-01-17,Home Loan,155713.82
CUST103804,2021-11-01,Auto Loan,163939.97
CUST103804,2021-12-07,Personal Loan,11890.1
CUST103804,2021-11-05,Personal Loan,155096.1
CUST103805,2021-06-27,Personal Loan,154285.77
CUST103805,2021-12-15,Credit Card,165248.12
CUST103805,2021-03-18,Home Loan,55231.13
CUST103805,2021-12-10,Home Loan,129881.17
CUST103807,2022-10-28,Home Loan,107100.61
CUST103807,2022-03-10,Credit Card,35334.13
CUST103808,2022-01-30,Home Loan,138323.65
CUST103808,2021-10-26,Home Loan,190332.85
CUST103808,2022-11-24,Unsecured Others,84452.27
CUST103809,2022-05-29,Unsecured Others,32914.71
CUST103809,2022-05-04,Auto Loan,91501.27
CUST103809,2021-10-11,Auto Loan,17117.32
CUST103811,2022-01-20,Credit Card,24931.55
CUST103811,2021-10-05,Auto Loan,136322.22
CUST103811,2021-08-04,Personal Loan,18974.19
CUST103811,2022-10-19,Auto Loan,68719.71
CUST103811,2021-02-05,Unsecured Others,184924.83
CUST103811,2021-07-27,Credit Card,128702.93
CUST103812,2022-09-25,Personal Loan,74850.12
CUST103812,2022-08-14,Credit Card,68336.1
CUST103813,2022-03-01,Auto Loan,170510.99
CUST103814,2021-03-07,Credit Card,18363.74
CUST103814,2021-06-24,Credit Card,130069.99
CUST103814,2021-12-20,Auto Loan,53254.25
CUST103815,2021-11-29,Unsecured Others,121342.72
CUST103816,2022-12-26,Unsecured Others,21643.99
CUST103816,2022-04-27,Unsecured Others,41895.13
CUST103816,2021-04-27,Home Loan,17355.02
CUST103816,2022-03-03,Credit Card,172906.37
CUST103817,2021-07-14,Home Loan,148034.95
CUST103817,2021-11-14,Credit Card,128548.66
CUST103817,2021-11-08,Credit Card,90463.18
CUST103817,2022-07-29,Credit Card,180026.35
CUST103818,2021-08-01,Auto Loan,141937.34
CUST103818,2021-02-22,Credit Card,166372.95
CUST103818,2022-03-14,Auto Loan,106569.89
CUST103819,2022-02-22,Home Loan,192880.15
CUST103819,2021-10-11,Unsecured Others,42971.43
CUST103820,2022-11-30,Home Loan,43608.08
CUST103820,2021-09-12,Personal Loan,57174.53
CUST103820,2021-10-12,Personal Loan,197724.79
CUST103820,2021-05-09,Auto Loan,28750.48
CUST103820,2021-07-08,Credit Card,185896.39
CUST103820,2021-04-30,Credit Card,66449.49
CUST103820,2022-10-30,Personal Loan,115947.01
CUST103821,2022-05-16,Home Loan,62218.29
CUST103821,2021-09-14,Unsecured Others,130251.85
CUST103821,2021-09-03,Home Loan,43804.91
CUST103821,2022-01-30,Auto Loan,9531.73
CUST103821,2022-10-05,Home Loan,104849.82
CUST103822,2021-02-27,Auto Loan,195409.0
CUST103822,2021-04-28,Credit Card,50349.48
CUST103822,2022-02-04,Auto Loan,35507.61
CUST103823,2021-05-26,Personal Loan,66889.36
CUST103823,2022-08-15,Credit Card,98930.9
CUST103823,2022-05-17,Auto Loan,139086.77
CUST103823,2021-02-01,Home Loan,38583.96
CUST103823,2021-01-20,Personal Loan,147995.94
CUST103823,2022-04-08,Unsecured Others,77165.57
CUST103825,2021-10-19,Home Loan,135786.48
CUST103825,2022-12-25,Auto Loan,85949.56
CUST103825,2021-05-07,Auto Loan,50700.9
CUST103825,2021-04-25,Unsecured Others,186417.87
CUST103825,2021-03-29,Home Loan,50020.41
CUST103826,2022-04-19,Credit Card,88398.54
CUST103826,2021-04-11,Unsecured Others,80920.27
CUST103827,2022-03-02,Credit Card,198900.04
CUST103827,2021-03-16,Auto Loan,73183.59
CUST103827,2022-02-16,Home Loan,77977.8
CUST103827,2022-11-21,Home Loan,187869.26
CUST103828,2022-09-21,Personal Loan,151799.35
CUST103828,2021-02-02,Credit Card,17563.23
CUST103828,2021-09-01,Unsecured Others,198024.83
CUST103828,2021-01-06,Personal Loan,36630.67
CUST103828,2021-03-09,Credit Card,132367.14
CUST103828,2021-06-10,Home Loan,31112.17
CUST103828,2022-03-18,Personal Loan,64526.41
CUST103829,2022-07-24,Personal Loan,171127.64
CUST103830,2022-12-31,Auto Loan,190375.72
CUST103830,2022-03-05,Home Loan,24242.07
CUST103830,2022-01-22,Unsecured Others,66577.44
CUST103830,2022-11-06,Home Loan,149792.57
CUST103831,2021-08-31,Auto Loan,180232.08
CUST103831,2022-06-20,Personal Loan,25749.33
CUST103831,2021-08-06,Home Loan,133918.15
CUST103831,2021-07-23,Credit Card,189316.03
CUST103831,2021-05-28,Unsecured Others,29307.57
CUST103831,2021-04-04,Home Loan,176928.61
CUST103832,2021-04-20,Unsecured Others,143449.08
CUST103833,2022-11-01,Auto Loan,66432.3
CUST103833,2021-08-07,Unsecured Others,46744.49
CUST103833,2021-04-01,Unsecured Others,178827.73
CUST103833,2022-11-23,Unsecured Others,157067.67
CUST103833,2021-05-26,Home Loan,64652.95
CUST103835,2022-09-29,Unsecured Others,101547.6
CUST103835,2022-11-08,Home Loan,76839.28
CUST103835,2021-08-10,Unsecured Others,30634.58
CUST103835,2021-06-07,Unsecured Others,123930.81
CUST103835,2021-12-20,Credit Card,185223.37
CUST103836,2022-06-03,Credit Card,173253.99
CUST103836,2021-11-15,Credit Card,36592.39
CUST103836,2022-08-26,Auto Loan,85851.18
CUST103837,2021-06-03,Auto Loan,29435.47
CUST103837,2022-04-16,Personal Loan,88095.84
CUST103837,2021-12-21,Unsecured Others,159856.1
CUST103837,2021-01-30,Personal Loan,65009.62
CUST103837,2022-06-26,Auto Loan,152484.39
CUST103838,2022-05-02,Personal Loan,127287.56
CUST103838,2021-06-06,Home Loan,183744.61
CUST103838,2022-10-13,Home Loan,93847.09
CUST103838,2022-03-01,Auto Loan,141168.67
CUST103838,2022-04-22,Auto Loan,66713.1
CUST103838,2021-06-25,Credit Card,60323.04
CUST103840,2022-03-24,Auto Loan,62772.47
CUST103840,2022-12-21,Unsecured Others,166390.34
CUST103840,2022-11-07,Credit Card,100422.88
CUST103844,2022-06-30,Personal Loan,138187.19
CUST103844,2022-10-26,Auto Loan,140043.93
CUST103844,2021-10-28,Unsecured Others,38224.12
CUST103844,2021-03-06,Credit Card,171983.94
CUST103844,2021-10-03,Unsecured Others,48581.61
CUST103844,2021-12-16,Auto Loan,6285.84
CUST103845,2022-10-10,Credit Card,118349.1
CUST103845,2022-05-03,Auto Loan,143468.84
CUST103846,2022-11-17,Personal Loan,195954.18
CUST103846,2021-08-22,Home Loan,139110.72
CUST103847,2021-09-20,Auto Loan,89086.31
CUST103847,2022-03-18,Unsecured Others,137558.86
CUST103847,2022-02-12,Personal Loan,143956.38
CUST103848,2021-07-18,Credit Card,77825.59
CUST103848,2022-09-01,Personal Loan,157063.22
CUST103848,2022-06-07,Unsecured Others,71516.73
CUST103848,2022-12-13,Credit Card,18014.81
CUST103848,2021-06-17,Auto Loan,39541.24
CUST103848,2021-11-30,Unsecured Others,165615.87
CUST103848,2021-04-25,Home Loan,125099.73
CUST103849,2021-06-21,Unsecured Others,141234.96
CUST103849,2022-07-20,Credit Card,118056.7
CUST103849,2022-04-28,Credit Card,89058.07
CUST103849,2022-04-19,Credit Card,152131.62
CUST103850,2021-04-03,Credit Card,82488.95
CUST103850,2022-03-23,Personal Loan,52228.92
CUST103850,2021-03-27,Auto Loan,90587.01
CUST103851,2021-12-12,Auto Loan,80744.86
CUST103851,2021-03-23,Home Loan,47946.28
CUST103851,2022-01-16,Auto Loan,21899.41
CUST103852,2022-09-03,Auto Loan,86428.68
CUST103852,2022-01-03,Credit Card,173121.25
CUST103852,2022-02-19,Auto Loan,182204.89
CUST103852,2022-11-13,Personal Loan,115044.78
CUST103853,2022-11-30,Personal Loan,126621.33
CUST103853,2021-09-10,Home Loan,109009.02
CUST103853,2022-08-21,Personal Loan,50245.96
CUST103853,2022-06-30,Personal Loan,48022.52
CUST103853,2021-11-07,Personal Loan,111294.45
CUST103853,2022-01-22,Unsecured Others,185783.99
CUST103854,2022-08-03,Credit Card,50221.03
CUST103854,2022-09-04,Unsecured Others,138759.58
CUST103854,2021-12-11,Personal Loan,147996.6
CUST103854,2021-08-27,Personal Loan,163565.57
CUST103854,2022-09-02,Home Loan,196952.63
CUST103854,2021-02-23,Home Loan,141437.6
CUST103855,2022-12-03,Personal Loan,142434.49
CUST103855,2021-12-22,Auto Loan,128474.01
CUST103855,2021-07-23,Credit Card,108445.19
CUST103855,2022-07-29,Credit Card,38666.66
CUST103855,2022-12-30,Auto Loan,188687.06
CUST103855,2021-02-10,Unsecured Others,51006.26
CUST103855,2021-11-06,Auto Loan,94595.21
CUST103857,2021-12-20,Unsecured Others,59080.27
CUST103857,2021-03-25,Unsecured Others,129086.85
CUST103857,2021-10-11,Credit Card,154563.9
CUST103857,2022-09-11,Unsecured Others,28912.0
CUST103857,2022-09-21,Personal Loan,159291.88
CUST103858,2021-08-05,Personal Loan,46048.88
CUST103858,2022-01-07,Home Loan,18021.99
CUST103858,2021-08-02,Auto Loan,65719.17
CUST103858,2022-11-09,Home Loan,120364.39
CUST103858,2022-05-14,Unsecured Others,78313.21
CUST103858,2021-10-30,Personal Loan,66960.86
CUST103859,2022-02-16,Credit Card,35385.95
CUST103859,2021-03-14,Personal Loan,183047.78
CUST103859,2021-07-02,Credit Card,185279.2
CUST103859,2021-11-16,Home Loan,145823.03
CUST103859,2021-09-11,Auto Loan,52150.38
CUST103860,2021-12-24,Unsecured Others,26600.67
CUST103860,2022-08-20,Personal Loan,88754.28
CUST103860,2021-06-01,Credit Card,51306.46
CUST103860,2021-06-27,Credit Card,112833.41
CUST103860,2021-03-09,Auto Loan,199739.58
CUST103860,2022-11-04,Personal Loan,36648.01
CUST103862,2022-07-13,Auto Loan,136409.93
CUST103862,2021-02-09,Auto Loan,141673.12
CUST103862,2022-01-07,Auto Loan,113836.68
CUST103862,2021-06-01,Credit Card,186226.01
CUST103865,2021-03-03,Home Loan,87567.87
CUST103866,2022-01-12,Credit Card,109373.29
CUST103866,2021-02-14,Auto Loan,25094.58
CUST103866,2022-11-01,Unsecured Others,14172.26
CUST103866,2021-10-12,Credit Card,41592.2
CUST103866,2022-07-26,Credit Card,147915.29
CUST103866,2022-07-26,Home Loan,16500.11
CUST103867,2022-10-26,Unsecured Others,27173.59
CUST103867,2021-12-28,Credit Card,68655.06
CUST103867,2022-06-08,Personal Loan,37805.67
CUST103867,2022-02-11,Personal Loan,23505.45
CUST103867,2022-03-22,Home Loan,62104.08
CUST103867,2022-12-01,Home Loan,142680.66
CUST103868,2022-12-05,Home Loan,81028.88
CUST103868,2021-04-07,Personal Loan,121386.29
CUST103868,2022-12-04,Personal Loan,119925.7
CUST103868,2021-06-30,Home Loan,115761.64
CUST103868,2021-11-27,Unsecured Others,75889.76
CUST103868,2022-11-13,Unsecured Others,159119.06
CUST103868,2022-01-01,Personal Loan,122178.04
CUST103869,2021-07-18,Auto Loan,45239.84
CUST103869,2022-05-25,Home Loan,170547.15
CUST103869,2022-06-30,Auto Loan,145763.84
CUST103869,2021-04-11,Home Loan,45445.77
CUST103869,2022-05-17,Personal Loan,158229.05
CUST103870,2022-06-01,Personal Loan,53403.01
CUST103870,2022-12-04,Credit Card,137623.85
CUST103870,2021-04-13,Auto Loan,12958.56
CUST103870,2022-12-23,Home Loan,107531.06
CUST103870,2022-03-15,Unsecured Others,95546.45
CUST103870,2022-01-26,Auto Loan,87120.2
CUST103871,2022-12-14,Auto Loan,104079.36
CUST103871,2021-03-15,Unsecured Others,127510.96
CUST103871,2022-12-10,Home Loan,185033.63
CUST103872,2022-01-10,Auto Loan,155043.36
CUST103872,2021-12-19,Auto Loan,102988.39
CUST103872,2021-06-24,Personal Loan,11081.94
CUST103872,2022-07-24,Credit Card,35066.95
CUST103873,2021-08-13,Home Loan,100758.37
CUST103873,2022-02-11,Auto Loan,166594.46
CUST103873,2022-09-12,Unsecured Others,71736.3
CUST103873,2022-01-25,Credit Card,189680.75
CUST103873,2022-11-10,Home Loan,187661.58
CUST103875,2022-01-03,Credit Card,153525.58
CUST103875,2022-01-20,Unsecured Others,117270.95
CUST103875,2021-12-15,Auto Loan,134800.93
CUST103875,2021-01-30,Unsecured Others,101830.08
CUST103875,2022-11-25,Auto Loan,87405.82
CUST103876,2022-07-14,Home Loan,21098.58
CUST103876,2022-02-28,Home Loan,191636.24
CUST103876,2021-10-30,Credit Card,173626.19
CUST103876,2022-03-25,Unsecured Others,55832.78
CUST103876,2021-11-05,Credit Card,118404.99
CUST103877,2022-02-23,Personal Loan,119725.54
CUST103877,2021-06-13,Personal Loan,122836.27
CUST103877,2021-11-20,Credit Card,26627.73
CUST103877,2021-06-13,Personal Loan,7886.94
CUST103877,2021-01-21,Home Loan,97274.86
CUST103877,2022-08-12,Credit Card,75422.83
CUST103878,2021-05-01,Auto Loan,130150.5
CUST103878,2021-01-15,Auto Loan,196140.61
CUST103879,2022-08-25,Unsecured Others,109585.02
CUST103880,2022-06-04,Home Loan,145900.14
CUST103880,2021-03-19,Auto Loan,111812.47
CUST103881,2022-02-27,Personal Loan,5241.78
CUST103881,2022-04-22,Auto Loan,145483.5
CUST103881,2022-08-18,Personal Loan,141042.88
CUST103881,2021-03-08,Unsecured Others,175076.13
CUST103881,2022-04-16,Credit Card,103447.68
CUST103881,2022-10-22,Home Loan,170702.47
CUST103881,2021-07-14,Personal Loan,146319.36
CUST103882,2022-11-09,Credit Card,122786.53
CUST103882,2022-02-18,Credit Card,135507.27
CUST103882,2022-09-15,Auto Loan,159921.62
CUST103882,2022-11-21,Personal Loan,187684.28
CUST103882,2022-05-15,Unsecured Others,146383.18
CUST103882,2022-07-18,Home Loan,27544.65
CUST103883,2022-05-17,Unsecured Others,180345.84
CUST103883,2022-01-23,Credit Card,21588.34
CUST103883,2022-06-09,Home Loan,150143.33
CUST103883,2022-09-12,Auto Loan,103544.06
CUST103883,2022-12-08,Credit Card,36998.99
CUST103884,2022-03-22,Auto Loan,120489.41
CUST103884,2022-12-25,Auto Loan,159906.29
CUST103884,2021-03-31,Credit Card,172893.42
CUST103885,2021-09-15,Home Loan,44770.26
CUST103885,2021-07-24,Personal Loan,164165.76
CUST103886,2022-03-28,Auto Loan,58462.95
CUST103887,2022-07-19,Home Loan,53623.27
CUST103887,2022-05-26,Credit Card,149178.0
CUST103887,2021-06-05,Credit Card,189695.56
CUST103887,2022-06-12,Credit Card,107051.24
CUST103887,2022-08-06,Home Loan,134479.71
CUST103887,2022-07-14,Home Loan,192025.26
CUST103888,2022-10-23,Personal Loan,35043.9
CUST103888,2022-10-02,Unsecured Others,72714.49
CUST103888,2022-04-17,Personal Loan,142035.28
CUST103888,2022-03-30,Auto Loan,14710.48
CUST103888,2021-04-19,Unsecured Others,86286.69
CUST103888,2022-03-25,Home Loan,119258.11
CUST103888,2022-03-20,Unsecured Others,114990.44
CUST103889,2021-12-24,Unsecured Others,28644.62
CUST103889,2022-11-11,Unsecured Others,122510.57
CUST103889,2021-02-20,Auto Loan,174147.78
CUST103890,2022-05-30,Personal Loan,147949.01
CUST103890,2021-03-30,Unsecured Others,150450.35
CUST103890,2021-09-19,Personal Loan,121158.98
CUST103891,2022-12-13,Credit Card,87888.04
CUST103892,2021-05-30,Credit Card,51198.02
CUST103892,2021-10-07,Credit Card,159867.62
CUST103892,2022-03-28,Home Loan,27817.74
CUST103892,2021-03-27,Credit Card,134900.73
CUST103892,2022-02-05,Unsecured Others,167151.03
CUST103893,2022-03-15,Home Loan,66721.38
CUST103893,2021-05-07,Credit Card,178032.28
CUST103893,2022-04-19,Auto Loan,191170.37
CUST103893,2022-06-23,Unsecured Others,62333.16
CUST103893,2021-03-31,Personal Loan,38230.09
CUST103894,2023-01-01,Credit Card,60599.82
CUST103894,2022-02-26,Unsecured Others,175220.34
CUST103894,2021-11-14,Unsecured Others,54458.81
CUST103894,2022-11-28,Unsecured Others,101661.81
CUST103895,2021-08-01,Credit Card,11836.09
CUST103895,2021-08-09,Personal Loan,151638.49
CUST103895,2022-06-17,Home Loan,31789.15
CUST103896,2022-06-07,Auto Loan,131303.32
CUST103896,2021-12-16,Personal Loan,144008.54
CUST103896,2022-07-27,Auto Loan,23560.3
CUST103896,2022-09-26,Home Loan,178119.31
CUST103896,2022-07-29,Auto Loan,84249.33
CUST103896,2021-05-07,Credit Card,45256.02
CUST103896,2022-11-09,Auto Loan,141494.72
CUST103897,2022-04-09,Unsecured Others,100237.78
CUST103897,2022-04-16,Personal Loan,126870.61
CUST103897,2021-01-25,Personal Loan,56142.97
CUST103897,2022-05-04,Unsecured Others,185318.3
CUST103897,2022-08-21,Auto Loan,115414.22
CUST103899,2022-12-06,Auto Loan,93073.57
CUST103899,2021-12-23,Unsecured Others,73282.23
CUST103899,2022-09-27,Credit Card,127642.55
CUST103899,2021-09-03,Auto Loan,63606.47
CUST103900,2021-11-02,Credit Card,103795.65
CUST103900,2022-07-15,Home Loan,107545.37
CUST103901,2021-05-08,Home Loan,123185.23
CUST103901,2021-05-18,Personal Loan,120749.19
CUST103901,2021-03-03,Auto Loan,70656.52
CUST103901,2021-06-11,Credit Card,182255.5
CUST103901,2021-12-08,Home Loan,120758.53
CUST103902,2022-06-22,Personal Loan,198392.9
CUST103903,2022-08-15,Auto Loan,181601.96
CUST103903,2021-12-14,Unsecured Others,168911.32
CUST103903,2021-02-02,Credit Card,176856.94
CUST103903,2021-12-20,Home Loan,118368.19
CUST103903,2022-12-28,Unsecured Others,156157.44
CUST103904,2022-10-03,Credit Card,191856.44
CUST103904,2021-01-13,Personal Loan,179780.09
CUST103904,2021-08-30,Auto Loan,159880.61
CUST103904,2021-06-28,Home Loan,25934.7
CUST103905,2022-09-22,Auto Loan,187392.47
CUST103905,2021-12-02,Credit Card,150951.26
CUST103905,2022-04-09,Credit Card,176139.46
CUST103905,2022-08-21,Home Loan,172636.53
CUST103906,2022-09-19,Personal Loan,72523.8
CUST103906,2021-04-03,Home Loan,136683.72
CUST103907,2021-01-14,Personal Loan,96865.69
CUST103907,2021-03-11,Home Loan,140433.66
CUST103907,2022-11-22,Personal Loan,92144.1
CUST103907,2021-04-08,Auto Loan,179616.36
CUST103907,2021-07-07,Personal Loan,127680.66
CUST103908,2022-10-26,Unsecured Others,74592.67
CUST103908,2022-09-19,Unsecured Others,60651.65
CUST103908,2022-08-27,Home Loan,84178.36
CUST103908,2021-04-10,Personal Loan,102202.0
CUST103908,2021-11-25,Unsecured Others,50730.52
CUST103908,2021-11-09,Credit Card,165053.01
CUST103909,2022-02-25,Personal Loan,198050.43
CUST103909,2021-03-17,Auto Loan,52689.92
CUST103909,2021-07-17,Personal Loan,166475.75
CUST103909,2021-11-26,Auto Loan,51948.62
CUST103910,2022-06-30,Unsecured Others,23072.65
CUST103910,2022-09-23,Home Loan,11260.28
CUST103910,2021-04-28,Unsecured Others,179825.77
CUST103911,2021-02-12,Credit Card,197183.56
CUST103911,2022-07-13,Unsecured Others,7270.15
CUST103911,2021-03-13,Personal Loan,194291.1
CUST103912,2021-06-21,Unsecured Others,150939.66
CUST103912,2021-11-28,Credit Card,31983.54
CUST103912,2022-11-11,Unsecured Others,77810.97
CUST103912,2022-03-17,Auto Loan,51886.18
CUST103913,2022-02-19,Personal Loan,15933.13
CUST103913,2021-06-17,Credit Card,87965.52
CUST103913,2022-10-09,Home Loan,71077.51
CUST103913,2021-07-10,Credit Card,128235.05
CUST103914,2021-07-06,Home Loan,111613.05
CUST103914,2021-08-22,Personal Loan,143434.96
CUST103915,2022-04-21,Auto Loan,118913.55
CUST103917,2022-07-10,Auto Loan,165149.9
CUST103917,2021-06-03,Home Loan,50773.91
CUST103917,2022-05-30,Personal Loan,81405.75
CUST103917,2021-07-04,Auto Loan,141849.71
CUST103917,2022-08-18,Credit Card,117300.33
CUST103917,2021-07-30,Credit Card,168800.17
CUST103918,2022-02-25,Auto Loan,158797.73
CUST103918,2022-06-07,Personal Loan,107388.9
CUST103918,2022-10-06,Unsecured Others,169255.63
CUST103919,2021-09-30,Auto Loan,168799.11
CUST103919,2021-04-11,Personal Loan,194144.16
CUST103919,2022-08-10,Unsecured Others,21814.08
CUST103919,2022-08-02,Personal Loan,188078.36
CUST103919,2021-06-30,Credit Card,35418.51
CUST103919,2021-06-29,Home Loan,119613.57
CUST103920,2022-04-19,Personal Loan,93862.68
CUST103920,2021-02-14,Auto Loan,69987.73
CUST103920,2021-09-22,Auto Loan,178434.08
CUST103921,2022-06-14,Home Loan,173895.22
CUST103921,2021-04-29,Unsecured Others,93893.29
CUST103921,2022-11-06,Personal Loan,63546.63
CUST103921,2021-10-08,Unsecured Others,156831.07
CUST103921,2021-08-16,Home Loan,11819.79
CUST103921,2021-10-28,Credit Card,197399.77
CUST103922,2022-09-06,Credit Card,140438.81
CUST103922,2021-02-25,Home Loan,49054.18
CUST103922,2022-03-21,Personal Loan,153898.15
CUST103922,2021-03-22,Unsecured Others,54825.12
CUST103922,2022-09-09,Credit Card,23564.84
CUST103922,2022-07-09,Auto Loan,117116.25
CUST103923,2022-10-18,Credit Card,20501.7
CUST103923,2022-08-18,Home Loan,167320.91
CUST103924,2022-03-01,Unsecured Others,175075.68
CUST103924,2022-06-08,Credit Card,120347.3
CUST103924,2021-01-18,Auto Loan,149446.74
CUST103925,2022-11-09,Unsecured Others,17403.24
CUST103925,2022-09-04,Personal Loan,144129.68
CUST103925,2021-06-24,Auto Loan,5812.44
CUST103925,2021-07-30,Personal Loan,83328.41
CUST103925,2021-02-23,Auto Loan,50079.04
CUST103926,2022-01-29,Personal Loan,48289.8
CUST103927,2022-09-21,Auto Loan,59310.02
CUST103927,2022-11-08,Auto Loan,43738.17
CUST103927,2022-05-28,Auto Loan,96724.64
CUST103927,2022-12-05,Personal Loan,96269.81
CUST103927,2021-09-24,Unsecured Others,127629.49
CUST103927,2022-05-14,Auto Loan,167716.74
CUST103927,2021-09-30,Credit Card,91700.34
CUST103929,2022-11-28,Auto Loan,111457.39
CUST103929,2021-10-03,Home Loan,173439.64
CUST103929,2021-07-31,Home Loan,34932.6
CUST103930,2022-01-28,Credit Card,8419.89
CUST103930,2021-03-19,Personal Loan,129373.39
CUST103930,2021-10-19,Unsecured Others,40439.37
CUST103930,2021-04-29,Personal Loan,183338.99
CUST103930,2021-05-13,Unsecured Others,149383.73
CUST103932,2022-09-15,Home Loan,130402.59
CUST103933,2022-08-21,Unsecured Others,40212.43
CUST103933,2021-02-27,Auto Loan,89333.87
CUST103933,2021-10-30,Personal Loan,143667.84
CUST103933,2021-04-23,Unsecured Others,85744.45
CUST103933,2022-03-12,Auto Loan,73011.57
CUST103933,2021-10-12,Personal Loan,67438.24
CUST103933,2022-12-03,Unsecured Others,78357.45
CUST103934,2022-10-14,Unsecured Others,13323.67
CUST103935,2021-03-21,Home Loan,92162.41
CUST103935,2022-11-30,Home Loan,113967.44
CUST103935,2022-07-02,Home Loan,134274.42
CUST103935,2021-12-20,Home Loan,133912.5
CUST103935,2021-03-07,Auto Loan,139064.89
CUST103935,2021-02-23,Credit Card,128313.09
CUST103935,2021-10-24,Credit Card,104098.7
CUST103936,2022-07-07,Unsecured Others,54451.62
CUST103936,2022-04-20,Personal Loan,104497.78
CUST103936,2021-09-13,Personal Loan,43211.36
CUST103936,2022-10-11,Unsecured Others,186244.04
CUST103936,2021-09-09,Credit Card,172127.66
CUST103936,2021-05-03,Home Loan,39102.34
CUST103938,2022-06-23,Auto Loan,198135.16
CUST103938,2021-11-29,Unsecured Others,192377.23
CUST103938,2021-10-09,Auto Loan,120505.29
CUST103938,2021-08-09,Credit Card,193147.93
CUST103939,2022-04-21,Credit Card,172379.79
CUST103939,2021-03-29,Credit Card,174813.73
CUST103940,2021-02-13,Personal Loan,196036.8
CUST103940,2021-05-08,Personal Loan,162147.01
CUST103941,2021-05-18,Personal Loan,108120.52
CUST103941,2021-11-20,Personal Loan,16473.34
CUST103942,2022-07-31,Personal Loan,34235.19
CUST103942,2022-10-02,Home Loan,57885.13
CUST103942,2022-09-03,Auto Loan,7211.14
CUST103943,2021-03-08,Auto Loan,37035.75
CUST103943,2021-07-22,Credit Card,8494.98
CUST103943,2022-11-29,Credit Card,92539.6
CUST103943,2021-11-23,Auto Loan,166644.22
CUST103943,2021-02-15,Personal Loan,15233.13
CUST103943,2021-02-28,Personal Loan,78536.72
CUST103943,2022-03-21,Unsecured Others,131644.32
CUST103945,2022-11-09,Credit Card,30483.59
CUST103946,2021-11-15,Home Loan,83329.92
CUST103946,2022-07-03,Personal Loan,105890.1
CUST103947,2021-05-07,Home Loan,120821.06
CUST103947,2022-02-03,Personal Loan,106744.26
CUST103947,2022-04-03,Auto Loan,13615.84
CUST103947,2022-08-20,Personal Loan,68258.18
CUST103947,2022-10-26,Auto Loan,41136.11
CUST103947,2022-12-19,Auto Loan,138356.08
CUST103947,2021-08-17,Personal Loan,58935.45
CUST103948,2021-02-05,Credit Card,93641.61
CUST103949,2021-10-02,Auto Loan,188137.18
CUST103949,2022-01-10,Personal Loan,79760.22
CUST103949,2022-12-09,Unsecured Others,90854.14
CUST103949,2021-05-14,Auto Loan,152713.88
CUST103949,2021-05-31,Unsecured Others,121277.84
CUST103950,2022-02-18,Personal Loan,32011.02
CUST103950,2023-01-01,Auto Loan,47053.81
CUST103952,2021-02-23,Personal Loan,31501.49
CUST103952,2022-10-16,Unsecured Others,95707.45
CUST103952,2022-05-05,Home Loan,114550.69
CUST103952,2022-08-29,Home Loan,134615.55
CUST103953,2022-05-29,Credit Card,112616.43
CUST103953,2022-08-31,Personal Loan,84544.13
CUST103953,2022-08-29,Auto Loan,54369.39
CUST103954,2022-09-22,Personal Loan,47452.56
CUST103954,2021-10-18,Personal Loan,106841.99
CUST103954,2022-08-05,Auto Loan,171367.95
CUST103954,2022-08-14,Unsecured Others,87585.55
CUST103954,2021-02-01,Personal Loan,104005.83
CUST103954,2022-02-22,Credit Card,173793.79
CUST103954,2022-12-31,Unsecured Others,49772.25
CUST103955,2021-09-05,Personal Loan,26689.5
CUST103955,2021-01-26,Unsecured Others,137437.77
CUST103955,2021-01-18,Auto Loan,185027.3
CUST103956,2021-06-15,Home Loan,106175.42
CUST103956,2022-03-07,Home Loan,192994.99
CUST103956,2022-08-06,Credit Card,103319.32
CUST103956,2021-02-13,Unsecured Others,149987.74
CUST103956,2021-07-28,Credit Card,108516.36
CUST103956,2021-01-20,Credit Card,176830.11
CUST103957,2021-06-26,Home Loan,47022.7
CUST103957,2022-07-20,Unsecured Others,181408.55
CUST103957,2022-09-22,Unsecured Others,85685.92
CUST103957,2021-12-10,Unsecured Others,136131.07
CUST103958,2022-04-24,Credit Card,186388.16
CUST103958,2021-01-17,Home Loan,190234.64
CUST103958,2022-12-23,Personal Loan,63789.98
CUST103958,2022-04-01,Credit Card,32664.21
CUST103958,2021-08-14,Unsecured Others,89022.36
CUST103959,2022-05-19,Auto Loan,77289.45
CUST103959,2021-07-16,Personal Loan,95074.69
CUST103959,2021-08-22,Unsecured Others,56172.61
CUST103959,2022-01-10,Home Loan,170977.92
CUST103959,2021-08-02,Home Loan,136170.3
CUST103959,2021-03-03,Home Loan,76464.12
CUST103960,2022-03-14,Home Loan,99050.48
CUST103960,2022-08-10,Unsecured Others,50277.45
CUST103960,2021-04-14,Home Loan,100072.37
CUST103960,2022-03-31,Unsecured Others,124532.26
CUST103960,2021-02-22,Home Loan,14360.06
CUST103960,2022-02-02,Home Loan,176168.09
CUST103961,2022-12-12,Credit Card,129509.37
CUST103961,2022-01-07,Auto Loan,130854.7
CUST103961,2021-03-22,Home Loan,67224.3
CUST103961,2021-01-03,Auto Loan,101308.86
CUST103961,2022-01-24,Personal Loan,119599.5
CUST103961,2021-05-18,Credit Card,124813.22
CUST103963,2022-12-31,Auto Loan,51361.32
CUST103963,2022-07-09,Unsecured Others,166203.12
CUST103963,2021-04-20,Auto Loan,143058.36
CUST103963,2021-11-25,Personal Loan,150044.43
CUST103963,2022-10-27,Credit Card,140331.96
CUST103963,2022-02-09,Unsecured Others,39925.27
CUST103963,2022-05-18,Personal Loan,139059.38
CUST103964,2021-03-02,Credit Card,195454.92
CUST103964,2022-08-26,Credit Card,69999.21
CUST103964,2022-06-02,Personal Loan,20673.36
CUST103965,2022-05-12,Credit Card,89073.27
CUST103965,2022-11-26,Personal Loan,55183.05
CUST103965,2021-05-05,Unsecured Others,199386.24
CUST103966,2022-12-06,Unsecured Others,98193.72
CUST103966,2021-11-11,Credit Card,154791.25
CUST103966,2022-05-19,Personal Loan,177874.05
CUST103966,2021-01-17,Home Loan,79759.57
CUST103966,2022-07-30,Home Loan,181530.22
CUST103967,2022-03-24,Unsecured Others,159278.39
CUST103967,2022-07-17,Auto Loan,98253.8
CUST103967,2022-03-29,Auto Loan,162896.49
CUST103967,2021-08-06,Home Loan,17516.45
CUST103967,2022-09-15,Home Loan,113021.3
CUST103968,2021-01-12,Credit Card,25547.22
CUST103968,2021-09-17,Credit Card,14433.87
CUST103968,2021-03-02,Home Loan,83826.9
CUST103968,2022-11-17,Credit Card,92697.36
CUST103968,2021-04-06,Home Loan,96593.67
CUST103968,2022-11-07,Auto Loan,106552.07
CUST103969,2022-03-07,Home Loan,155524.33
CUST103969,2022-05-31,Personal Loan,60150.44
CUST103969,2022-02-07,Auto Loan,130938.01
CUST103969,2021-01-25,Home Loan,181049.98
CUST103969,2022-03-18,Home Loan,119463.47
CUST103969,2022-11-13,Home Loan,199081.88
CUST103970,2021-02-28,Home Loan,115678.11
CUST103970,2022-10-25,Unsecured Others,130037.64
CUST103970,2022-07-25,Unsecured Others,10595.98
CUST103970,2021-09-01,Home Loan,37753.47
CUST103970,2021-08-01,Auto Loan,66362.35
CUST103971,2021-09-08,Unsecured Others,183907.23
CUST103971,2022-10-07,Personal Loan,48407.34
CUST103971,2022-04-13,Credit Card,53205.13
CUST103971,2021-10-05,Unsecured Others,26387.78
CUST103971,2021-01-16,Personal Loan,153751.85
CUST103972,2021-07-15,Credit Card,102543.58
CUST103972,2022-11-01,Home Loan,160235.39
CUST103972,2021-11-20,Unsecured Others,156310.95
CUST103972,2022-06-30,Auto Loan,67164.74
CUST103972,2021-11-03,Credit Card,65139.3
CUST103972,2021-09-17,Credit Card,138445.87
CUST103972,2022-12-26,Unsecured Others,149555.77
CUST103973,2022-02-23,Personal Loan,67005.22
CUST103973,2021-12-17,Home Loan,99806.75
CUST103973,2021-11-19,Unsecured Others,112992.59
CUST103974,2021-04-19,Unsecured Others,125040.74
CUST103974,2021-03-18,Credit Card,11715.83
CUST103974,2022-09-25,Home Loan,45632.05
CUST103974,2022-10-14,Home Loan,39032.66
CUST103974,2021-06-05,Auto Loan,72804.28
CUST103974,2021-02-18,Personal Loan,132337.18
CUST103975,2022-04-15,Auto Loan,37614.77
CUST103975,2022-08-03,Home Loan,137052.75
CUST103977,2021-02-10,Personal Loan,168154.19
CUST103977,2022-04-07,Unsecured Others,68618.25
CUST103977,2021-07-17,Home Loan,62304.29
CUST103977,2021-03-05,Auto Loan,183498.78
CUST103978,2021-12-10,Auto Loan,143374.03
CUST103978,2022-07-17,Auto Loan,81727.83
CUST103978,2022-12-09,Credit Card,62405.24
CUST103978,2022-03-12,Home Loan,23467.76
CUST103979,2022-07-31,Personal Loan,83833.52
CUST103980,2022-12-18,Credit Card,17870.3
CUST103980,2021-12-08,Unsecured Others,66706.27
CUST103980,2022-05-06,Personal Loan,199838.83
CUST103980,2022-09-21,Auto Loan,106992.55
CUST103980,2021-11-21,Home Loan,44298.39
CUST103981,2022-11-18,Auto Loan,44993.5
CUST103981,2021-02-22,Home Loan,172656.79
CUST103984,2022-08-03,Unsecured Others,190662.98
CUST103984,2021-01-06,Credit Card,133846.5
CUST103984,2022-02-16,Credit Card,23766.67
CUST103984,2022-07-31,Personal Loan,54577.57
CUST103984,2022-03-23,Credit Card,110305.7
CUST103984,2021-02-07,Auto Loan,53221.88
CUST103985,2021-09-09,Credit Card,109572.63
CUST103985,2022-01-28,Personal Loan,19980.5
CUST103985,2021-03-22,Credit Card,137848.58
CUST103985,2022-03-12,Credit Card,77273.77
CUST103986,2022-04-21,Unsecured Others,65841.22
CUST103986,2022-03-16,Auto Loan,105632.57
CUST103987,2021-10-15,Credit Card,176310.24
CUST103987,2021-01-14,Home Loan,149020.22
CUST103987,2021-03-16,Auto Loan,131061.25
CUST103988,2022-09-18,Home Loan,117569.9
CUST103988,2022-01-05,Personal Loan,19236.56
CUST103988,2021-12-25,Credit Card,111484.81
CUST103988,2022-11-21,Personal Loan,32284.56
CUST103988,2022-04-17,Auto Loan,106589.23
CUST103988,2021-06-08,Personal Loan,178202.22
CUST103989,2021-08-19,Home Loan,171352.96
CUST103989,2022-04-11,Auto Loan,144149.2
CUST103989,2022-10-14,Home Loan,5510.47
CUST103989,2022-01-09,Credit Card,49758.6
CUST103989,2022-09-01,Personal Loan,31790.97
CUST103990,2022-08-08,Unsecured Others,139594.11
CUST103990,2021-02-25,Credit Card,60560.74
CUST103990,2021-11-26,Home Loan,193212.75
CUST103990,2021-06-20,Home Loan,147392.19
CUST103990,2021-07-21,Unsecured Others,117963.0
CUST103990,2022-08-24,Home Loan,45542.33
CUST103991,2022-01-27,Auto Loan,5557.21
CUST103991,2022-09-18,Credit Card,69358.8
CUST103992,2022-12-07,Auto Loan,121457.59
CUST103992,2021-11-09,Personal Loan,16545.91
CUST103993,2021-06-21,Auto Loan,29571.73
CUST103993,2022-04-01,Auto Loan,121301.3
CUST103994,2021-06-26,Home Loan,112212.81
CUST103994,2022-12-21,Unsecured Others,107474.58
CUST103995,2021-06-29,Auto Loan,183851.18
CUST103996,2021-04-27,Auto Loan,71812.53
CUST103996,2021-09-30,Credit Card,184020.12
CUST103996,2021-10-22,Credit Card,164159.77
CUST103997,2021-03-20,Home Loan,28873.69
CUST103997,2022-07-28,Credit Card,40767.34
CUST103997,2022-09-18,Credit Card,30601.96
CUST103997,2022-07-09,Unsecured Others,81736.82
CUST103997,2022-05-08,Personal Loan,88431.89
CUST103997,2022-01-22,Credit Card,49683.29
CUST103997,2021-09-23,Unsecured Others,146918.59
CUST103999,2021-09-23,Personal Loan,126177.61
CUST103999,2022-07-17,Auto Loan,90384.22
CUST103999,2022-11-13,Personal Loan,56265.71
CUST103999,2021-11-09,Credit Card,38266.01
CUST103999,2021-07-06,Home Loan,91920.24
CUST103999,2022-10-28,Credit Card,148380.97
CUST104000,2021-03-15,Personal Loan,6862.32
CUST104000,2022-09-10,Auto Loan,10280.04
CUST104000,2021-12-07,Home Loan,197216.62
CUST104000,2021-06-28,Home Loan,60817.22
CUST104000,2021-07-09,Auto Loan,106923.84
CUST104001,2021-03-25,Unsecured Others,137743.78
CUST104001,2021-02-26,Auto Loan,16814.77
CUST104003,2021-04-19,Home Loan,178130.62
CUST104003,2022-04-28,Auto Loan,88544.06
CUST104003,2021-10-01,Credit Card,18544.91
CUST104003,2021-08-12,Personal Loan,44213.82
CUST104003,2022-07-29,Auto Loan,188238.46
CUST104003,2022-03-29,Home Loan,161490.32
CUST104003,2022-06-15,Personal Loan,175015.43
CUST104004,2022-01-01,Auto Loan,143418.15
CUST104004,2021-04-16,Auto Loan,5286.49
CUST104004,2022-04-12,Unsecured Others,13076.73
CUST104005,2021-12-13,Auto Loan,167820.78
CUST104005,2021-10-09,Personal Loan,31670.05
CUST104005,2021-06-21,Unsecured Others,67273.88
CUST104005,2021-07-02,Home Loan,6949.02
CUST104005,2022-07-20,Unsecured Others,160082.98
CUST104006,2022-10-03,Auto Loan,127681.17
CUST104006,2021-05-12,Unsecured Others,98092.61
CUST104006,2021-03-28,Personal Loan,160234.96
CUST104007,2022-02-20,Personal Loan,26102.45
CUST104007,2022-01-05,Auto Loan,54891.91
CUST104007,2021-07-11,Home Loan,36589.92
CUST104007,2021-08-15,Home Loan,156501.88
CUST104007,2022-09-04,Auto Loan,142731.26
CUST104007,2022-01-11,Unsecured Others,122444.25
CUST104008,2021-03-25,Credit Card,15673.94
CUST104008,2021-04-13,Unsecured Others,118435.09
CUST104008,2021-05-10,Credit Card,176831.66
CUST104008,2022-04-28,Personal Loan,135559.92
CUST104008,2022-03-17,Auto Loan,108717.27
CUST104008,2021-09-13,Auto Loan,120259.14
CUST104009,2021-01-09,Unsecured Others,25624.86
CUST104009,2022-05-21,Credit Card,20539.16
CUST104010,2022-12-18,Home Loan,194666.3
CUST104011,2021-06-03,Unsecured Others,176500.78
CUST104011,2022-03-24,Home Loan,112698.77
CUST104012,2021-10-30,Auto Loan,25536.05
CUST104013,2021-11-11,Unsecured Others,62400.33
CUST104013,2022-08-18,Unsecured Others,67879.07
CUST104013,2021-03-27,Credit Card,20878.95
CUST104014,2022-06-17,Auto Loan,176688.53
CUST104015,2021-05-31,Home Loan,74920.16
CUST104015,2022-02-12,Credit Card,54127.42
CUST104015,2022-02-17,Credit Card,117408.1
CUST104015,2022-09-25,Personal Loan,101986.34
CUST104015,2021-12-29,Credit Card,14316.48
CUST104016,2022-03-26,Credit Card,194840.73
CUST104017,2022-02-26,Unsecured Others,44120.26
CUST104017,2022-12-29,Auto Loan,125133.52
CUST104017,2022-01-08,Credit Card,137019.39
CUST104018,2021-11-29,Home Loan,78403.93
CUST104018,2022-12-11,Unsecured Others,75231.69
CUST104019,2022-10-10,Unsecured Others,133318.36
CUST104019,2021-08-07,Unsecured Others,42307.68
CUST104020,2022-05-05,Home Loan,166993.58
CUST104020,2021-08-14,Home Loan,32343.8
CUST104020,2022-05-05,Home Loan,134546.36
CUST104020,2022-12-10,Unsecured Others,119519.7
CUST104020,2021-11-02,Auto Loan,162882.13
CUST104021,2022-02-25,Home Loan,98921.36
CUST104021,2022-05-21,Credit Card,95644.14
CUST104021,2022-08-16,Auto Loan,119423.72
CUST104021,2022-02-15,Personal Loan,153536.46
CUST104022,2022-07-16,Unsecured Others,87438.46
CUST104022,2022-08-19,Home Loan,123819.58
CUST104022,2021-10-04,Credit Card,135476.18
CUST104022,2022-04-09,Auto Loan,140593.1
CUST104022,2021-11-13,Home Loan,198156.93
CUST104023,2022-08-08,Auto Loan,6829.32
CUST104024,2022-03-03,Personal Loan,163307.87
CUST104025,2022-05-07,Auto Loan,97291.85
CUST104025,2021-11-03,Home Loan,185162.85
CUST104025,2021-07-17,Credit Card,120240.22
CUST104025,2021-09-12,Unsecured Others,61410.66
CUST104026,2021-04-28,Personal Loan,60931.84
CUST104026,2021-12-23,Unsecured Others,104393.15
CUST104026,2022-03-16,Home Loan,80120.85
CUST104026,2022-06-01,Auto Loan,33426.74
CUST104027,2022-07-19,Credit Card,29726.55
CUST104029,2021-05-25,Home Loan,149790.04
CUST104029,2022-04-14,Auto Loan,6064.26
CUST104030,2022-12-21,Auto Loan,109252.38
CUST104030,2022-03-11,Home Loan,128122.76
CUST104031,2022-06-16,Unsecured Others,63480.06
CUST104031,2022-08-08,Personal Loan,184142.14
CUST104031,2022-07-27,Auto Loan,112524.45
CUST104031,2021-12-10,Home Loan,6688.19
CUST104031,2022-07-10,Home Loan,15230.28
CUST104033,2022-01-12,Unsecured Others,91834.72
CUST104033,2021-04-13,Home Loan,80517.36
CUST104033,2022-08-21,Home Loan,22687.61
CUST104033,2022-02-23,Auto Loan,132811.46
CUST104033,2021-05-24,Auto Loan,47616.37
CUST104034,2022-09-10,Unsecured Others,184602.54
CUST104034,2021-11-22,Home Loan,192914.64
CUST104034,2021-07-11,Auto Loan,90127.62
CUST104034,2022-03-12,Auto Loan,178536.66
CUST104035,2022-01-29,Unsecured Others,39957.25
CUST104035,2022-08-17,Personal Loan,119203.74
CUST104035,2022-01-09,Unsecured Others,45907.89
CUST104035,2022-05-21,Auto Loan,8360.51
CUST104035,2021-02-25,Unsecured Others,39096.39
CUST104035,2022-02-14,Personal Loan,189989.9
CUST104036,2022-12-31,Auto Loan,71676.29
CUST104036,2021-02-05,Personal Loan,15951.05
CUST104036,2021-02-12,Home Loan,175011.58
CUST104037,2021-12-24,Home Loan,107574.07
CUST104037,2022-11-28,Credit Card,49730.29
CUST104037,2021-06-24,Unsecured Others,147980.1
CUST104037,2022-03-11,Auto Loan,184723.31
CUST104037,2021-09-02,Unsecured Others,168365.34
CUST104037,2022-05-13,Credit Card,134797.79
CUST104038,2022-07-12,Personal Loan,119582.38
CUST104038,2022-11-15,Credit Card,111278.15
CUST104038,2022-09-15,Home Loan,170037.87
CUST104038,2022-05-25,Credit Card,66933.17
CUST104038,2022-07-08,Auto Loan,71637.03
CUST104039,2021-04-20,Home Loan,83564.81
CUST104039,2022-04-27,Auto Loan,44124.51
CUST104039,2021-04-20,Home Loan,101130.08
CUST104040,2022-03-10,Unsecured Others,94849.99
CUST104040,2022-10-23,Credit Card,69057.99
CUST104040,2021-07-01,Home Loan,22394.34
CUST104040,2022-07-04,Home Loan,111650.02
CUST104040,2022-05-19,Credit Card,138353.29
CUST104042,2021-07-26,Personal Loan,67806.38
CUST104042,2022-11-22,Unsecured Others,121291.0
CUST104042,2022-02-04,Home Loan,161331.61
CUST104042,2021-03-08,Personal Loan,174989.14
CUST104042,2022-11-27,Home Loan,33554.11
CUST104042,2022-05-23,Auto Loan,137329.45
CUST104042,2022-02-14,Home Loan,68754.61
CUST104043,2022-03-09,Auto Loan,179594.98
CUST104043,2022-06-08,Home Loan,149900.9
CUST104043,2022-10-19,Home Loan,137216.98
CUST104043,2021-07-14,Unsecured Others,26287.89
CUST104043,2022-03-06,Home Loan,198156.57
CUST104044,2022-05-04,Credit Card,101000.4
CUST104044,2022-08-20,Home Loan,163949.96
CUST104044,2022-11-19,Home Loan,158362.5
CUST104044,2022-05-16,Home Loan,115471.17
CUST104048,2021-02-18,Unsecured Others,189673.36
CUST104048,2021-02-17,Unsecured Others,9603.36
CUST104048,2021-12-14,Personal Loan,52762.31
CUST104048,2021-03-02,Personal Loan,99152.69
CUST104048,2022-09-24,Personal Loan,79446.9
CUST104048,2021-10-05,Unsecured Others,17523.69
CUST104048,2022-06-10,Credit Card,77415.72
CUST104050,2021-04-18,Credit Card,164652.33
CUST104050,2021-10-10,Home Loan,180522.42
CUST104050,2022-08-16,Credit Card,108005.7
CUST104051,2022-01-07,Home Loan,193153.2
CUST104051,2021-08-17,Home Loan,135269.33
CUST104052,2021-09-10,Personal Loan,101016.54
CUST104052,2021-02-14,Auto Loan,151638.66
CUST104053,2022-04-02,Unsecured Others,8675.99
CUST104054,2021-09-24,Credit Card,144118.09
CUST104054,2021-10-09,Home Loan,112400.93
CUST104054,2022-02-07,Personal Loan,167437.18
CUST104054,2021-03-03,Unsecured Others,30800.9
CUST104054,2021-03-07,Credit Card,6254.28
CUST104054,2022-04-17,Auto Loan,113157.37
CUST104055,2022-12-23,Credit Card,167892.28
CUST104055,2021-05-27,Home Loan,184536.92
CUST104055,2021-06-29,Unsecured Others,119947.28
CUST104055,2021-04-28,Home Loan,34538.95
CUST104056,2021-10-26,Personal Loan,10166.6
CUST104056,2022-06-21,Unsecured Others,90729.35
CUST104056,2021-03-12,Auto Loan,44257.36
CUST104056,2021-04-06,Personal Loan,55439.34
CUST104056,2022-05-04,Personal Loan,57669.27
CUST104056,2021-09-21,Credit Card,165955.41
CUST104057,2021-12-23,Credit Card,26843.17
CUST104057,2022-08-03,Credit Card,66351.04
CUST104057,2021-03-15,Credit Card,133464.47
CUST104057,2021-12-03,Personal Loan,51416.46
CUST104058,2022-12-01,Personal Loan,136160.93
CUST104060,2021-08-19,Home Loan,12287.01
CUST104060,2021-03-23,Unsecured Others,113658.09
CUST104060,2022-12-17,Home Loan,21932.25
CUST104061,2022-09-15,Personal Loan,16897.46
CUST104061,2021-04-03,Auto Loan,50178.44
CUST104061,2022-08-11,Personal Loan,42622.75
CUST104061,2022-12-06,Credit Card,189286.28
CUST104061,2022-08-25,Auto Loan,22481.07
CUST104062,2021-02-14,Credit Card,82629.65
CUST104062,2021-02-02,Personal Loan,194514.68
CUST104062,2021-06-05,Auto Loan,193582.75
CUST104062,2021-08-09,Unsecured Others,166161.73
CUST104063,2021-04-09,Personal Loan,155292.72
CUST104063,2022-10-29,Personal Loan,30118.26
CUST104063,2021-08-27,Unsecured Others,182905.16
CUST104063,2022-04-06,Unsecured Others,125141.68
CUST104063,2022-12-25,Personal Loan,117130.48
CUST104063,2022-02-01,Home Loan,122655.82
CUST104063,2022-02-01,Auto Loan,91239.85
CUST104064,2021-06-04,Auto Loan,121014.55
CUST104064,2022-03-04,Home Loan,8257.98
CUST104065,2022-03-19,Auto Loan,65601.38
CUST104065,2022-06-16,Unsecured Others,183009.1
CUST104065,2022-12-17,Auto Loan,26606.57
CUST104067,2021-12-30,Personal Loan,34018.24
CUST104067,2022-09-11,Auto Loan,44510.96
CUST104067,2022-11-24,Unsecured Others,138253.83
CUST104067,2021-03-03,Auto Loan,157044.89
CUST104067,2021-04-11,Auto Loan,60924.9
CUST104067,2022-04-04,Personal Loan,71405.44
CUST104068,2021-12-10,Unsecured Others,81763.92
CUST104068,2022-11-09,Credit Card,184519.78
CUST104068,2022-07-30,Unsecured Others,45387.12
CUST104068,2022-05-15,Credit Card,169812.34
CUST104068,2021-11-07,Personal Loan,154729.65
CUST104068,2022-06-21,Unsecured Others,97439.67
CUST104069,2021-03-18,Credit Card,11954.83
CUST104070,2022-02-27,Personal Loan,51765.93
CUST104070,2022-09-08,Home Loan,116055.76
CUST104070,2021-03-18,Auto Loan,136507.18
CUST104070,2021-08-16,Unsecured Others,122712.66
CUST104070,2021-04-06,Personal Loan,42927.39
CUST104071,2021-06-14,Auto Loan,118542.47
CUST104071,2021-06-19,Home Loan,15813.11
CUST104071,2022-09-05,Unsecured Others,28559.27
CUST104072,2021-05-07,Unsecured Others,16206.14
CUST104072,2021-10-09,Home Loan,26582.92
CUST104072,2021-02-03,Auto Loan,48382.52
CUST104072,2021-11-24,Personal Loan,9826.31
CUST104072,2022-05-01,Personal Loan,12985.58
CUST104073,2021-04-09,Unsecured Others,194998.19
CUST104073,2022-05-24,Auto Loan,199644.53
CUST104074,2021-06-27,Personal Loan,136100.18
CUST104074,2022-05-04,Auto Loan,68112.04
CUST104075,2022-10-23,Credit Card,141183.22
CUST104075,2022-04-02,Personal Loan,25866.25
CUST104075,2022-03-06,Unsecured Others,55383.08
CUST104075,2022-10-12,Unsecured Others,126275.28
CUST104075,2022-05-21,Personal Loan,139504.6
CUST104075,2022-08-18,Auto Loan,161711.15
CUST104076,2022-03-18,Credit Card,185605.77
CUST104077,2021-11-10,Home Loan,107141.32
CUST104078,2022-06-12,Auto Loan,81021.87
CUST104078,2022-10-30,Auto Loan,159703.62
CUST104078,2021-08-01,Personal Loan,97740.56
CUST104078,2021-03-18,Auto Loan,138788.6
CUST104078,2022-10-31,Home Loan,174874.06
CUST104078,2022-12-12,Auto Loan,79594.64
CUST104079,2021-04-08,Auto Loan,51897.67
CUST104079,2021-05-21,Home Loan,83058.93
CUST104079,2022-07-27,Unsecured Others,60531.01
CUST104079,2021-04-09,Personal Loan,145356.0
CUST104080,2021-12-03,Unsecured Others,10034.24
CUST104080,2021-06-08,Auto Loan,108016.91
CUST104080,2021-11-10,Personal Loan,153507.29
CUST104080,2022-05-06,Credit Card,102813.14
CUST104080,2022-10-09,Auto Loan,81259.88
CUST104081,2021-11-30,Personal Loan,18000.11
CUST104081,2022-06-22,Unsecured Others,40128.84
CUST104081,2021-07-16,Home Loan,128860.95
CUST104081,2022-12-24,Auto Loan,145411.17
CUST104082,2022-07-19,Unsecured Others,144073.81
CUST104083,2022-07-03,Home Loan,195691.95
CUST104083,2022-07-19,Unsecured Others,170560.43
CUST104083,2022-11-20,Personal Loan,147107.84
CUST104083,2021-03-29,Home Loan,44890.84
CUST104083,2021-09-27,Credit Card,113450.85
CUST104083,2021-10-21,Unsecured Others,61666.79
CUST104083,2021-07-19,Unsecured Others,135567.35
CUST104084,2021-06-28,Credit Card,195210.65
CUST104084,2022-04-17,Personal Loan,11012.5
CUST104084,2021-07-28,Personal Loan,87879.17
CUST104085,2021-08-03,Personal Loan,196303.64
CUST104085,2021-07-28,Personal Loan,58945.35
CUST104085,2021-10-26,Personal Loan,106735.68
CUST104085,2021-02-04,Credit Card,20268.39
CUST104085,2022-03-04,Credit Card,61714.89
CUST104086,2021-07-04,Unsecured Others,139458.95
CUST104086,2022-08-18,Home Loan,124619.42
CUST104086,2022-09-20,Home Loan,75950.23
CUST104086,2021-03-25,Unsecured Others,42327.41
CUST104086,2022-06-03,Credit Card,47024.05
CUST104086,2021-09-04,Home Loan,99026.07
CUST104088,2022-01-11,Personal Loan,11648.11
CUST104089,2021-06-25,Credit Card,185680.69
CUST104089,2021-07-07,Auto Loan,45827.07
CUST104090,2021-10-25,Personal Loan,109539.01
CUST104090,2022-01-21,Personal Loan,94284.57
CUST104090,2022-03-14,Home Loan,18966.77
CUST104090,2022-05-04,Personal Loan,26929.31
CUST104091,2022-10-13,Personal Loan,37462.59
CUST104091,2022-02-11,Home Loan,117045.56
CUST104091,2021-09-15,Credit Card,106809.53
CUST104091,2021-04-15,Credit Card,198213.69
CUST104092,2021-10-28,Home Loan,112039.56
CUST104092,2021-05-16,Unsecured Others,98295.82
CUST104092,2022-08-12,Unsecured Others,160296.32
CUST104092,2021-01-23,Credit Card,25805.97
CUST104093,2021-03-29,Personal Loan,107771.39
CUST104093,2022-03-28,Personal Loan,143936.0
CUST104093,2021-03-29,Home Loan,14047.62
CUST104093,2021-10-09,Personal Loan,18285.21
CUST104093,2021-10-05,Unsecured Others,98928.12
CUST104095,2021-10-20,Credit Card,130248.04
CUST104095,2021-02-26,Unsecured Others,37614.5
CUST104095,2022-05-10,Home Loan,19014.24
CUST104096,2022-10-29,Home Loan,126240.73
CUST104096,2022-02-14,Home Loan,42342.5
CUST104096,2022-11-12,Home Loan,28600.06
CUST104096,2022-08-13,Personal Loan,82186.0
CUST104096,2021-09-13,Unsecured Others,93125.16
CUST104096,2023-01-01,Home Loan,178097.18
CUST104096,2021-04-11,Home Loan,151479.51
CUST104098,2021-06-10,Auto Loan,36033.56
CUST104098,2021-06-08,Credit Card,123407.62
CUST104098,2021-01-09,Home Loan,21384.73
CUST104099,2022-07-07,Home Loan,152122.67
CUST104099,2022-03-12,Auto Loan,173673.02
CUST104099,2022-11-03,Auto Loan,138917.43
CUST104099,2021-11-28,Auto Loan,16028.21
CUST104099,2021-03-02,Credit Card,29261.09
CUST104099,2022-11-19,Credit Card,109620.59
CUST104099,2021-10-30,Home Loan,199181.8
CUST104100,2021-12-12,Unsecured Others,172497.76
CUST104101,2022-03-24,Credit Card,76076.28
CUST104101,2021-09-22,Personal Loan,13560.68
CUST104103,2022-02-26,Personal Loan,127683.72
CUST104104,2022-04-26,Credit Card,157678.84
CUST104104,2021-12-29,Auto Loan,170723.35
CUST104104,2022-08-13,Home Loan,156909.76
CUST104104,2022-11-04,Home Loan,30582.26
CUST104104,2022-09-20,Credit Card,129525.13
CUST104104,2021-05-04,Credit Card,187644.44
CUST104105,2022-06-03,Unsecured Others,139582.82
CUST104105,2021-06-04,Home Loan,108567.36
CUST104105,2022-03-14,Auto Loan,194796.03
CUST104105,2021-09-14,Auto Loan,105301.04
CUST104105,2021-07-09,Personal Loan,167745.16
CUST104105,2021-01-05,Home Loan,82549.37
CUST104106,2022-06-14,Credit Card,174023.39
CUST104106,2021-01-07,Credit Card,56013.98
CUST104107,2021-09-18,Unsecured Others,108826.05
CUST104107,2021-08-24,Auto Loan,41211.98
CUST104107,2022-05-14,Personal Loan,160184.21
CUST104108,2021-08-15,Unsecured Others,51947.22
CUST104108,2022-04-24,Credit Card,59914.42
CUST104108,2022-02-28,Credit Card,35632.92
CUST104109,2022-12-09,Home Loan,30115.66
CUST104109,2021-07-23,Unsecured Others,10045.12
CUST104109,2022-10-06,Auto Loan,68196.84
CUST104110,2021-06-21,Home Loan,30087.84
CUST104110,2021-08-21,Home Loan,9433.26
CUST104110,2022-08-20,Personal Loan,125974.53
CUST104110,2021-07-29,Unsecured Others,20212.54
CUST104110,2021-03-30,Credit Card,150606.03
CUST104110,2021-10-28,Personal Loan,125708.17
CUST104111,2021-05-02,Personal Loan,65249.94
CUST104111,2021-10-10,Credit Card,171830.97
CUST104111,2022-06-17,Personal Loan,76624.3
CUST104111,2021-06-04,Unsecured Others,167593.43
CUST104111,2021-11-18,Personal Loan,111129.92
CUST104112,2021-02-25,Unsecured Others,164530.71
CUST104112,2021-09-12,Personal Loan,149343.83
CUST104113,2021-04-16,Personal Loan,130786.96
CUST104113,2022-10-19,Unsecured Others,50707.64
CUST104113,2021-11-27,Credit Card,144276.59
CUST104114,2021-03-23,Personal Loan,187611.11
CUST104114,2022-02-02,Personal Loan,11368.01
CUST104115,2022-02-19,Auto Loan,178814.81
CUST104115,2022-03-12,Home Loan,109663.51
CUST104115,2022-01-17,Auto Loan,110694.1
CUST104116,2021-02-03,Home Loan,21261.33
CUST104116,2021-10-05,Unsecured Others,199659.07
CUST104117,2022-12-25,Unsecured Others,129778.66
CUST104117,2021-04-03,Unsecured Others,106362.33
CUST104117,2021-02-18,Auto Loan,172898.5
CUST104117,2021-01-11,Auto Loan,69800.1
CUST104118,2021-12-07,Auto Loan,28411.71
CUST104118,2022-04-21,Auto Loan,158182.98
CUST104118,2021-11-01,Auto Loan,125577.81
CUST104118,2022-01-24,Credit Card,191888.02
CUST104119,2021-11-12,Home Loan,56932.3
CUST104119,2021-06-16,Unsecured Others,116497.31
CUST104120,2023-01-01,Personal Loan,70758.46
CUST104120,2022-05-26,Credit Card,23496.28
CUST104121,2021-09-22,Credit Card,23528.04
CUST104121,2022-08-11,Personal Loan,83309.38
CUST104121,2021-10-17,Credit Card,160603.91
CUST104121,2022-11-14,Home Loan,68928.6
CUST104121,2021-10-18,Personal Loan,196988.3
CUST104121,2022-05-05,Unsecured Others,103474.75
CUST104121,2021-04-13,Auto Loan,151903.89
CUST104122,2021-08-23,Unsecured Others,179450.48
CUST104122,2022-04-24,Credit Card,129238.77
CUST104122,2022-07-19,Auto Loan,8183.02
CUST104122,2022-05-04,Unsecured Others,110973.2
CUST104122,2021-02-19,Personal Loan,11262.78
CUST104123,2021-02-18,Personal Loan,33685.32
CUST104123,2022-05-08,Credit Card,138449.99
CUST104124,2022-01-31,Home Loan,19390.52
CUST104124,2022-09-04,Credit Card,79139.37
CUST104124,2022-04-08,Unsecured Others,82098.11
CUST104124,2021-10-03,Credit Card,190810.08
CUST104124,2022-02-23,Auto Loan,133789.86
CUST104124,2022-11-29,Home Loan,64416.85
CUST104124,2022-02-24,Personal Loan,107255.9
CUST104125,2022-06-06,Home Loan,95784.34
CUST104125,2022-05-25,Unsecured Others,11816.72
CUST104125,2021-02-14,Auto Loan,71056.25
CUST104125,2021-03-04,Personal Loan,159461.41
CUST104125,2021-08-29,Home Loan,109888.57
CUST104125,2021-08-25,Unsecured Others,151231.38
CUST104126,2021-11-28,Home Loan,93556.2
CUST104126,2022-02-27,Home Loan,72760.11
CUST104126,2022-01-08,Auto Loan,41429.85
CUST104126,2022-07-12,Personal Loan,108768.18
CUST104127,2022-03-03,Credit Card,105901.94
CUST104127,2022-07-25,Personal Loan,119667.95
CUST104127,2021-08-13,Personal Loan,17419.52
CUST104132,2022-03-02,Unsecured Others,36821.72
CUST104132,2021-01-26,Personal Loan,43189.46
CUST104132,2022-10-20,Personal Loan,104974.51
CUST104132,2022-03-17,Auto Loan,125450.37
CUST104133,2021-06-18,Home Loan,18873.52
CUST104133,2022-03-03,Unsecured Others,190111.25
CUST104133,2022-03-27,Credit Card,49318.9
CUST104133,2022-11-13,Personal Loan,92028.52
CUST104133,2022-05-18,Personal Loan,168770.2
CUST104134,2021-10-24,Personal Loan,171987.03
CUST104134,2022-04-19,Unsecured Others,108239.83
CUST104134,2021-04-24,Unsecured Others,79884.02
CUST104134,2022-04-06,Auto Loan,185284.22
CUST104134,2021-03-11,Home Loan,23077.8
CUST104136,2022-01-15,Home Loan,118073.3
CUST104136,2021-07-07,Auto Loan,87612.13
CUST104136,2021-09-13,Auto Loan,96365.32
CUST104136,2021-04-17,Personal Loan,24477.03
CUST104136,2022-08-13,Home Loan,113742.75
CUST104136,2021-02-28,Unsecured Others,152358.86
CUST104137,2022-05-23,Credit Card,162079.43
CUST104137,2021-01-11,Unsecured Others,125487.25
CUST104137,2021-10-18,Home Loan,174714.45
CUST104137,2022-04-27,Home Loan,21965.13
CUST104137,2022-12-26,Unsecured Others,77122.79
CUST104137,2022-01-08,Unsecured Others,92154.34
CUST104138,2021-03-07,Home Loan,7472.78
CUST104138,2022-06-13,Auto Loan,6230.07
CUST104138,2022-03-29,Auto Loan,193982.83
CUST104138,2022-06-17,Auto Loan,146200.44
CUST104139,2021-03-26,Auto Loan,176565.29
CUST104139,2021-07-03,Unsecured Others,19102.36
CUST104139,2022-11-27,Auto Loan,42080.26
CUST104139,2021-04-08,Auto Loan,65334.97
CUST104139,2022-04-22,Personal Loan,26354.0
CUST104140,2021-06-27,Auto Loan,172724.74
CUST104140,2022-11-09,Personal Loan,5403.86
CUST104140,2022-09-19,Credit Card,146509.77
CUST104140,2022-03-14,Personal Loan,95834.73
CUST104141,2021-01-23,Unsecured Others,134539.21
CUST104141,2021-09-08,Credit Card,10596.1
CUST104141,2022-12-15,Home Loan,100591.61
CUST104141,2021-08-17,Personal Loan,46103.4
CUST104141,2022-04-26,Credit Card,69000.55
CUST104143,2021-10-26,Home Loan,72590.83
CUST104143,2021-05-16,Auto Loan,159584.22
CUST104143,2022-03-15,Personal Loan,195503.18
CUST104143,2022-08-25,Home Loan,138412.98
CUST104143,2021-12-28,Auto Loan,113237.66
CUST104143,2022-11-02,Personal Loan,84173.66
CUST104144,2021-12-28,Credit Card,163436.49
CUST104144,2022-07-21,Auto Loan,115009.52
CUST104144,2021-03-13,Home Loan,191040.54
CUST104144,2022-05-28,Personal Loan,17541.02
CUST104144,2021-01-04,Credit Card,47581.51
CUST104144,2021-09-05,Unsecured Others,102215.84
CUST104144,2021-05-15,Auto Loan,31019.46
CUST104145,2021-04-08,Auto Loan,171965.78
CUST104145,2022-06-26,Personal Loan,153857.59
CUST104145,2022-10-17,Auto Loan,189301.57
CUST104145,2022-09-07,Auto Loan,92121.87
CUST104145,2022-04-16,Auto Loan,172410.46
CUST104146,2021-11-14,Unsecured Others,25698.27
CUST104146,2021-09-20,Auto Loan,134874.07
CUST104146,2021-01-17,Home Loan,85523.23
CUST104147,2021-12-21,Credit Card,55003.12
CUST104147,2021-01-05,Credit Card,5001.67
CUST104147,2021-08-18,Personal Loan,196367.62
CUST104147,2021-01-11,Auto Loan,110524.22
CUST104147,2022-08-21,Auto Loan,146227.03
CUST104147,2021-04-06,Home Loan,59747.7
CUST104148,2022-02-27,Home Loan,52949.3
CUST104149,2022-01-02,Auto Loan,106824.06
CUST104150,2022-04-03,Unsecured Others,22556.85
CUST104150,2022-08-17,Home Loan,36323.52
CUST104150,2022-09-07,Auto Loan,52741.35
CUST104151,2022-10-22,Home Loan,107014.79
CUST104151,2021-05-14,Unsecured Others,131041.88
CUST104151,2022-09-05,Home Loan,193686.17
CUST104151,2021-01-31,Personal Loan,153373.77
CUST104152,2021-05-22,Auto Loan,124836.07
CUST104152,2021-09-22,Credit Card,142131.14
CUST104152,2021-09-29,Auto Loan,117042.19
CUST104153,2021-10-24,Credit Card,11158.56
CUST104153,2021-08-02,Personal Loan,94557.07
CUST104153,2022-05-31,Unsecured Others,88539.48
CUST104154,2021-07-25,Home Loan,63608.02
CUST104154,2021-09-14,Auto Loan,26656.81
CUST104154,2022-10-13,Unsecured Others,144049.86
CUST104154,2022-10-17,Unsecured Others,122430.7
CUST104154,2021-02-19,Credit Card,81839.76
CUST104154,2022-07-22,Home Loan,147904.9
CUST104154,2021-04-10,Home Loan,105712.9
CUST104155,2022-01-11,Personal Loan,9723.0
CUST104155,2022-09-13,Auto Loan,87748.58
CUST104155,2021-10-18,Credit Card,100931.04
CUST104155,2021-02-09,Auto Loan,71081.72
CUST104155,2021-08-27,Personal Loan,15254.18
CUST104155,2021-03-22,Auto Loan,10741.5
CUST104156,2021-01-04,Home Loan,85163.85
CUST104157,2022-07-22,Unsecured Others,115024.54
CUST104157,2021-02-14,Auto Loan,165277.92
CUST104157,2022-04-30,Credit Card,135924.96
CUST104158,2021-03-04,Personal Loan,114313.52
CUST104158,2022-08-28,Home Loan,142402.11
CUST104159,2022-08-21,Home Loan,43670.33
CUST104159,2022-11-12,Home Loan,69967.04
CUST104160,2022-02-25,Personal Loan,115068.7
CUST104160,2021-09-30,Auto Loan,105765.22
CUST104160,2022-07-04,Credit Card,10275.42
CUST104160,2021-11-02,Home Loan,187519.51
CUST104160,2021-10-25,Credit Card,178591.57
CUST104160,2022-10-25,Credit Card,157729.18
CUST104161,2021-05-04,Auto Loan,27129.17
CUST104161,2021-11-05,Home Loan,156484.74
CUST104161,2021-07-08,Personal Loan,164590.29
CUST104161,2021-03-12,Home Loan,64499.18
CUST104162,2021-01-24,Auto Loan,185749.72
CUST104164,2022-04-20,Personal Loan,176201.5
CUST104164,2022-12-09,Home Loan,111937.53
CUST104164,2022-01-17,Auto Loan,151588.5
CUST104164,2021-03-11,Home Loan,53097.51
CUST104164,2022-07-30,Unsecured Others,153011.45
CUST104165,2021-11-13,Credit Card,121513.43
CUST104165,2022-04-24,Personal Loan,73913.3
CUST104165,2021-12-03,Home Loan,148862.56
CUST104166,2021-04-25,Auto Loan,135565.64
CUST104166,2021-06-26,Personal Loan,169523.88
CUST104166,2022-05-23,Credit Card,190709.74
CUST104166,2022-10-26,Credit Card,37480.89
CUST104166,2021-12-17,Auto Loan,30267.57
CUST104166,2021-02-06,Auto Loan,12395.46
CUST104167,2022-11-04,Credit Card,146281.01
CUST104167,2022-04-01,Personal Loan,126148.42
CUST104167,2021-04-22,Personal Loan,90595.79
CUST104167,2022-08-23,Auto Loan,91467.51
CUST104167,2022-05-18,Credit Card,11230.55
CUST104167,2022-07-08,Personal Loan,36924.07
CUST104167,2021-11-04,Credit Card,180655.23
CUST104168,2022-07-26,Home Loan,125517.41
CUST104168,2022-03-14,Auto Loan,105772.66
CUST104169,2021-08-03,Unsecured Others,91843.46
CUST104169,2021-08-20,Credit Card,187178.51
CUST104169,2021-11-03,Personal Loan,164387.83
CUST104169,2022-08-25,Auto Loan,64120.04
CUST104169,2022-12-14,Personal Loan,69102.74
CUST104169,2022-02-16,Personal Loan,152657.95
CUST104169,2022-06-27,Auto Loan,166699.37
CUST104170,2022-10-22,Credit Card,160414.1
CUST104170,2022-04-24,Credit Card,54314.53
CUST104170,2021-07-10,Personal Loan,17086.0
CUST104171,2022-02-25,Auto Loan,91404.22
CUST104171,2021-11-22,Unsecured Others,188463.52
CUST104171,2022-02-02,Unsecured Others,21046.17
CUST104171,2022-01-17,Credit Card,173015.19
CUST104171,2022-09-30,Credit Card,90591.5
CUST104171,2021-07-08,Home Loan,190572.81
CUST104172,2022-07-23,Home Loan,66005.8
CUST104172,2022-07-02,Unsecured Others,152032.95
CUST104172,2021-12-21,Unsecured Others,155734.64
CUST104172,2022-08-18,Personal Loan,47419.81
CUST104172,2022-03-04,Unsecured Others,114941.42
CUST104173,2022-10-19,Auto Loan,152850.7
CUST104173,2021-07-30,Personal Loan,83125.7
CUST104173,2022-07-01,Credit Card,25114.12
CUST104173,2022-08-27,Unsecured Others,81049.97
CUST104173,2021-04-19,Auto Loan,79831.98
CUST104173,2021-10-15,Auto Loan,68526.0
CUST104173,2022-09-23,Unsecured Others,109887.32
CUST104174,2022-02-03,Home Loan,66458.47
CUST104175,2021-01-15,Unsecured Others,179318.71
CUST104175,2021-07-10,Auto Loan,142953.34
CUST104175,2021-04-29,Auto Loan,143450.83
CUST104175,2021-01-22,Credit Card,92117.6
CUST104175,2021-04-22,Personal Loan,179595.88
CUST104175,2022-08-04,Auto Loan,83475.75
CUST104176,2022-04-22,Personal Loan,81317.12
CUST104176,2022-01-01,Home Loan,154082.07
CUST104176,2021-08-23,Personal Loan,103654.3
CUST104176,2021-09-19,Unsecured Others,62450.86
CUST104176,2022-03-03,Auto Loan,93379.6
CUST104177,2022-07-04,Home Loan,199334.43
CUST104178,2022-03-11,Credit Card,24683.02
CUST104178,2022-04-19,Personal Loan,196008.18
CUST104178,2022-11-07,Personal Loan,175072.08
CUST104178,2021-07-14,Credit Card,21857.94
CUST104178,2021-01-19,Personal Loan,116171.43
CUST104179,2022-02-06,Credit Card,76572.77
CUST104179,2021-09-18,Home Loan,112643.96
CUST104179,2021-12-26,Auto Loan,6807.76
CUST104179,2021-08-08,Credit Card,118731.89
CUST104179,2021-04-16,Personal Loan,49638.89
CUST104179,2022-11-25,Personal Loan,70110.06
CUST104179,2021-06-30,Personal Loan,170540.53
CUST104180,2021-03-23,Credit Card,187304.51
CUST104180,2021-04-15,Personal Loan,58659.87
CUST104180,2021-08-28,Unsecured Others,33112.07
CUST104180,2022-06-25,Personal Loan,189936.51
CUST104180,2021-03-05,Personal Loan,97496.43
CUST104181,2021-11-05,Personal Loan,82419.72
CUST104181,2021-01-31,Unsecured Others,143059.1
CUST104181,2021-06-16,Credit Card,159380.63
CUST104181,2021-11-27,Home Loan,126315.97
CUST104182,2022-07-20,Personal Loan,180225.55
CUST104182,2022-09-30,Credit Card,140465.51
CUST104182,2021-01-11,Home Loan,101965.31
CUST104182,2021-02-16,Unsecured Others,11685.71
CUST104183,2021-12-05,Auto Loan,195936.74
CUST104183,2022-04-05,Personal Loan,62254.58
CUST104186,2022-07-30,Unsecured Others,196720.51
CUST104186,2022-02-08,Home Loan,126640.75
CUST104186,2021-10-31,Credit Card,91996.23
CUST104186,2022-11-07,Unsecured Others,148180.75
CUST104186,2022-07-06,Credit Card,118576.25
CUST104186,2021-03-13,Auto Loan,182221.79
CUST104186,2021-08-15,Home Loan,99209.02
CUST104188,2021-03-04,Unsecured Others,197379.47
CUST104188,2022-09-06,Personal Loan,194605.9
CUST104188,2021-09-09,Personal Loan,70874.98
CUST104188,2021-05-16,Auto Loan,60434.17
CUST104189,2021-12-24,Credit Card,67664.28
CUST104189,2022-05-16,Home Loan,101770.1
CUST104189,2022-08-07,Unsecured Others,115048.37
CUST104189,2022-11-18,Auto Loan,50559.53
CUST104189,2022-05-06,Auto Loan,21107.38
CUST104190,2021-04-14,Unsecured Others,42269.73
CUST104190,2021-04-06,Auto Loan,111169.22
CUST104191,2021-06-26,Credit Card,138718.64
CUST104191,2021-06-04,Auto Loan,106749.89
CUST104192,2022-06-06,Unsecured Others,97604.67
CUST104192,2021-04-26,Auto Loan,97090.59
CUST104192,2022-12-03,Personal Loan,180811.7
CUST104192,2021-03-17,Credit Card,160780.06
CUST104192,2022-11-03,Auto Loan,32709.52
CUST104193,2022-09-01,Unsecured Others,94869.96
CUST104193,2021-12-26,Credit Card,38413.87
CUST104193,2021-07-28,Auto Loan,177976.25
CUST104193,2022-04-22,Auto Loan,91741.52
CUST104193,2022-02-15,Personal Loan,110778.24
CUST104194,2021-01-14,Credit Card,170673.42
CUST104194,2021-02-01,Personal Loan,72745.15
CUST104194,2021-01-23,Unsecured Others,183665.91
CUST104194,2022-09-29,Credit Card,47230.23
CUST104194,2021-05-28,Credit Card,155998.98
CUST104194,2022-10-20,Personal Loan,124924.01
CUST104194,2021-02-19,Unsecured Others,18468.99
CUST104195,2022-05-10,Credit Card,106047.36
CUST104197,2022-02-22,Auto Loan,117028.23
CUST104198,2021-06-15,Credit Card,64432.9
CUST104198,2022-04-05,Auto Loan,184036.24
CUST104198,2021-05-13,Unsecured Others,192029.18
CUST104198,2022-01-05,Credit Card,113850.01
CUST104199,2021-08-23,Credit Card,140169.87
CUST104199,2021-10-25,Auto Loan,7410.43
CUST104199,2021-01-25,Personal Loan,65121.78
CUST104200,2021-09-17,Home Loan,70274.13
CUST104200,2022-07-13,Unsecured Others,99227.47
CUST104200,2022-11-12,Personal Loan,57599.95
CUST104200,2022-06-23,Credit Card,94573.89
CUST104201,2022-08-27,Personal Loan,71495.34
CUST104201,2021-01-24,Credit Card,60521.86
CUST104201,2022-11-07,Home Loan,197098.25
CUST104201,2022-02-20,Personal Loan,69467.1
CUST104202,2021-11-22,Credit Card,179688.85
CUST104202,2022-11-01,Personal Loan,16402.71
CUST104202,2021-05-19,Credit Card,77568.64
CUST104202,2021-06-10,Home Loan,188388.88
CUST104202,2021-06-13,Home Loan,157576.56
CUST104203,2022-02-05,Personal Loan,37430.15
CUST104203,2021-03-04,Unsecured Others,22383.15
CUST104203,2022-12-25,Personal Loan,51636.34
CUST104203,2022-06-25,Home Loan,6245.02
CUST104205,2021-12-23,Auto Loan,124962.78
CUST104205,2022-11-12,Unsecured Others,177717.06
CUST104205,2021-09-29,Credit Card,69930.95
CUST104205,2021-01-25,Unsecured Others,47714.29
CUST104205,2021-08-17,Auto Loan,183157.98
CUST104206,2021-01-10,Home Loan,186542.91
CUST104206,2021-11-18,Home Loan,161285.13
CUST104207,2021-08-17,Home Loan,83242.85
CUST104207,2021-03-28,Unsecured Others,122417.18
CUST104207,2021-01-24,Home Loan,133151.39
CUST104208,2022-12-02,Home Loan,70706.47
CUST104208,2022-04-20,Unsecured Others,103828.31
CUST104208,2022-12-23,Credit Card,177410.34
CUST104208,2021-07-22,Unsecured Others,18246.01
CUST104208,2022-03-25,Auto Loan,183372.54
CUST104208,2021-11-21,Home Loan,171133.78
CUST104208,2021-11-05,Home Loan,36803.39
CUST104209,2021-02-05,Unsecured Others,27583.94
CUST104209,2022-06-29,Credit Card,95129.46
CUST104209,2021-02-06,Unsecured Others,37130.57
CUST104209,2022-04-02,Home Loan,69372.18
CUST104209,2022-11-11,Unsecured Others,58694.48
CUST104209,2022-07-29,Personal Loan,154640.88
CUST104210,2022-09-23,Personal Loan,166751.05
CUST104210,2021-02-03,Personal Loan,143781.14
CUST104211,2021-03-13,Home Loan,42428.61
CUST104211,2022-05-31,Auto Loan,24695.1
CUST104211,2022-08-25,Home Loan,178598.21
CUST104211,2021-01-30,Home Loan,93746.29
CUST104211,2021-05-26,Credit Card,46194.05
CUST104211,2021-09-07,Unsecured Others,135935.91
CUST104211,2022-04-13,Credit Card,37761.45
CUST104212,2022-05-25,Home Loan,189077.96
CUST104212,2022-12-13,Auto Loan,44369.22
CUST104213,2021-06-17,Auto Loan,25924.18
CUST104213,2022-12-15,Credit Card,186508.96
CUST104213,2021-06-16,Unsecured Others,185703.8
CUST104213,2021-10-11,Personal Loan,132239.73
CUST104213,2021-07-09,Unsecured Others,44277.47
CUST104214,2022-08-21,Personal Loan,72131.21
CUST104215,2022-02-15,Unsecured Others,39424.31
CUST104215,2021-04-12,Auto Loan,96867.18
CUST104215,2021-04-20,Home Loan,26188.65
CUST104217,2022-09-27,Unsecured Others,52835.29
CUST104217,2021-05-26,Auto Loan,27393.19
CUST104217,2021-12-05,Auto Loan,65652.55
CUST104217,2021-02-15,Personal Loan,9937.07
CUST104217,2022-07-16,Credit Card,147891.55
CUST104217,2021-07-14,Unsecured Others,136610.23
CUST104218,2021-09-19,Unsecured Others,59007.1
CUST104218,2021-08-18,Personal Loan,161928.39
CUST104218,2021-06-15,Auto Loan,192710.45
CUST104218,2022-02-14,Home Loan,74200.83
CUST104218,2022-11-10,Auto Loan,82467.4
CUST104218,2022-11-10,Personal Loan,135530.91
CUST104220,2021-04-08,Personal Loan,189785.58
CUST104220,2021-11-03,Home Loan,112143.72
CUST104220,2022-09-11,Home Loan,46332.84
CUST104220,2021-09-18,Home Loan,28761.17
CUST104220,2022-03-17,Home Loan,149712.01
CUST104220,2022-07-24,Personal Loan,86039.22
CUST104221,2022-08-17,Home Loan,28669.7
CUST104221,2022-11-08,Credit Card,88954.81
CUST104222,2021-02-13,Credit Card,151068.28
CUST104222,2021-01-23,Credit Card,54234.6
CUST104222,2022-01-30,Credit Card,86120.06
CUST104222,2022-01-09,Auto Loan,157323.4
CUST104223,2022-02-17,Home Loan,183839.6
CUST104223,2021-09-24,Home Loan,180439.56
CUST104224,2022-06-05,Personal Loan,165882.5
CUST104224,2022-10-31,Credit Card,91918.61
CUST104224,2022-01-28,Unsecured Others,88726.05
CUST104225,2021-02-08,Home Loan,73463.94
CUST104227,2021-05-03,Home Loan,196488.67
CUST104227,2021-08-15,Unsecured Others,176549.72
CUST104227,2021-10-13,Home Loan,175693.72
CUST104228,2021-09-14,Unsecured Others,26236.63
CUST104229,2022-04-22,Home Loan,186324.47
CUST104232,2021-03-25,Home Loan,96380.22
CUST104232,2021-01-11,Unsecured Others,22748.86
CUST104232,2022-02-09,Personal Loan,157655.53
CUST104232,2022-04-26,Auto Loan,70594.22
CUST104232,2022-05-06,Unsecured Others,170895.9
CUST104232,2021-10-16,Unsecured Others,155631.66
CUST104232,2022-02-09,Credit Card,23950.68
CUST104233,2022-11-10,Unsecured Others,186551.83
CUST104233,2022-03-18,Credit Card,89815.47
CUST104233,2021-12-22,Home Loan,6645.09
CUST104234,2022-01-31,Credit Card,132360.43
CUST104234,2021-12-01,Personal Loan,132958.45
CUST104234,2021-03-19,Personal Loan,199937.38
CUST104234,2021-04-17,Personal Loan,65070.56
CUST104234,2021-10-22,Credit Card,169054.3
CUST104234,2021-12-28,Personal Loan,28436.47
CUST104234,2022-06-15,Auto Loan,22731.55
CUST104235,2021-02-01,Unsecured Others,50890.6
CUST104236,2022-04-11,Auto Loan,72659.81
CUST104236,2021-01-19,Personal Loan,80177.37
CUST104238,2021-03-26,Credit Card,70996.8
CUST104238,2021-09-09,Unsecured Others,9756.52
CUST104239,2022-03-24,Credit Card,111444.91
CUST104239,2022-06-19,Unsecured Others,97114.85
CUST104240,2022-09-23,Home Loan,126587.93
CUST104241,2021-02-06,Unsecured Others,96569.3
CUST104241,2021-04-25,Unsecured Others,59518.53
CUST104241,2021-11-06,Unsecured Others,109988.79
CUST104243,2022-01-09,Home Loan,129826.09
CUST104243,2021-12-01,Home Loan,180284.41
CUST104243,2021-04-30,Credit Card,75795.6
CUST104243,2021-06-11,Home Loan,130633.8
CUST104243,2021-02-18,Auto Loan,132312.5
CUST104245,2021-11-18,Credit Card,125668.22
CUST104245,2021-03-24,Auto Loan,113705.34
CUST104245,2021-11-23,Unsecured Others,19429.46
CUST104245,2021-04-09,Credit Card,100565.84
CUST104245,2022-05-02,Credit Card,114031.96
CUST104246,2022-05-07,Auto Loan,75724.53
CUST104246,2021-04-08,Home Loan,45845.39
CUST104246,2022-01-09,Personal Loan,178519.13
CUST104246,2022-06-16,Credit Card,112799.24
CUST104246,2022-06-07,Credit Card,93341.6
CUST104247,2022-12-17,Auto Loan,136755.08
CUST104247,2022-08-25,Auto Loan,71728.7
CUST104247,2021-07-16,Home Loan,128771.83
CUST104248,2021-12-18,Credit Card,16758.99
CUST104248,2021-06-06,Personal Loan,143332.75
CUST104248,2022-05-11,Auto Loan,107462.21
CUST104248,2021-11-18,Unsecured Others,22082.7
CUST104249,2021-05-12,Credit Card,69520.37
CUST104249,2021-11-01,Unsecured Others,37200.89
CUST104249,2021-10-24,Auto Loan,78554.32
CUST104249,2022-01-17,Home Loan,147531.48
CUST104249,2022-07-29,Personal Loan,143306.49
CUST104249,2021-04-27,Auto Loan,52835.0
CUST104249,2022-12-19,Auto Loan,175819.81
CUST104250,2022-12-25,Home Loan,155153.31
CUST104250,2021-12-19,Personal Loan,67450.95
CUST104250,2022-02-14,Credit Card,41754.13
CUST104250,2021-08-16,Unsecured Others,130209.64
CUST104250,2021-03-26,Unsecured Others,107388.28
CUST104250,2021-02-12,Auto Loan,87879.36
CUST104251,2022-03-24,Personal Loan,158001.99
CUST104251,2021-12-19,Credit Card,100833.22
CUST104251,2021-08-14,Unsecured Others,146623.69
CUST104251,2021-09-18,Personal Loan,14967.49
CUST104251,2021-09-18,Auto Loan,56897.19
CUST104251,2021-11-09,Credit Card,38599.13
CUST104251,2022-11-14,Credit Card,28505.22
CUST104252,2021-07-05,Auto Loan,157215.76
CUST104253,2022-11-07,Personal Loan,144253.35
CUST104253,2021-07-08,Auto Loan,80762.7
CUST104253,2022-07-26,Home Loan,191631.88
CUST104253,2021-09-05,Unsecured Others,137938.99
CUST104254,2021-10-19,Unsecured Others,183201.01
CUST104254,2021-08-18,Credit Card,36819.26
CUST104254,2022-01-28,Unsecured Others,140921.83
CUST104254,2021-11-25,Home Loan,18262.23
CUST104255,2021-09-29,Auto Loan,91983.07
CUST104255,2021-01-16,Unsecured Others,38527.38
CUST104255,2022-11-23,Unsecured Others,94105.52
CUST104256,2022-02-24,Credit Card,153733.07
CUST104256,2021-08-02,Personal Loan,31088.78
CUST104256,2022-09-29,Home Loan,160046.43
CUST104256,2021-02-16,Home Loan,172396.4
CUST104256,2022-03-06,Credit Card,143427.4
CUST104257,2021-06-06,Home Loan,114406.41
CUST104257,2021-09-15,Home Loan,182751.26
CUST104257,2021-05-23,Home Loan,53354.79
CUST104257,2022-10-29,Home Loan,73606.27
CUST104257,2021-06-05,Personal Loan,165452.04
CUST104258,2022-07-28,Credit Card,103820.81
CUST104258,2021-03-12,Credit Card,144198.97
CUST104258,2022-10-07,Home Loan,74022.88
CUST104258,2021-05-19,Unsecured Others,18524.32
CUST104258,2022-10-21,Unsecured Others,147282.81
CUST104260,2021-02-05,Unsecured Others,112947.18
CUST104260,2021-04-18,Unsecured Others,55375.89
CUST104260,2022-10-18,Home Loan,144032.8
CUST104260,2021-03-27,Unsecured Others,48731.43
CUST104261,2022-04-04,Credit Card,136540.16
CUST104261,2021-01-22,Personal Loan,110063.34
CUST104261,2022-01-12,Personal Loan,127399.79
CUST104261,2021-09-27,Home Loan,164727.56
CUST104261,2022-10-24,Auto Loan,47964.72
CUST104261,2021-07-07,Credit Card,133327.35
CUST104261,2022-06-14,Auto Loan,58602.29
CUST104262,2022-09-12,Auto Loan,11176.59
CUST104262,2022-07-18,Personal Loan,22409.76
CUST104263,2022-10-10,Credit Card,47766.94
CUST104263,2022-09-07,Home Loan,169960.94
CUST104264,2022-12-10,Unsecured Others,142347.49
CUST104264,2021-08-18,Credit Card,99215.42
CUST104264,2022-06-22,Credit Card,181528.87
CUST104264,2022-06-27,Auto Loan,100550.37
CUST104265,2021-01-30,Auto Loan,199742.57
CUST104265,2022-09-02,Credit Card,11993.84
CUST104265,2021-10-20,Credit Card,59320.05
CUST104265,2021-02-06,Auto Loan,161647.51
CUST104265,2022-02-22,Credit Card,108914.7
CUST104265,2021-08-02,Personal Loan,187547.38
CUST104266,2021-07-01,Home Loan,178757.29
CUST104267,2022-08-01,Auto Loan,79746.05
CUST104267,2022-08-26,Personal Loan,90278.58
CUST104267,2022-06-30,Personal Loan,179438.36
CUST104267,2021-06-11,Personal Loan,58836.41
CUST104267,2022-06-27,Auto Loan,13960.04
CUST104267,2021-03-29,Unsecured Others,56140.07
CUST104268,2021-08-09,Credit Card,135585.06
CUST104268,2021-01-14,Unsecured Others,113267.29
CUST104268,2022-06-28,Unsecured Others,82620.0
CUST104268,2021-08-11,Unsecured Others,11159.58
CUST104268,2022-01-26,Unsecured Others,178302.9
CUST104268,2022-05-05,Credit Card,60538.93
CUST104269,2022-05-28,Home Loan,27875.71
CUST104269,2021-11-03,Home Loan,118850.35
CUST104269,2022-07-08,Auto Loan,150507.31
CUST104269,2022-05-27,Auto Loan,28007.44
CUST104269,2021-11-01,Credit Card,72134.82
CUST104270,2022-12-25,Personal Loan,155667.29
CUST104270,2022-12-29,Auto Loan,72477.46
CUST104270,2022-03-04,Personal Loan,128965.71
CUST104270,2021-07-08,Unsecured Others,96454.98
CUST104270,2022-04-05,Personal Loan,87927.31
CUST104271,2021-02-14,Unsecured Others,77180.85
CUST104271,2022-12-31,Home Loan,113842.33
CUST104271,2021-05-28,Personal Loan,147582.23
CUST104271,2022-04-13,Auto Loan,132405.03
CUST104271,2021-06-18,Credit Card,51673.71
CUST104272,2022-11-27,Auto Loan,170417.98
CUST104272,2022-06-02,Unsecured Others,109731.69
CUST104272,2021-06-16,Unsecured Others,185705.94
CUST104272,2022-06-02,Credit Card,23334.43
CUST104274,2021-12-18,Unsecured Others,181118.4
CUST104276,2022-12-22,Home Loan,166732.54
CUST104276,2022-02-18,Unsecured Others,74084.97
CUST104276,2021-04-25,Home Loan,103008.97
CUST104276,2022-06-07,Home Loan,116758.22
CUST104276,2021-02-10,Credit Card,66960.29
CUST104277,2022-07-25,Home Loan,104951.24
CUST104277,2021-07-01,Home Loan,126758.1
CUST104278,2022-01-19,Home Loan,44618.29
CUST104278,2021-11-07,Personal Loan,33839.55
CUST104278,2022-05-02,Credit Card,193101.82
CUST104279,2021-01-17,Auto Loan,51428.62
CUST104279,2022-03-31,Personal Loan,169122.17
CUST104279,2021-12-14,Personal Loan,87271.52
CUST104280,2021-03-21,Home Loan,158070.65
CUST104280,2021-11-29,Credit Card,64775.42
CUST104280,2022-11-12,Unsecured Others,112949.84
CUST104280,2021-03-27,Unsecured Others,93136.82
CUST104280,2021-08-05,Unsecured Others,142318.47
CUST104281,2022-04-18,Unsecured Others,198581.9
CUST104281,2021-01-27,Home Loan,80433.59
CUST104281,2022-01-02,Credit Card,36316.91
CUST104281,2021-09-11,Personal Loan,90460.4
CUST104281,2022-02-20,Personal Loan,197176.27
CUST104282,2022-05-30,Auto Loan,183067.7
CUST104282,2022-02-08,Credit Card,61991.42
CUST104284,2021-12-14,Unsecured Others,177547.98
CUST104284,2022-07-15,Home Loan,146442.11
CUST104284,2022-12-26,Home Loan,149681.58
CUST104284,2021-07-11,Unsecured Others,194399.45
CUST104284,2022-06-16,Auto Loan,101991.55
CUST104285,2022-01-31,Home Loan,185833.87
CUST104285,2022-01-08,Home Loan,114754.22
CUST104286,2021-01-12,Auto Loan,167842.14
CUST104286,2021-08-09,Credit Card,88033.25
CUST104286,2021-02-04,Personal Loan,14102.1
CUST104286,2022-10-22,Home Loan,119019.59
CUST104286,2021-02-26,Credit Card,134214.59
CUST104286,2022-06-28,Home Loan,184511.12
CUST104286,2022-07-23,Auto Loan,72728.31
CUST104287,2022-11-01,Auto Loan,110693.36
CUST104288,2022-09-03,Credit Card,176886.8
CUST104288,2022-12-29,Unsecured Others,52315.06
CUST104288,2022-02-28,Credit Card,119482.37
CUST104288,2021-05-19,Home Loan,20462.85
CUST104288,2021-08-04,Auto Loan,143626.96
CUST104289,2022-12-06,Unsecured Others,103952.9
CUST104289,2021-03-19,Personal Loan,195213.89
CUST104290,2022-11-25,Auto Loan,115660.67
CUST104290,2021-12-25,Personal Loan,16997.06
CUST104290,2021-10-15,Auto Loan,25123.66
CUST104290,2022-12-13,Auto Loan,100002.41
CUST104290,2022-06-30,Personal Loan,53794.44
CUST104290,2022-06-08,Home Loan,153222.4
CUST104290,2022-07-18,Home Loan,162254.68
CUST104291,2021-03-26,Home Loan,196592.95
CUST104291,2021-04-18,Personal Loan,140491.01
CUST104291,2021-04-07,Home Loan,8079.43
CUST104291,2022-10-27,Personal Loan,25900.1
CUST104292,2021-02-20,Home Loan,131805.85
CUST104292,2022-12-12,Home Loan,21161.53
CUST104292,2021-06-18,Credit Card,25594.14
CUST104292,2021-08-19,Home Loan,166720.65
CUST104292,2022-02-14,Home Loan,169314.71
CUST104295,2022-12-08,Personal Loan,36314.82
CUST104295,2021-09-14,Home Loan,176426.43
CUST104295,2022-07-19,Credit Card,140459.27
CUST104295,2021-05-25,Home Loan,177941.63
CUST104296,2021-06-12,Unsecured Others,8113.42
CUST104296,2021-05-02,Personal Loan,107649.58
CUST104296,2022-05-21,Personal Loan,89773.55
CUST104296,2021-01-26,Home Loan,72065.28
CUST104296,2021-09-24,Personal Loan,43413.44
CUST104296,2022-03-23,Personal Loan,74992.43
CUST104296,2021-03-15,Auto Loan,97320.6
CUST104297,2021-11-03,Home Loan,70192.93
CUST104297,2021-04-12,Unsecured Others,116512.41
CUST104297,2022-01-21,Credit Card,38282.07
CUST104297,2021-01-19,Credit Card,43076.07
CUST104298,2021-04-22,Personal Loan,122231.32
CUST104298,2022-03-04,Credit Card,10144.37
CUST104298,2021-09-24,Auto Loan,171798.54
CUST104299,2021-01-09,Auto Loan,195327.68
CUST104299,2021-03-03,Personal Loan,82073.78
CUST104299,2021-07-28,Home Loan,51278.59
CUST104299,2021-08-26,Home Loan,188215.59
CUST104300,2021-12-26,Unsecured Others,82301.27
CUST104300,2022-11-02,Credit Card,143846.88
CUST104300,2022-09-24,Home Loan,62735.05
CUST104300,2022-08-10,Home Loan,15212.29
CUST104301,2022-12-16,Home Loan,118715.52
CUST104301,2022-04-21,Personal Loan,136101.53
CUST104301,2022-09-14,Home Loan,140529.35
CUST104302,2021-11-17,Personal Loan,182911.21
CUST104302,2022-07-11,Personal Loan,142060.88
CUST104302,2021-03-05,Personal Loan,15746.98
CUST104302,2022-11-23,Auto Loan,57952.73
CUST104302,2021-11-18,Home Loan,65253.9
CUST104302,2022-05-08,Home Loan,177879.25
CUST104302,2022-12-01,Auto Loan,12509.99
CUST104303,2021-03-28,Personal Loan,143171.84
CUST104303,2022-08-22,Unsecured Others,5754.94
CUST104304,2021-03-25,Unsecured Others,160191.71
CUST104305,2021-03-01,Home Loan,55684.85
CUST104306,2021-12-02,Auto Loan,47953.47
CUST104307,2022-04-06,Unsecured Others,72349.34
CUST104307,2022-04-11,Auto Loan,156320.5
CUST104307,2022-08-25,Home Loan,26951.88
CUST104307,2021-12-13,Personal Loan,96578.68
CUST104307,2022-02-05,Auto Loan,158530.69
CUST104308,2021-11-22,Auto Loan,61003.96
CUST104308,2021-07-19,Credit Card,124939.35
CUST104308,2022-02-13,Unsecured Others,154730.2
CUST104309,2021-11-05,Personal Loan,7708.23
CUST104309,2021-05-21,Credit Card,94347.91
CUST104309,2021-11-01,Auto Loan,155453.86
CUST104309,2022-07-19,Unsecured Others,161630.24
CUST104309,2022-06-07,Credit Card,118653.87
CUST104309,2021-08-06,Home Loan,162047.23
CUST104310,2021-03-20,Auto Loan,104894.32
CUST104310,2021-12-25,Auto Loan,51737.45
CUST104310,2021-05-29,Personal Loan,198077.49
CUST104310,2022-10-05,Credit Card,112159.04
CUST104310,2021-04-11,Home Loan,33448.82
CUST104310,2021-03-07,Auto Loan,152997.81
CUST104311,2021-05-12,Unsecured Others,20621.43
CUST104311,2021-01-23,Credit Card,68518.09
CUST104311,2022-01-03,Credit Card,59973.15
CUST104311,2022-03-02,Home Loan,149593.32
CUST104312,2021-10-15,Credit Card,84035.85
CUST104312,2021-08-16,Personal Loan,123646.26
CUST104312,2021-12-25,Home Loan,110770.7
CUST104312,2021-09-17,Personal Loan,44500.57
CUST104312,2022-01-01,Auto Loan,149584.97
CUST104313,2022-10-02,Unsecured Others,87479.6
CUST104313,2021-09-02,Home Loan,184959.43
CUST104314,2022-03-02,Personal Loan,165656.46
CUST104315,2022-06-06,Home Loan,72908.21
CUST104315,2022-01-31,Credit Card,163163.72
CUST104315,2022-12-21,Auto Loan,149130.12
CUST104315,2022-03-12,Credit Card,196446.45
CUST104315,2021-03-26,Home Loan,154334.49
CUST104315,2022-02-28,Personal Loan,123624.8
CUST104317,2022-12-17,Auto Loan,65254.33
CUST104317,2022-07-15,Auto Loan,194230.01
CUST104318,2022-09-08,Personal Loan,98304.41
CUST104318,2021-12-23,Auto Loan,128655.73
CUST104320,2021-10-31,Home Loan,35967.84
CUST104321,2022-01-12,Credit Card,59317.05
CUST104324,2021-02-11,Auto Loan,44514.0
CUST104324,2022-10-30,Personal Loan,45410.18
CUST104324,2022-07-02,Unsecured Others,66673.83
CUST104325,2021-05-09,Auto Loan,153566.55
CUST104325,2022-05-04,Unsecured Others,54100.15
CUST104325,2022-06-12,Home Loan,118117.31
CUST104326,2022-09-30,Auto Loan,102020.29
CUST104326,2021-01-29,Personal Loan,149788.3
CUST104326,2022-09-15,Auto Loan,99609.51
CUST104326,2021-04-01,Home Loan,192825.82
CUST104326,2022-07-17,Personal Loan,40216.67
CUST104327,2021-07-06,Unsecured Others,48193.47
CUST104329,2021-01-11,Credit Card,154549.87
CUST104329,2021-03-17,Auto Loan,142416.96
CUST104329,2021-09-06,Unsecured Others,40694.01
CUST104329,2022-11-14,Auto Loan,155181.4
CUST104330,2022-08-23,Credit Card,77984.68
CUST104330,2021-10-23,Auto Loan,77536.23
CUST104330,2022-02-27,Unsecured Others,161570.57
CUST104330,2022-01-23,Home Loan,124327.55
CUST104330,2021-10-08,Home Loan,19772.23
CUST104331,2021-01-18,Auto Loan,143612.57
CUST104331,2022-07-18,Personal Loan,92840.02
CUST104331,2022-02-11,Home Loan,107879.26
CUST104331,2021-01-29,Auto Loan,91438.45
CUST104331,2022-03-19,Credit Card,23749.73
CUST104331,2021-04-18,Unsecured Others,152742.98
CUST104331,2022-11-13,Credit Card,103611.39
CUST104332,2022-08-31,Home Loan,48438.78
CUST104332,2021-02-05,Personal Loan,45675.52
CUST104332,2021-09-14,Unsecured Others,106916.88
CUST104332,2021-11-21,Unsecured Others,63702.72
CUST104333,2022-03-03,Credit Card,93257.44
CUST104333,2021-07-07,Credit Card,44484.6
CUST104333,2021-12-26,Credit Card,155879.55
CUST104334,2022-09-04,Unsecured Others,147873.47
CUST104334,2021-03-30,Credit Card,125441.87
CUST104334,2021-10-05,Home Loan,25863.81
CUST104334,2021-04-22,Credit Card,80279.55
CUST104336,2022-02-05,Home Loan,195385.52
CUST104336,2022-11-09,Personal Loan,44887.92
CUST104336,2022-11-15,Personal Loan,135109.77
CUST104336,2021-11-03,Auto Loan,158126.21
CUST104336,2021-12-24,Unsecured Others,32141.1
CUST104336,2021-12-16,Personal Loan,196114.87
CUST104336,2021-10-01,Unsecured Others,46538.41
CUST104337,2022-01-26,Personal Loan,86060.63
CUST104337,2021-02-09,Credit Card,119592.96
CUST104337,2022-07-07,Home Loan,67658.62
CUST104337,2022-08-01,Credit Card,186803.22
CUST104338,2022-10-03,Home Loan,77578.91
CUST104338,2021-06-28,Home Loan,82415.85
CUST104339,2021-08-09,Unsecured Others,163204.0
CUST104339,2021-09-08,Personal Loan,18825.35
CUST104339,2021-11-07,Auto Loan,57797.26
CUST104339,2022-10-19,Personal Loan,59163.09
CUST104339,2022-01-04,Home Loan,161480.93
CUST104340,2021-12-27,Home Loan,188018.46
CUST104340,2021-11-13,Home Loan,81353.31
CUST104341,2022-05-30,Home Loan,17830.56
CUST104341,2022-09-02,Personal Loan,109080.9
CUST104341,2021-05-17,Auto Loan,30515.06
CUST104341,2021-03-25,Auto Loan,82613.98
CUST104341,2022-07-09,Personal Loan,60220.66
CUST104341,2022-05-10,Auto Loan,43718.46
CUST104341,2021-05-22,Unsecured Others,39582.43
CUST104342,2021-03-12,Auto Loan,28459.76
CUST104342,2022-07-06,Auto Loan,142034.7
CUST104343,2022-04-01,Unsecured Others,14677.52
CUST104343,2022-12-14,Personal Loan,152531.24
CUST104343,2022-07-15,Unsecured Others,169214.44
CUST104343,2021-11-18,Auto Loan,155752.22
CUST104343,2021-07-29,Credit Card,123676.46
CUST104343,2021-04-21,Credit Card,85687.87
CUST104343,2021-08-24,Personal Loan,19081.96
CUST104344,2022-12-16,Personal Loan,199413.83
CUST104344,2022-11-25,Unsecured Others,18679.01
CUST104344,2021-11-24,Auto Loan,7012.07
CUST104344,2021-11-09,Personal Loan,172857.81
CUST104345,2021-03-11,Auto Loan,194791.67
CUST104345,2022-11-03,Home Loan,143643.37
CUST104345,2021-10-28,Credit Card,57508.79
CUST104345,2021-05-14,Auto Loan,109908.61
CUST104345,2021-07-03,Personal Loan,144671.66
CUST104346,2021-03-23,Personal Loan,38621.2
CUST104346,2021-07-29,Personal Loan,99027.4
CUST104346,2022-06-22,Auto Loan,48035.99
CUST104346,2021-09-28,Unsecured Others,181693.57
CUST104346,2021-02-06,Unsecured Others,34659.53
CUST104346,2021-09-09,Home Loan,65441.43
CUST104346,2021-05-21,Credit Card,179288.46
CUST104347,2022-11-23,Auto Loan,119442.76
CUST104347,2021-08-05,Unsecured Others,111441.22
CUST104347,2022-06-10,Personal Loan,55529.32
CUST104347,2022-05-06,Credit Card,76941.82
CUST104347,2022-04-21,Auto Loan,199109.61
CUST104347,2022-06-22,Home Loan,150404.2
CUST104349,2021-07-22,Auto Loan,184723.28
CUST104349,2021-01-31,Credit Card,163839.26
CUST104349,2022-08-24,Home Loan,47350.54
CUST104349,2022-08-25,Auto Loan,174413.88
CUST104351,2021-12-18,Unsecured Others,28105.17
CUST104351,2021-08-05,Credit Card,60859.82
CUST104351,2021-06-19,Personal Loan,163508.25
CUST104351,2022-07-31,Credit Card,174624.53
CUST104351,2022-02-02,Unsecured Others,116070.03
CUST104352,2022-11-08,Home Loan,165767.17
CUST104352,2022-12-21,Unsecured Others,34115.62
CUST104352,2022-04-27,Personal Loan,72885.51
CUST104352,2022-07-23,Credit Card,22455.07
CUST104353,2022-10-13,Auto Loan,110122.99
CUST104353,2022-11-06,Unsecured Others,102435.17
CUST104353,2021-07-12,Personal Loan,197595.09
CUST104353,2021-11-20,Personal Loan,123972.77
CUST104354,2021-04-30,Credit Card,62185.17
CUST104354,2022-12-23,Auto Loan,40097.77
CUST104354,2022-12-25,Auto Loan,152626.78
CUST104354,2021-02-18,Auto Loan,46748.46
CUST104354,2022-08-29,Auto Loan,27711.03
CUST104355,2021-05-21,Unsecured Others,67844.4
CUST104355,2022-06-11,Auto Loan,90916.41
CUST104356,2022-04-24,Auto Loan,139750.2
CUST104356,2021-04-09,Auto Loan,148971.67
CUST104356,2021-04-15,Personal Loan,36495.53
CUST104357,2021-07-05,Auto Loan,142198.2
CUST104357,2022-04-28,Auto Loan,169091.21
CUST104357,2022-03-05,Credit Card,142480.03
CUST104358,2021-09-30,Unsecured Others,147218.18
CUST104358,2022-07-03,Unsecured Others,14935.27
CUST104358,2021-11-16,Personal Loan,127157.64
CUST104358,2021-08-21,Home Loan,156070.91
CUST104358,2021-12-15,Auto Loan,184879.26
CUST104358,2021-07-29,Unsecured Others,11205.57
CUST104358,2021-12-25,Auto Loan,132344.11
CUST104359,2021-11-07,Credit Card,50300.66
CUST104359,2021-12-23,Home Loan,102264.32
CUST104359,2022-10-11,Personal Loan,23968.04
CUST104359,2022-04-13,Auto Loan,147048.35
CUST104359,2022-08-01,Credit Card,28504.84
CUST104359,2022-06-02,Unsecured Others,77876.28
CUST104360,2022-02-16,Unsecured Others,64193.52
CUST104360,2021-02-28,Unsecured Others,55906.66
CUST104360,2022-03-12,Unsecured Others,144024.1
CUST104360,2022-11-16,Unsecured Others,138229.69
CUST104361,2021-07-14,Personal Loan,21820.2
CUST104361,2021-05-05,Unsecured Others,171029.03
CUST104361,2022-12-07,Auto Loan,122444.24
CUST104361,2021-05-16,Personal Loan,104448.13
CUST104362,2022-11-13,Credit Card,85534.26
CUST104362,2022-04-17,Personal Loan,171920.26
CUST104362,2021-02-04,Auto Loan,137013.9
CUST104362,2022-11-25,Unsecured Others,190397.52
CUST104362,2021-05-09,Home Loan,174068.5
CUST104363,2021-12-08,Auto Loan,179107.11
CUST104363,2022-11-26,Home Loan,12718.64
CUST104363,2021-07-29,Personal Loan,90695.67
CUST104364,2021-04-03,Unsecured Others,118219.94
CUST104364,2021-09-29,Credit Card,77881.09
CUST104364,2022-12-04,Credit Card,106495.15
CUST104364,2021-08-28,Unsecured Others,77082.65
CUST104364,2021-06-22,Home Loan,99893.62
CUST104365,2021-11-01,Unsecured Others,43553.8
CUST104366,2022-04-04,Credit Card,110928.76
CUST104366,2022-02-07,Auto Loan,136891.45
CUST104366,2022-11-26,Auto Loan,185902.28
CUST104366,2022-01-15,Auto Loan,185343.26
CUST104366,2022-07-04,Credit Card,52305.79
CUST104366,2022-05-05,Personal Loan,41893.07
CUST104367,2022-07-31,Personal Loan,10773.0
CUST104367,2022-11-21,Unsecured Others,58418.73
CUST104367,2021-06-28,Auto Loan,73048.88
CUST104367,2022-12-18,Credit Card,154196.69
CUST104368,2021-02-02,Unsecured Others,16482.12
CUST104368,2021-07-17,Unsecured Others,133908.16
CUST104369,2021-08-07,Credit Card,154718.86
CUST104369,2022-10-24,Credit Card,169776.12
CUST104370,2022-07-09,Home Loan,24835.68
CUST104370,2021-11-08,Unsecured Others,80965.72
CUST104370,2022-09-22,Auto Loan,46029.68
CUST104370,2021-04-14,Unsecured Others,71606.8
CUST104370,2021-05-11,Home Loan,96094.23
CUST104370,2021-09-28,Auto Loan,92770.02
CUST104371,2021-12-02,Auto Loan,166404.44
CUST104371,2021-04-17,Home Loan,157900.97
CUST104372,2022-05-03,Home Loan,139143.96
CUST104372,2021-05-15,Credit Card,167564.96
CUST104373,2022-07-07,Home Loan,188522.83
CUST104373,2021-11-12,Credit Card,154977.93
CUST104373,2022-07-21,Personal Loan,114801.86
CUST104373,2021-04-22,Auto Loan,133301.46
CUST104373,2022-08-20,Unsecured Others,10863.56
CUST104373,2021-04-06,Auto Loan,68040.4
CUST104374,2021-05-23,Personal Loan,142649.03
CUST104374,2021-12-31,Unsecured Others,93522.0
CUST104374,2021-08-05,Unsecured Others,59076.78
CUST104375,2021-04-01,Auto Loan,55297.77
CUST104376,2021-03-27,Personal Loan,118191.44
CUST104376,2021-02-07,Home Loan,111196.2
CUST104376,2022-02-06,Credit Card,195546.35
CUST104376,2022-05-19,Auto Loan,61838.91
CUST104376,2021-04-30,Personal Loan,100672.32
CUST104376,2022-04-09,Personal Loan,110013.03
CUST104377,2022-11-03,Personal Loan,177300.76
CUST104379,2022-07-20,Personal Loan,151873.19
CUST104379,2022-06-04,Unsecured Others,91538.86
CUST104379,2021-02-12,Unsecured Others,92758.57
CUST104379,2021-07-28,Auto Loan,25725.06
CUST104379,2022-04-20,Credit Card,168258.06
CUST104379,2021-07-29,Home Loan,168923.57
CUST104379,2021-01-11,Personal Loan,57075.63
CUST104380,2021-10-24,Credit Card,8705.34
CUST104380,2022-05-24,Personal Loan,6708.65
CUST104380,2022-04-22,Home Loan,74858.69
CUST104380,2022-05-08,Home Loan,186080.19
CUST104380,2022-07-09,Credit Card,115248.49
CUST104380,2022-05-28,Home Loan,100224.95
CUST104380,2021-06-09,Home Loan,165733.19
CUST104381,2022-10-29,Credit Card,25873.71
CUST104381,2021-11-13,Credit Card,76526.61
CUST104381,2021-09-25,Auto Loan,124067.71
CUST104381,2022-02-06,Credit Card,137043.16
CUST104381,2021-04-27,Unsecured Others,183729.03
CUST104383,2022-06-01,Personal Loan,80782.17
CUST104383,2021-02-14,Credit Card,191890.54
CUST104383,2022-11-16,Unsecured Others,60806.68
CUST104383,2022-07-12,Auto Loan,61599.13
CUST104384,2022-04-11,Auto Loan,94392.46
CUST104384,2021-04-21,Personal Loan,34099.17
CUST104384,2021-08-07,Personal Loan,83041.1
CUST104385,2022-02-26,Home Loan,114675.62
CUST104386,2022-06-13,Auto Loan,55376.58
CUST104387,2022-09-06,Personal Loan,103458.19
CUST104387,2022-09-21,Credit Card,193792.09
CUST104389,2021-05-08,Personal Loan,49723.63
CUST104389,2022-11-20,Credit Card,140744.99
CUST104389,2022-11-22,Credit Card,112227.53
CUST104390,2021-12-14,Auto Loan,138004.99
CUST104390,2021-08-17,Unsecured Others,88334.26
CUST104390,2022-12-27,Auto Loan,168051.33
CUST104391,2021-07-07,Personal Loan,104273.28
CUST104391,2022-04-05,Credit Card,195530.91
CUST104391,2021-12-06,Auto Loan,176175.28
CUST104391,2022-01-11,Credit Card,75866.81
CUST104391,2022-04-11,Unsecured Others,110654.51
CUST104392,2021-09-28,Home Loan,37102.35
CUST104392,2022-08-18,Personal Loan,181738.32
CUST104392,2022-05-05,Unsecured Others,199036.56
CUST104392,2022-11-21,Unsecured Others,121086.68
CUST104392,2021-07-26,Auto Loan,103175.45
CUST104393,2022-02-28,Personal Loan,155200.96
CUST104393,2021-04-18,Unsecured Others,73396.13
CUST104393,2022-10-22,Credit Card,150800.45
CUST104393,2021-12-24,Unsecured Others,190140.18
CUST104393,2021-12-31,Home Loan,9114.34
CUST104394,2021-12-12,Personal Loan,52382.77
CUST104394,2021-09-05,Personal Loan,82456.18
CUST104394,2022-08-20,Credit Card,160951.46
CUST104394,2021-07-24,Credit Card,82434.39
CUST104395,2021-06-09,Unsecured Others,198230.1
CUST104395,2021-01-07,Personal Loan,154526.53
CUST104395,2021-05-25,Personal Loan,191045.09
CUST104395,2021-02-05,Auto Loan,8092.73
CUST104395,2021-08-22,Auto Loan,87511.45
CUST104395,2021-06-04,Home Loan,49532.21
CUST104396,2021-10-12,Personal Loan,124822.83
CUST104396,2021-01-13,Unsecured Others,38689.33
CUST104396,2022-06-20,Personal Loan,138553.93
CUST104396,2022-07-15,Unsecured Others,182712.92
CUST104396,2022-03-22,Home Loan,172288.67
CUST104396,2021-04-24,Credit Card,5335.03
CUST104396,2022-06-17,Personal Loan,26952.55
CUST104397,2021-10-28,Personal Loan,40692.21
CUST104397,2022-11-01,Unsecured Others,39688.56
CUST104397,2021-08-13,Personal Loan,66209.87
CUST104397,2022-08-25,Auto Loan,160873.56
CUST104399,2022-01-19,Credit Card,110858.67
CUST104400,2021-12-25,Unsecured Others,84447.3
CUST104400,2022-03-10,Home Loan,149840.01
CUST104400,2021-10-21,Unsecured Others,21900.37
CUST104401,2021-08-29,Home Loan,154483.56
CUST104402,2021-11-25,Auto Loan,194001.31
CUST104402,2021-06-20,Home Loan,7597.05
CUST104402,2022-08-15,Credit Card,98628.71
CUST104402,2022-01-08,Credit Card,75794.67
CUST104402,2021-05-22,Home Loan,85609.85
CUST104402,2022-09-13,Credit Card,160063.96
CUST104404,2021-09-11,Home Loan,95313.45
CUST104404,2022-10-07,Auto Loan,48787.7
CUST104404,2021-06-29,Unsecured Others,120977.94
CUST104404,2021-08-26,Personal Loan,34607.35
CUST104405,2021-06-07,Auto Loan,176568.75
CUST104405,2022-10-17,Unsecured Others,126902.46
CUST104405,2022-03-01,Credit Card,166970.18
CUST104405,2022-04-21,Home Loan,142900.5
CUST104405,2021-10-30,Credit Card,33967.25
CUST104405,2021-12-05,Auto Loan,193121.07
CUST104405,2022-11-30,Personal Loan,139653.03
CUST104406,2022-09-04,Auto Loan,98772.67
CUST104406,2022-12-28,Home Loan,194661.75
CUST104406,2022-10-13,Unsecured Others,100856.02
CUST104406,2022-07-13,Auto Loan,117003.17
CUST104407,2021-02-27,Auto Loan,160904.47
CUST104407,2022-06-03,Credit Card,132530.04
CUST104407,2022-03-25,Home Loan,144385.45
CUST104407,2021-10-29,Credit Card,124258.98
CUST104407,2022-01-02,Auto Loan,57958.41
CUST104408,2022-10-09,Home Loan,131121.88
CUST104408,2022-05-29,Unsecured Others,26464.36
CUST104408,2021-01-05,Auto Loan,125089.43
CUST104408,2022-09-22,Home Loan,199862.69
CUST104409,2022-09-05,Home Loan,35898.29
CUST104409,2021-05-01,Auto Loan,131146.18
CUST104409,2022-07-25,Home Loan,179260.29
CUST104409,2022-08-24,Personal Loan,160267.16
CUST104409,2021-03-19,Home Loan,36295.16
CUST104409,2021-03-06,Auto Loan,159203.57
CUST104410,2022-08-25,Credit Card,181807.72
CUST104410,2021-11-09,Credit Card,21718.87
CUST104410,2022-01-12,Unsecured Others,18372.23
CUST104410,2022-04-22,Unsecured Others,70831.13
CUST104410,2022-11-12,Auto Loan,25695.51
CUST104410,2022-09-05,Auto Loan,170372.71
CUST104410,2022-01-08,Auto Loan,80848.1
CUST104411,2021-04-15,Personal Loan,43520.46
CUST104411,2021-01-28,Personal Loan,147569.03
CUST104411,2021-11-01,Home Loan,13174.28
CUST104413,2021-05-03,Auto Loan,56194.51
CUST104413,2021-08-16,Unsecured Others,196714.21
CUST104413,2022-08-29,Auto Loan,116660.9
CUST104413,2022-02-08,Personal Loan,50582.3
CUST104413,2022-05-31,Credit Card,15195.06
CUST104414,2022-09-15,Unsecured Others,21412.11
CUST104414,2022-04-15,Credit Card,158559.15
CUST104414,2021-09-27,Credit Card,164744.02
CUST104414,2022-11-02,Home Loan,55946.75
CUST104415,2021-06-27,Personal Loan,91814.64
CUST104415,2022-05-11,Auto Loan,135800.98
CUST104416,2021-10-18,Unsecured Others,147122.07
CUST104416,2021-07-05,Home Loan,72186.35
CUST104418,2022-08-06,Auto Loan,152365.05
CUST104419,2022-02-07,Personal Loan,74373.14
CUST104419,2021-04-05,Personal Loan,131477.98
CUST104419,2021-09-12,Personal Loan,74382.78
CUST104419,2021-07-02,Home Loan,184640.56
CUST104419,2022-04-18,Personal Loan,8641.37
CUST104420,2021-02-25,Unsecured Others,80811.67
CUST104420,2022-03-12,Unsecured Others,159295.92
CUST104420,2022-09-30,Auto Loan,57189.5
CUST104421,2021-08-26,Auto Loan,6060.54
CUST104421,2022-10-11,Home Loan,150290.48
CUST104423,2022-05-05,Home Loan,105899.36
CUST104423,2022-09-22,Credit Card,145072.45
CUST104423,2022-03-23,Home Loan,138879.49
CUST104423,2022-11-23,Home Loan,51884.78
CUST104423,2021-09-14,Auto Loan,62085.75
CUST104423,2022-05-27,Home Loan,184494.77
CUST104424,2021-12-18,Auto Loan,154457.83
CUST104425,2021-12-05,Home Loan,84740.61
CUST104427,2021-07-30,Personal Loan,36935.24
CUST104429,2021-08-04,Unsecured Others,48786.74
CUST104429,2021-02-17,Credit Card,141322.48
CUST104429,2022-01-07,Personal Loan,165797.64
CUST104429,2022-06-05,Unsecured Others,68337.41
CUST104430,2021-06-11,Credit Card,100805.17
CUST104432,2022-05-04,Home Loan,177346.47
CUST104432,2022-12-24,Home Loan,83927.82
CUST104432,2021-02-03,Auto Loan,74187.0
CUST104432,2021-12-22,Personal Loan,59247.79
CUST104432,2022-04-22,Personal Loan,178046.87
CUST104432,2022-05-05,Credit Card,70452.5
CUST104432,2021-11-03,Credit Card,133864.05
CUST104433,2021-07-03,Unsecured Others,117802.62
CUST104433,2022-07-02,Auto Loan,88977.95
CUST104433,2022-03-24,Auto Loan,31833.76
CUST104433,2021-08-16,Credit Card,48197.84
CUST104433,2022-11-11,Auto Loan,143162.88
CUST104434,2022-11-15,Unsecured Others,159752.44
CUST104434,2022-04-21,Personal Loan,91403.63
CUST104434,2021-11-12,Auto Loan,82717.27
CUST104434,2021-01-14,Auto Loan,128584.69
CUST104434,2022-12-11,Credit Card,93144.18
CUST104435,2022-12-10,Credit Card,156780.9
CUST104435,2022-07-14,Auto Loan,26100.95
CUST104436,2021-11-12,Auto Loan,139322.78
CUST104436,2021-09-30,Unsecured Others,140509.66
CUST104436,2022-07-12,Personal Loan,53688.01
CUST104436,2022-09-24,Unsecured Others,39155.6
CUST104436,2022-01-16,Unsecured Others,183888.51
CUST104436,2022-08-29,Home Loan,68395.48
CUST104437,2022-11-11,Credit Card,27943.03
CUST104438,2022-06-14,Personal Loan,72359.91
CUST104438,2021-02-05,Auto Loan,153864.69
CUST104439,2022-08-23,Home Loan,170072.82
CUST104440,2021-09-29,Personal Loan,154778.04
CUST104440,2021-11-16,Home Loan,100729.74
CUST104440,2021-02-18,Unsecured Others,187988.6
CUST104440,2021-02-15,Credit Card,69039.37
CUST104440,2022-08-29,Credit Card,132797.19
CUST104440,2021-02-13,Home Loan,91868.44
CUST104440,2021-10-21,Personal Loan,142660.44
CUST104441,2021-02-22,Home Loan,106516.4
CUST104442,2022-07-23,Credit Card,126374.19
CUST104442,2021-07-08,Unsecured Others,10003.29
CUST104442,2022-09-28,Auto Loan,71555.74
CUST104442,2022-06-17,Credit Card,116587.89
CUST104442,2022-06-06,Personal Loan,191800.29
CUST104442,2021-04-03,Personal Loan,122589.38
CUST104442,2021-09-20,Credit Card,113044.21
CUST104443,2021-06-02,Auto Loan,45384.33
CUST104443,2022-09-28,Unsecured Others,79110.99
CUST104443,2021-11-20,Unsecured Others,37433.28
CUST104443,2021-07-23,Unsecured Others,15280.16
CUST104443,2022-11-02,Home Loan,15397.43
CUST104446,2021-10-13,Unsecured Others,8472.1
CUST104446,2022-01-26,Home Loan,39992.3
CUST104447,2021-04-27,Home Loan,114282.01
CUST104447,2021-01-04,Credit Card,103102.51
CUST104448,2022-04-06,Personal Loan,101762.63
CUST104448,2022-11-07,Credit Card,40181.47
CUST104449,2021-06-15,Personal Loan,146508.91
CUST104449,2022-10-20,Auto Loan,131744.6
CUST104449,2021-03-21,Unsecured Others,140250.71
CUST104450,2022-12-06,Auto Loan,103993.91
CUST104450,2022-01-26,Unsecured Others,38984.39
CUST104450,2021-01-22,Home Loan,133381.8
CUST104450,2021-10-16,Personal Loan,116762.91
CUST104450,2022-02-04,Home Loan,171404.92
CUST104450,2022-01-12,Home Loan,183612.31
CUST104451,2021-07-13,Auto Loan,140008.73
CUST104452,2021-12-31,Home Loan,153202.04
CUST104452,2021-06-23,Personal Loan,143530.11
CUST104452,2021-06-25,Home Loan,38389.51
CUST104455,2022-04-21,Unsecured Others,198264.36
CUST104455,2022-06-30,Home Loan,120233.45
CUST104455,2022-05-24,Home Loan,163006.45
CUST104456,2021-03-21,Home Loan,17779.5
CUST104457,2022-12-12,Credit Card,193030.4
CUST104457,2022-03-17,Home Loan,171564.15
CUST104458,2022-07-27,Credit Card,103555.33
CUST104458,2021-04-27,Personal Loan,65206.93
CUST104458,2022-08-11,Credit Card,194432.84
CUST104458,2021-09-21,Auto Loan,68939.15
CUST104458,2021-07-23,Personal Loan,80968.46
CUST104458,2022-03-21,Auto Loan,117792.94
CUST104459,2022-11-09,Personal Loan,39365.82
CUST104459,2022-05-20,Home Loan,108472.99
CUST104459,2022-05-20,Home Loan,185313.43
CUST104459,2021-04-23,Unsecured Others,118321.35
CUST104459,2022-12-17,Credit Card,55823.16
CUST104460,2022-11-21,Personal Loan,195611.25
CUST104460,2022-11-09,Auto Loan,168924.44
CUST104460,2021-11-07,Personal Loan,175088.95
CUST104461,2021-08-17,Personal Loan,78937.66
CUST104461,2022-06-07,Credit Card,94516.22
CUST104461,2021-11-20,Home Loan,132526.7
CUST104461,2021-03-06,Home Loan,27773.78
CUST104461,2021-03-19,Auto Loan,132313.64
CUST104461,2021-07-03,Personal Loan,133019.67
CUST104461,2022-06-04,Auto Loan,93281.37
CUST104462,2022-07-11,Auto Loan,75205.92
CUST104462,2022-10-25,Auto Loan,81611.16
CUST104462,2022-02-26,Credit Card,182159.22
CUST104462,2022-05-04,Credit Card,6880.78
CUST104463,2022-05-16,Auto Loan,121401.43
CUST104463,2021-08-07,Credit Card,62837.8
CUST104464,2022-10-01,Home Loan,185606.44
CUST104464,2022-06-05,Personal Loan,63964.53
CUST104464,2022-07-31,Unsecured Others,157274.99
CUST104464,2022-05-16,Unsecured Others,177826.73
CUST104465,2022-03-03,Auto Loan,175867.66
CUST104465,2022-03-04,Personal Loan,137468.19
CUST104465,2022-07-30,Unsecured Others,117564.87
CUST104465,2022-07-13,Home Loan,99601.74
CUST104465,2022-11-24,Personal Loan,147991.82
CUST104465,2022-11-09,Auto Loan,170391.52
CUST104465,2022-01-09,Personal Loan,193569.75
CUST104466,2022-12-16,Credit Card,109428.23
CUST104466,2021-01-28,Home Loan,31313.86
CUST104466,2022-06-06,Auto Loan,132181.81
CUST104467,2021-01-22,Auto Loan,126749.09
CUST104467,2021-08-21,Personal Loan,148875.08
CUST104468,2021-03-22,Unsecured Others,62414.96
CUST104468,2021-12-29,Credit Card,67704.19
CUST104468,2021-01-14,Personal Loan,27219.84
CUST104468,2022-05-29,Unsecured Others,43546.67
CUST104468,2022-04-30,Credit Card,62131.75
CUST104469,2022-06-03,Credit Card,89825.21
CUST104469,2022-10-20,Credit Card,80643.16
CUST104469,2021-09-23,Credit Card,196186.15
CUST104469,2021-06-20,Credit Card,88473.21
CUST104469,2021-12-13,Personal Loan,157574.9
CUST104470,2021-04-17,Personal Loan,189472.17
CUST104470,2021-01-21,Auto Loan,99481.95
CUST104471,2021-07-09,Home Loan,104002.55
CUST104471,2022-08-15,Credit Card,95088.26
CUST104471,2021-06-14,Personal Loan,28308.76
CUST104471,2022-03-18,Personal Loan,197126.98
CUST104471,2022-01-29,Personal Loan,168631.78
CUST104471,2021-11-26,Credit Card,189618.99
CUST104471,2022-07-02,Personal Loan,117921.26
CUST104472,2021-10-19,Personal Loan,127156.37
CUST104472,2022-01-21,Personal Loan,144832.51
CUST104472,2021-11-14,Unsecured Others,48721.23
CUST104472,2021-03-29,Credit Card,41365.35
CUST104472,2022-01-23,Home Loan,190777.64
CUST104472,2022-03-01,Home Loan,115890.02
CUST104472,2022-08-19,Home Loan,183897.99
CUST104473,2021-09-05,Unsecured Others,59410.06
CUST104473,2021-07-15,Auto Loan,136042.4
CUST104473,2021-02-20,Auto Loan,39837.87
CUST104473,2022-12-01,Credit Card,140538.98
CUST104474,2022-02-01,Credit Card,85926.17
CUST104475,2022-10-05,Credit Card,42687.21
CUST104475,2022-09-18,Home Loan,154668.25
CUST104475,2022-05-11,Home Loan,31910.64
CUST104475,2022-01-13,Home Loan,163871.29
CUST104477,2021-08-10,Personal Loan,111552.24
CUST104477,2021-02-05,Auto Loan,6018.33
CUST104477,2021-07-09,Personal Loan,59551.55
CUST104477,2022-05-27,Credit Card,20900.01
CUST104477,2021-04-19,Credit Card,41162.01
CUST104479,2022-08-22,Auto Loan,58133.03
CUST104479,2021-06-22,Unsecured Others,98529.19
CUST104479,2022-04-15,Credit Card,148383.34
CUST104479,2021-10-20,Unsecured Others,40048.8
CUST104479,2022-02-19,Unsecured Others,103293.16
CUST104480,2021-07-11,Home Loan,91634.69
CUST104480,2022-10-19,Personal Loan,77448.0
CUST104480,2021-11-30,Home Loan,109498.46
CUST104480,2022-02-09,Auto Loan,36826.74
CUST104480,2021-09-11,Personal Loan,166320.33
CUST104480,2021-06-07,Unsecured Others,30214.96
CUST104480,2022-08-18,Auto Loan,127640.06
CUST104482,2021-10-24,Auto Loan,65768.98
CUST104482,2022-10-02,Home Loan,153490.57
CUST104482,2021-05-07,Unsecured Others,190932.89
CUST104482,2021-05-29,Home Loan,118511.42
CUST104482,2022-09-15,Personal Loan,141817.69
CUST104482,2022-11-30,Unsecured Others,163488.55
CUST104483,2022-02-15,Auto Loan,99078.01
CUST104483,2021-08-09,Credit Card,142806.1
CUST104483,2021-09-19,Auto Loan,51771.5
CUST104483,2022-02-17,Home Loan,150884.49
CUST104484,2022-05-25,Credit Card,12709.7
CUST104484,2021-02-24,Personal Loan,57443.22
CUST104484,2022-08-09,Credit Card,78536.62
CUST104485,2021-11-12,Unsecured Others,45687.97
CUST104485,2021-12-15,Personal Loan,38275.71
CUST104485,2021-04-30,Personal Loan,66837.05
CUST104485,2022-08-02,Credit Card,129627.48
CUST104485,2022-07-12,Auto Loan,67767.61
CUST104485,2021-02-10,Credit Card,97758.51
CUST104485,2021-05-03,Auto Loan,132355.7
CUST104486,2022-07-03,Personal Loan,48420.27
CUST104486,2021-01-22,Home Loan,161887.79
CUST104486,2022-08-21,Personal Loan,153414.76
CUST104486,2022-05-29,Personal Loan,163502.98
CUST104486,2022-03-05,Personal Loan,72653.85
CUST104486,2021-01-19,Auto Loan,120036.85
CUST104486,2022-05-10,Auto Loan,167931.76
CUST104489,2022-09-07,Personal Loan,141275.26
CUST104489,2021-11-26,Home Loan,149242.33
CUST104489,2021-03-07,Personal Loan,173980.28
CUST104490,2022-01-28,Home Loan,67877.17
CUST104490,2022-05-31,Unsecured Others,130933.27
CUST104490,2021-04-23,Home Loan,68285.0
CUST104490,2021-01-13,Home Loan,152422.53
CUST104490,2022-10-09,Credit Card,9603.21
CUST104492,2022-06-02,Personal Loan,68797.3
CUST104492,2021-07-15,Home Loan,174972.07
CUST104492,2021-01-24,Unsecured Others,33113.62
CUST104492,2021-02-19,Auto Loan,17907.72
CUST104492,2022-03-10,Credit Card,20563.0
CUST104493,2022-07-07,Unsecured Others,177238.75
CUST104494,2022-06-07,Home Loan,191561.13
CUST104495,2021-12-04,Credit Card,168487.21
CUST104495,2021-02-26,Unsecured Others,91840.96
CUST104496,2021-12-27,Auto Loan,87088.64
CUST104496,2022-04-24,Credit Card,163521.78
CUST104496,2021-08-15,Unsecured Others,164584.78
CUST104496,2022-10-29,Auto Loan,88200.62
CUST104496,2021-09-06,Credit Card,22740.24
CUST104496,2021-02-13,Home Loan,34549.09
CUST104497,2021-12-02,Unsecured Others,187507.66
CUST104497,2022-02-25,Credit Card,198714.86
CUST104497,2022-07-25,Personal Loan,91486.62
CUST104497,2021-03-04,Home Loan,13314.02
CUST104497,2021-08-12,Auto Loan,160517.44
CUST104498,2021-12-20,Home Loan,120396.09
CUST104498,2021-04-01,Unsecured Others,80066.26
CUST104498,2022-06-30,Auto Loan,62887.9
CUST104498,2021-02-24,Unsecured Others,5976.41
CUST104498,2021-01-24,Unsecured Others,114940.26
CUST104498,2022-02-04,Auto Loan,126008.39
CUST104499,2022-08-13,Personal Loan,163344.89
CUST104499,2021-12-03,Home Loan,80461.59
CUST104500,2022-07-15,Unsecured Others,62575.35
CUST104501,2021-09-05,Home Loan,141398.89
CUST104501,2021-05-12,Unsecured Others,89075.33
CUST104502,2021-05-08,Home Loan,56057.59
CUST104502,2021-07-26,Personal Loan,36806.33
CUST104502,2022-08-08,Unsecured Others,49805.63
CUST104502,2022-06-04,Unsecured Others,153004.71
CUST104502,2021-04-26,Personal Loan,199833.27
CUST104502,2022-10-24,Credit Card,161154.52
CUST104503,2022-05-10,Credit Card,174119.21
CUST104503,2022-07-15,Auto Loan,113734.48
CUST104503,2022-01-09,Credit Card,155527.8
CUST104503,2022-10-29,Unsecured Others,150484.91
CUST104503,2022-02-09,Unsecured Others,123650.16
CUST104504,2022-07-30,Unsecured Others,76181.06
CUST104504,2022-11-23,Auto Loan,170057.28
CUST104504,2022-03-20,Personal Loan,31500.13
CUST104504,2022-02-02,Home Loan,148150.53
CUST104504,2021-04-04,Auto Loan,76973.11
CUST104504,2022-12-15,Personal Loan,112218.0
CUST104504,2022-03-13,Personal Loan,124577.33
CUST104505,2022-09-17,Home Loan,109211.79
CUST104505,2022-01-27,Home Loan,140439.28
CUST104506,2021-06-10,Personal Loan,147760.64
CUST104506,2022-07-16,Auto Loan,94466.43
CUST104507,2022-10-02,Credit Card,26550.33
CUST104508,2021-06-26,Home Loan,76255.8
CUST104508,2022-06-17,Unsecured Others,101231.23
CUST104508,2021-06-09,Credit Card,157157.85
CUST104510,2022-02-22,Home Loan,44415.22
CUST104510,2022-12-07,Unsecured Others,176415.36
CUST104510,2021-09-18,Home Loan,24575.47
CUST104510,2022-05-23,Home Loan,19232.81
CUST104511,2021-01-02,Home Loan,81177.5
CUST104511,2021-03-29,Personal Loan,32529.21
CUST104511,2021-05-04,Credit Card,80913.55
CUST104511,2021-02-27,Personal Loan,76309.98
CUST104511,2021-07-31,Credit Card,165220.06
CUST104511,2022-07-03,Credit Card,39025.57
CUST104511,2021-10-23,Credit Card,108273.33
CUST104512,2022-06-13,Auto Loan,19269.82
CUST104512,2021-03-05,Personal Loan,97213.59
CUST104512,2021-11-23,Unsecured Others,115147.8
CUST104512,2022-11-25,Credit Card,24784.97
CUST104512,2022-04-01,Personal Loan,167477.03
CUST104512,2022-05-31,Personal Loan,146958.77
CUST104512,2021-10-15,Unsecured Others,171457.15
CUST104513,2022-10-08,Credit Card,140958.3
CUST104513,2021-09-25,Home Loan,95458.43
CUST104513,2021-07-16,Unsecured Others,103202.79
CUST104513,2022-03-09,Personal Loan,87360.59
CUST104513,2022-04-21,Home Loan,97560.34
CUST104513,2022-09-29,Credit Card,148661.04
CUST104514,2022-09-13,Credit Card,155406.69
CUST104514,2022-10-20,Credit Card,137141.58
CUST104515,2022-09-26,Unsecured Others,32257.81
CUST104515,2022-01-09,Home Loan,54146.22
CUST104515,2022-10-07,Unsecured Others,184453.85
CUST104516,2022-01-02,Personal Loan,150559.59
CUST104516,2021-05-23,Auto Loan,112492.54
CUST104516,2021-02-01,Personal Loan,9324.7
CUST104516,2021-01-14,Home Loan,96360.53
CUST104516,2021-11-13,Home Loan,25183.15
CUST104516,2021-02-05,Unsecured Others,172482.12
CUST104516,2022-08-01,Personal Loan,37198.55
CUST104517,2021-01-21,Unsecured Others,149454.89
CUST104517,2021-01-21,Personal Loan,199857.59
CUST104517,2022-04-17,Auto Loan,189910.57
CUST104517,2022-11-25,Auto Loan,171234.5
CUST104517,2021-08-17,Home Loan,23736.77
CUST104517,2022-08-01,Home Loan,40579.86
CUST104518,2022-03-27,Home Loan,36289.46
CUST104518,2022-06-21,Auto Loan,115397.3
CUST104518,2021-06-01,Credit Card,173558.6
CUST104518,2021-01-10,Auto Loan,146944.29
CUST104518,2022-11-10,Personal Loan,37212.85
CUST104518,2021-07-10,Unsecured Others,58381.78
CUST104519,2021-09-24,Personal Loan,42712.49
CUST104519,2021-06-09,Unsecured Others,119572.48
CUST104520,2022-12-06,Unsecured Others,155143.9
CUST104520,2021-04-13,Personal Loan,81622.29
CUST104520,2021-08-07,Personal Loan,138511.78
CUST104521,2021-05-07,Home Loan,45481.14
CUST104521,2021-08-18,Auto Loan,7872.6
CUST104521,2021-10-14,Home Loan,192232.11
CUST104521,2021-07-27,Personal Loan,85999.67
CUST104521,2022-01-04,Auto Loan,118346.51
CUST104522,2022-08-18,Credit Card,60578.4
CUST104522,2022-04-13,Personal Loan,18143.38
CUST104522,2022-09-17,Credit Card,33666.21
CUST104522,2021-03-24,Home Loan,41146.44
CUST104522,2021-06-30,Auto Loan,172353.79
CUST104523,2021-01-22,Home Loan,136628.53
CUST104525,2022-01-12,Credit Card,149145.06
CUST104525,2022-07-17,Home Loan,195782.19
CUST104525,2021-03-23,Credit Card,13768.56
CUST104526,2022-11-17,Credit Card,87493.5
CUST104526,2022-05-20,Unsecured Others,114070.6
CUST104526,2022-06-20,Personal Loan,53975.87
CUST104526,2021-10-08,Personal Loan,133747.79
CUST104526,2022-12-23,Auto Loan,194845.0
CUST104526,2021-07-28,Credit Card,160696.75
CUST104527,2021-11-18,Auto Loan,136174.3
CUST104527,2021-05-28,Auto Loan,67788.3
CUST104527,2021-01-20,Credit Card,53694.36
CUST104528,2021-08-31,Auto Loan,191428.65
CUST104530,2021-03-17,Unsecured Others,126775.71
CUST104530,2021-07-19,Home Loan,144013.21
CUST104530,2021-01-05,Unsecured Others,125402.84
CUST104530,2022-01-03,Auto Loan,117340.27
CUST104530,2021-05-16,Auto Loan,164683.0
CUST104531,2021-07-28,Unsecured Others,103788.91
CUST104532,2021-04-01,Unsecured Others,79155.55
CUST104532,2021-04-20,Credit Card,81334.78
CUST104532,2022-08-20,Home Loan,47563.31
CUST104532,2021-10-22,Auto Loan,135963.89
CUST104532,2022-04-06,Credit Card,56461.87
CUST104533,2022-06-14,Personal Loan,103927.3
CUST104534,2021-09-13,Auto Loan,123205.12
CUST104534,2022-05-14,Auto Loan,58630.61
CUST104535,2021-06-29,Home Loan,6850.0
CUST104535,2021-09-09,Home Loan,33732.3
CUST104535,2021-10-21,Auto Loan,21855.73
CUST104535,2021-07-17,Home Loan,134018.04
CUST104535,2021-04-06,Unsecured Others,135447.67
CUST104536,2022-01-15,Credit Card,93450.96
CUST104536,2022-01-20,Unsecured Others,117637.29
CUST104536,2021-02-22,Unsecured Others,191916.75
CUST104536,2021-02-26,Unsecured Others,163116.21
CUST104536,2021-08-30,Auto Loan,25239.93
CUST104536,2021-02-05,Home Loan,25096.8
CUST104536,2022-01-25,Home Loan,158410.99
CUST104537,2022-10-04,Unsecured Others,155431.73
CUST104537,2022-07-25,Home Loan,120112.78
CUST104537,2022-10-11,Auto Loan,146555.05
CUST104537,2022-09-03,Credit Card,68839.29
CUST104537,2022-02-03,Unsecured Others,100566.56
CUST104538,2022-10-03,Home Loan,81042.52
CUST104539,2022-07-06,Credit Card,76968.0
CUST104539,2021-06-04,Credit Card,86248.25
CUST104539,2022-10-14,Credit Card,142842.75
CUST104539,2022-05-29,Credit Card,48864.48
CUST104539,2022-05-10,Personal Loan,100620.92
CUST104540,2022-09-13,Credit Card,109784.03
CUST104540,2022-03-02,Home Loan,13866.6
CUST104540,2021-11-21,Home Loan,8902.51
CUST104541,2022-12-01,Home Loan,39712.24
CUST104541,2021-10-16,Home Loan,19338.15
CUST104541,2022-07-29,Home Loan,24871.12
CUST104541,2022-01-28,Unsecured Others,165409.19
CUST104541,2022-09-22,Auto Loan,146001.94
CUST104541,2022-03-14,Unsecured Others,90492.76
CUST104541,2022-10-23,Credit Card,118166.34
CUST104542,2022-01-05,Auto Loan,125560.74
CUST104542,2022-07-24,Home Loan,119618.31
CUST104542,2022-07-04,Unsecured Others,156869.43
CUST104542,2022-09-03,Unsecured Others,149199.39
CUST104543,2021-11-09,Home Loan,54294.41
CUST104543,2021-11-11,Unsecured Others,168749.76
CUST104543,2021-05-16,Personal Loan,70056.84
CUST104543,2022-03-15,Auto Loan,33209.0
CUST104544,2021-10-27,Credit Card,114526.18
CUST104544,2021-10-04,Home Loan,47208.0
CUST104545,2022-06-19,Unsecured Others,6030.34
CUST104545,2021-03-14,Credit Card,165036.13
CUST104545,2022-10-17,Credit Card,152810.69
CUST104547,2022-09-27,Unsecured Others,68998.1
CUST104547,2021-04-06,Home Loan,170493.46
CUST104548,2021-10-16,Unsecured Others,90529.9
CUST104548,2022-07-06,Credit Card,19555.51
CUST104548,2022-07-24,Credit Card,88123.36
CUST104548,2021-09-06,Home Loan,99635.42
CUST104549,2021-10-13,Unsecured Others,17268.22
CUST104549,2022-10-23,Home Loan,124750.96
CUST104549,2022-07-23,Home Loan,34772.67
CUST104549,2021-12-04,Unsecured Others,90622.76
CUST104549,2021-03-11,Auto Loan,157455.07
CUST104549,2022-01-01,Home Loan,117093.85
CUST104550,2021-09-21,Home Loan,147084.7
CUST104551,2021-12-30,Unsecured Others,29060.87
CUST104551,2021-01-30,Unsecured Others,159203.82
CUST104551,2022-10-11,Credit Card,42051.86
CUST104551,2021-08-09,Credit Card,150413.22
CUST104552,2021-10-18,Unsecured Others,70667.69
CUST104552,2021-04-16,Auto Loan,10982.29
CUST104553,2021-05-27,Home Loan,51255.61
CUST104553,2022-02-09,Home Loan,86843.96
CUST104553,2021-11-01,Unsecured Others,82766.78
CUST104553,2022-04-25,Auto Loan,44797.4
CUST104554,2022-04-10,Auto Loan,43723.38
CUST104554,2022-08-05,Personal Loan,86416.51
CUST104554,2022-10-31,Auto Loan,156238.41
CUST104554,2022-05-23,Credit Card,130078.77
CUST104554,2021-05-29,Unsecured Others,177343.23
CUST104554,2022-07-16,Auto Loan,101557.25
CUST104554,2022-11-11,Auto Loan,51740.34
CUST104555,2021-11-07,Personal Loan,136437.46
CUST104555,2022-07-07,Auto Loan,176949.68
CUST104555,2022-08-09,Credit Card,21032.93
CUST104555,2022-08-06,Home Loan,99880.27
CUST104555,2021-06-21,Auto Loan,69173.34
CUST104555,2022-01-04,Auto Loan,62417.42
CUST104555,2022-12-10,Credit Card,150933.45
CUST104556,2021-10-09,Credit Card,114756.36
CUST104556,2022-09-06,Home Loan,27139.51
CUST104556,2022-03-27,Personal Loan,58290.47
CUST104557,2021-06-10,Unsecured Others,55477.94
CUST104557,2022-10-05,Personal Loan,182470.08
CUST104557,2021-07-30,Unsecured Others,193674.06
CUST104557,2022-03-21,Personal Loan,169143.36
CUST104557,2022-10-17,Home Loan,122279.55
CUST104557,2022-11-12,Credit Card,110694.7
CUST104557,2022-11-24,Unsecured Others,51585.85
CUST104558,2022-01-20,Credit Card,29147.94
CUST104558,2022-02-02,Personal Loan,5619.13
CUST104558,2021-05-26,Personal Loan,117134.08
CUST104558,2021-11-21,Auto Loan,174771.07
CUST104558,2021-01-18,Personal Loan,152809.34
CUST104558,2021-07-22,Credit Card,168114.47
CUST104560,2022-03-18,Unsecured Others,199416.69
CUST104560,2021-10-17,Unsecured Others,40734.2
CUST104560,2022-08-23,Personal Loan,65487.42
CUST104560,2022-05-17,Auto Loan,46908.11
CUST104562,2021-01-29,Home Loan,185435.82
CUST104562,2022-07-19,Personal Loan,105494.15
CUST104562,2021-08-03,Unsecured Others,101162.77
CUST104563,2022-02-02,Credit Card,158250.67
CUST104563,2022-01-08,Home Loan,108394.71
CUST104563,2021-09-02,Personal Loan,50848.52
CUST104563,2021-08-31,Personal Loan,22939.4
CUST104563,2021-08-13,Credit Card,180050.87
CUST104563,2021-11-21,Personal Loan,184246.68
CUST104563,2021-06-27,Credit Card,42591.53
CUST104564,2021-05-28,Home Loan,190181.22
CUST104564,2021-12-23,Auto Loan,11226.3
CUST104564,2021-10-15,Home Loan,153283.23
CUST104565,2021-08-30,Auto Loan,119991.1
CUST104565,2021-11-21,Credit Card,144971.68
CUST104565,2021-12-19,Auto Loan,196611.22
CUST104565,2021-01-20,Auto Loan,29867.26
CUST104565,2022-08-29,Personal Loan,32509.69
CUST104566,2022-02-02,Unsecured Others,149078.93
CUST104566,2022-06-11,Credit Card,54807.05
CUST104566,2021-08-24,Home Loan,150216.16
CUST104567,2022-09-20,Credit Card,16629.19
CUST104567,2021-04-21,Home Loan,132658.9
CUST104567,2022-03-16,Personal Loan,121701.88
CUST104567,2022-02-26,Home Loan,136029.49
CUST104567,2022-08-01,Personal Loan,35452.94
CUST104567,2022-04-20,Unsecured Others,22478.1
CUST104568,2022-10-24,Auto Loan,38246.08
CUST104568,2021-03-27,Personal Loan,77293.34
CUST104568,2022-12-06,Credit Card,166783.31
CUST104568,2022-06-12,Home Loan,131239.85
CUST104568,2021-07-06,Home Loan,43313.38
CUST104569,2022-10-04,Unsecured Others,30290.22
CUST104569,2022-06-20,Auto Loan,9054.06
CUST104569,2021-06-18,Personal Loan,64158.81
CUST104569,2022-11-18,Unsecured Others,162291.75
CUST104569,2021-09-01,Home Loan,64600.3
CUST104570,2021-12-03,Home Loan,47969.79
CUST104571,2021-10-26,Auto Loan,110702.19
CUST104571,2021-03-25,Personal Loan,193008.07
CUST104571,2022-08-09,Personal Loan,82557.89
CUST104571,2021-04-22,Auto Loan,192433.26
CUST104571,2021-02-15,Home Loan,182510.58
CUST104572,2022-01-03,Credit Card,186202.4
CUST104572,2021-05-16,Auto Loan,124604.2
CUST104572,2021-10-16,Auto Loan,139291.99
CUST104572,2022-02-14,Unsecured Others,115322.96
CUST104573,2021-12-27,Home Loan,36270.64
CUST104573,2021-05-10,Unsecured Others,152150.2
CUST104573,2021-07-11,Home Loan,132092.53
CUST104573,2021-06-03,Home Loan,198952.81
CUST104574,2022-05-13,Unsecured Others,97892.71
CUST104574,2022-07-26,Credit Card,97510.8
CUST104575,2022-09-22,Unsecured Others,132644.28
CUST104575,2022-05-12,Credit Card,44386.14
CUST104575,2022-01-12,Home Loan,175827.82
CUST104575,2022-10-19,Auto Loan,69940.01
CUST104575,2021-07-18,Auto Loan,165424.21
CUST104575,2021-11-30,Auto Loan,120485.63
CUST104576,2021-06-18,Personal Loan,7693.58
CUST104576,2022-03-08,Personal Loan,199014.12
CUST104576,2021-04-15,Personal Loan,40862.07
CUST104576,2021-03-16,Auto Loan,153643.3
CUST104577,2022-10-31,Auto Loan,89179.99
CUST104577,2021-01-09,Unsecured Others,72455.83
CUST104577,2022-01-23,Credit Card,60014.12
CUST104577,2022-12-25,Personal Loan,185532.21
CUST104578,2022-01-27,Auto Loan,171751.29
CUST104579,2021-04-28,Personal Loan,35153.56
CUST104579,2021-10-19,Home Loan,140926.75
CUST104579,2022-10-09,Credit Card,10469.11
CUST104579,2022-02-18,Home Loan,109819.44
CUST104579,2021-11-29,Auto Loan,29323.77
CUST104580,2021-10-21,Personal Loan,124426.13
CUST104580,2021-09-20,Personal Loan,168234.03
CUST104581,2022-03-22,Home Loan,163666.38
CUST104581,2021-08-31,Auto Loan,17696.01
CUST104582,2022-03-12,Home Loan,88964.61
CUST104582,2021-10-24,Credit Card,49897.86
CUST104582,2021-04-14,Unsecured Others,32850.19
CUST104582,2022-12-29,Home Loan,192013.61
CUST104582,2021-10-26,Auto Loan,93820.84
CUST104582,2022-12-17,Credit Card,33346.43
CUST104582,2022-11-12,Credit Card,130647.69
CUST104583,2022-02-28,Personal Loan,30639.19
CUST104583,2022-07-03,Credit Card,99273.94
CUST104584,2021-11-14,Unsecured Others,21710.84
CUST104584,2022-03-10,Credit Card,139010.39
CUST104585,2022-05-12,Home Loan,42167.03
CUST104585,2021-07-29,Credit Card,132497.21
CUST104585,2022-12-31,Home Loan,181059.86
CUST104585,2022-12-07,Auto Loan,15519.73
CUST104585,2021-03-31,Personal Loan,120933.87
CUST104585,2021-05-20,Unsecured Others,54707.08
CUST104586,2022-04-05,Personal Loan,24522.49
CUST104586,2021-10-07,Home Loan,157803.68
CUST104586,2022-02-23,Personal Loan,183439.83
CUST104588,2021-05-07,Credit Card,122429.44
CUST104588,2021-09-15,Personal Loan,120948.01
CUST104588,2022-04-13,Auto Loan,129845.88
CUST104588,2021-07-15,Unsecured Others,198901.91
CUST104588,2021-07-30,Unsecured Others,194375.75
CUST104589,2022-01-01,Auto Loan,49967.22
CUST104589,2022-12-30,Auto Loan,40614.59
CUST104589,2021-05-29,Credit Card,71972.64
CUST104589,2022-07-16,Home Loan,22789.55
CUST104590,2021-10-31,Credit Card,156543.89
CUST104590,2021-02-12,Personal Loan,196151.42
CUST104590,2021-11-29,Home Loan,106579.35
CUST104590,2021-02-16,Auto Loan,59733.59
CUST104590,2022-04-25,Personal Loan,56204.48
CUST104590,2021-06-06,Auto Loan,114011.12
CUST104590,2021-12-26,Unsecured Others,91154.74
CUST104591,2021-12-28,Auto Loan,175652.84
CUST104591,2021-01-31,Credit Card,147053.89
CUST104591,2021-01-26,Personal Loan,156673.82
CUST104591,2021-06-30,Personal Loan,191755.7
CUST104591,2021-04-07,Personal Loan,59530.68
CUST104591,2022-12-27,Credit Card,75421.42
CUST104591,2021-03-03,Auto Loan,27367.2
CUST104592,2021-04-02,Personal Loan,41451.55
CUST104592,2021-06-11,Personal Loan,113033.18
CUST104592,2021-04-20,Auto Loan,71219.44
CUST104593,2022-01-17,Auto Loan,162339.45
CUST104593,2021-01-17,Personal Loan,57369.93
CUST104593,2022-12-27,Credit Card,67135.75
CUST104593,2021-02-02,Personal Loan,53740.06
CUST104593,2021-05-09,Home Loan,15225.61
CUST104594,2022-09-22,Unsecured Others,120769.18
CUST104594,2021-01-23,Credit Card,157433.47
CUST104595,2022-12-06,Credit Card,83357.62
CUST104595,2021-08-14,Unsecured Others,20943.45
CUST104595,2021-02-12,Auto Loan,28426.82
CUST104595,2022-07-27,Home Loan,174520.3
CUST104596,2022-09-08,Auto Loan,137982.07
CUST104596,2022-09-09,Credit Card,40330.66
CUST104596,2021-09-15,Personal Loan,64213.86
CUST104596,2022-06-27,Home Loan,94479.33
CUST104596,2021-11-04,Personal Loan,94626.86
CUST104596,2021-09-14,Home Loan,99409.82
CUST104597,2022-07-26,Unsecured Others,162980.17
CUST104597,2021-06-26,Personal Loan,29486.31
CUST104597,2022-10-15,Home Loan,180384.79
CUST104599,2021-01-19,Credit Card,114887.68
CUST104599,2022-02-28,Auto Loan,186616.87
CUST104599,2021-07-18,Personal Loan,178094.12
CUST104599,2022-06-03,Auto Loan,76788.43
CUST104601,2021-07-05,Personal Loan,99689.03
CUST104601,2021-12-27,Personal Loan,111093.38
CUST104601,2021-01-22,Personal Loan,33102.69
CUST104601,2021-12-22,Auto Loan,159128.93
CUST104602,2021-08-18,Personal Loan,46789.29
CUST104602,2022-02-11,Unsecured Others,152161.06
CUST104603,2022-08-10,Home Loan,46256.14
CUST104603,2022-04-06,Unsecured Others,160699.36
CUST104604,2022-01-01,Unsecured Others,117996.76
CUST104605,2022-10-02,Unsecured Others,30716.47
CUST104605,2021-12-02,Personal Loan,132910.69
CUST104605,2022-11-28,Unsecured Others,185970.29
CUST104605,2022-12-16,Unsecured Others,149339.74
CUST104605,2022-09-17,Unsecured Others,174898.82
CUST104606,2021-03-16,Unsecured Others,167185.88
CUST104606,2021-06-14,Personal Loan,93419.98
CUST104606,2022-08-17,Home Loan,173074.68
CUST104606,2021-11-25,Credit Card,7026.02
CUST104606,2021-07-15,Unsecured Others,21890.93
CUST104606,2021-09-20,Credit Card,59133.02
CUST104606,2021-11-19,Personal Loan,89122.5
CUST104607,2021-06-07,Personal Loan,195098.82
CUST104607,2021-11-11,Home Loan,40254.3
CUST104607,2022-07-17,Home Loan,172033.21
CUST104607,2022-10-04,Auto Loan,152701.26
CUST104607,2021-11-13,Credit Card,44362.08
CUST104607,2021-07-09,Home Loan,199994.04
CUST104607,2021-09-12,Unsecured Others,19457.55
CUST104608,2022-11-04,Credit Card,194745.34
CUST104610,2021-09-12,Auto Loan,167692.85
CUST104610,2021-05-30,Home Loan,197850.93
CUST104610,2022-11-07,Auto Loan,122414.24
CUST104610,2021-03-29,Credit Card,76054.84
CUST104610,2021-07-22,Personal Loan,176155.1
CUST104610,2022-04-13,Credit Card,73296.51
CUST104611,2021-12-08,Home Loan,168346.61
CUST104611,2021-04-02,Personal Loan,56578.06
CUST104611,2022-02-23,Credit Card,172125.27
CUST104611,2022-02-10,Auto Loan,196329.86
CUST104612,2022-04-29,Personal Loan,113452.06
CUST104612,2022-06-05,Home Loan,32945.75
CUST104612,2022-03-27,Personal Loan,26242.04
CUST104613,2022-01-24,Credit Card,133057.84
CUST104613,2021-06-09,Unsecured Others,82934.99
CUST104613,2022-04-15,Unsecured Others,87643.39
CUST104613,2022-07-22,Unsecured Others,75500.51
CUST104614,2021-02-10,Credit Card,7616.93
CUST104614,2021-02-09,Unsecured Others,33954.87
CUST104614,2022-04-01,Home Loan,13681.64
CUST104614,2022-06-07,Unsecured Others,154232.39
CUST104614,2021-01-20,Home Loan,118482.95
CUST104616,2022-08-11,Personal Loan,81443.43
CUST104616,2022-12-27,Personal Loan,16677.42
CUST104616,2021-07-19,Credit Card,81683.87
CUST104616,2022-12-14,Auto Loan,96677.18
CUST104617,2021-07-22,Home Loan,192276.2
CUST104617,2022-02-13,Credit Card,185230.31
CUST104617,2021-12-21,Auto Loan,126365.92
CUST104617,2021-03-18,Credit Card,11747.5
CUST104618,2021-12-09,Auto Loan,139704.22
CUST104618,2022-06-03,Auto Loan,26183.18
CUST104618,2022-07-25,Home Loan,118241.74
CUST104618,2022-03-09,Personal Loan,115678.59
CUST104618,2021-07-15,Credit Card,31142.36
CUST104618,2022-01-06,Home Loan,128816.43
CUST104620,2021-07-23,Auto Loan,100027.38
CUST104620,2022-12-01,Unsecured Others,164917.85
CUST104620,2021-11-15,Auto Loan,123118.48
CUST104620,2022-04-08,Personal Loan,159709.07
CUST104620,2021-11-05,Auto Loan,92530.01
CUST104621,2021-02-16,Personal Loan,188479.77
CUST104621,2021-07-23,Unsecured Others,26334.41
CUST104621,2021-04-20,Home Loan,161033.07
CUST104621,2021-05-13,Unsecured Others,136406.38
CUST104621,2022-11-15,Credit Card,47218.1
CUST104621,2021-09-10,Personal Loan,69784.53
CUST104621,2021-05-26,Auto Loan,130173.7
CUST104622,2022-06-13,Personal Loan,112725.29
CUST104622,2022-12-25,Personal Loan,114530.09
CUST104622,2021-06-09,Home Loan,178994.27
CUST104622,2022-09-17,Home Loan,176586.32
CUST104622,2022-11-10,Unsecured Others,101301.1
CUST104623,2022-06-25,Credit Card,59769.31
CUST104623,2022-05-12,Personal Loan,13203.74
CUST104623,2022-05-04,Personal Loan,142429.46
CUST104623,2022-11-07,Unsecured Others,193356.26
CUST104623,2021-04-12,Personal Loan,28719.38
CUST104623,2022-03-09,Auto Loan,118464.03
CUST104623,2022-09-09,Personal Loan,59710.99
CUST104624,2021-06-21,Home Loan,69317.26
CUST104624,2022-11-30,Home Loan,15911.5
CUST104624,2022-05-04,Home Loan,78525.65
CUST104624,2022-05-13,Credit Card,17270.82
CUST104624,2021-08-13,Auto Loan,60819.88
CUST104624,2022-02-14,Unsecured Others,59246.23
CUST104624,2022-03-12,Personal Loan,128604.35
CUST104626,2021-07-27,Unsecured Others,101203.61
CUST104626,2022-11-28,Home Loan,27916.09
CUST104626,2022-06-05,Credit Card,164282.82
CUST104626,2022-07-07,Unsecured Others,103505.91
CUST104626,2021-09-03,Unsecured Others,97121.24
CUST104626,2022-07-08,Home Loan,42056.85
CUST104626,2021-01-20,Auto Loan,120059.64
CUST104627,2021-12-18,Auto Loan,93144.94
CUST104627,2022-05-18,Home Loan,76775.91
CUST104627,2021-05-30,Personal Loan,64820.41
CUST104627,2022-09-10,Personal Loan,118022.74
CUST104629,2022-02-14,Personal Loan,93582.43
CUST104630,2021-03-29,Unsecured Others,105724.34
CUST104630,2022-08-23,Home Loan,122088.91
CUST104630,2022-10-12,Home Loan,44674.42
CUST104631,2021-12-22,Auto Loan,112142.85
CUST104631,2022-05-20,Unsecured Others,73068.38
CUST104632,2022-05-18,Unsecured Others,51851.75
CUST104632,2021-09-01,Auto Loan,34031.49
CUST104632,2022-05-27,Unsecured Others,40039.92
CUST104632,2021-01-10,Auto Loan,88916.29
CUST104632,2022-03-20,Credit Card,197865.87
CUST104632,2021-07-30,Auto Loan,27623.87
CUST104632,2022-02-22,Auto Loan,162493.24
CUST104633,2022-01-22,Credit Card,66217.5
CUST104633,2021-01-27,Unsecured Others,95001.3
CUST104634,2021-09-23,Home Loan,80092.74
CUST104634,2022-06-24,Home Loan,127957.44
CUST104634,2021-01-15,Credit Card,41790.06
CUST104634,2021-11-04,Personal Loan,106979.55
CUST104634,2021-09-05,Personal Loan,169033.92
CUST104635,2021-02-11,Home Loan,119638.5
CUST104635,2021-07-19,Auto Loan,165663.66
CUST104635,2021-12-24,Home Loan,177631.24
CUST104635,2022-01-11,Auto Loan,74868.18
CUST104635,2022-06-08,Credit Card,54965.06
CUST104636,2021-08-10,Credit Card,155307.6
CUST104636,2021-03-23,Home Loan,69558.44
CUST104636,2021-10-06,Auto Loan,137169.58
CUST104636,2021-12-23,Unsecured Others,86722.01
CUST104636,2021-06-24,Auto Loan,192285.6
CUST104636,2021-02-07,Unsecured Others,69378.94
CUST104636,2022-04-01,Auto Loan,51948.54
CUST104637,2021-03-27,Credit Card,125032.91
CUST104637,2022-03-20,Credit Card,147069.75
CUST104637,2022-08-08,Auto Loan,142723.93
CUST104638,2022-03-06,Unsecured Others,27246.48
CUST104638,2022-01-09,Personal Loan,129807.48
CUST104638,2021-07-29,Home Loan,191431.05
CUST104638,2022-11-19,Credit Card,121792.27
CUST104638,2021-06-11,Credit Card,83530.19
CUST104638,2021-07-26,Personal Loan,52038.28
CUST104638,2021-09-23,Credit Card,163147.31
CUST104639,2021-04-24,Personal Loan,64427.71
CUST104640,2021-10-04,Home Loan,135102.32
CUST104640,2022-10-21,Credit Card,48342.25
CUST104640,2021-07-16,Credit Card,58242.86
CUST104640,2021-10-14,Unsecured Others,28971.92
CUST104641,2021-04-08,Credit Card,167893.65
CUST104641,2022-09-10,Home Loan,170910.0
CUST104641,2021-01-02,Auto Loan,78066.47
CUST104641,2021-09-03,Personal Loan,199864.01
CUST104641,2021-05-29,Unsecured Others,142403.42
CUST104641,2021-01-27,Credit Card,59852.02
CUST104642,2021-01-14,Personal Loan,74034.61
CUST104642,2021-08-16,Unsecured Others,102078.63
CUST104642,2021-06-29,Home Loan,198779.06
CUST104642,2022-10-10,Unsecured Others,145699.79
CUST104642,2022-08-20,Auto Loan,10648.33
CUST104643,2021-07-17,Unsecured Others,81080.08
CUST104643,2021-09-21,Home Loan,192319.67
CUST104643,2021-07-31,Home Loan,23938.08
CUST104643,2022-10-09,Auto Loan,90489.86
CUST104643,2021-02-01,Credit Card,111859.77
CUST104643,2022-10-01,Credit Card,66042.47
CUST104643,2021-07-24,Unsecured Others,99837.85
CUST104644,2022-04-30,Credit Card,78869.24
CUST104644,2022-02-13,Auto Loan,61433.09
CUST104644,2022-07-14,Auto Loan,28153.96
CUST104644,2022-07-05,Credit Card,69913.52
CUST104644,2022-02-08,Home Loan,91590.85
CUST104645,2022-03-05,Auto Loan,15096.76
CUST104645,2021-08-30,Auto Loan,41085.53
CUST104645,2022-02-04,Auto Loan,32595.07
CUST104645,2021-10-11,Personal Loan,177282.3
CUST104645,2022-04-24,Home Loan,150802.99
CUST104646,2021-03-15,Personal Loan,144983.84
CUST104646,2022-03-11,Personal Loan,37433.29
CUST104646,2022-10-02,Credit Card,92667.61
CUST104647,2022-09-30,Personal Loan,146269.26
CUST104647,2021-09-01,Home Loan,145221.3
CUST104647,2021-11-11,Auto Loan,157830.87
CUST104647,2021-09-28,Personal Loan,144806.21
CUST104649,2022-04-28,Personal Loan,174420.97
CUST104649,2022-07-17,Unsecured Others,22930.35
CUST104649,2021-07-25,Home Loan,11207.53
CUST104649,2021-03-25,Personal Loan,24684.34
CUST104649,2022-05-16,Home Loan,170862.91
CUST104649,2021-12-13,Home Loan,88849.05
CUST104649,2022-06-09,Personal Loan,13579.83
CUST104651,2022-12-02,Unsecured Others,167759.01
CUST104651,2022-04-16,Unsecured Others,199686.05
CUST104652,2022-07-29,Unsecured Others,76107.23
CUST104652,2022-12-09,Personal Loan,88682.8
CUST104652,2022-06-07,Credit Card,186749.07
CUST104652,2022-06-25,Auto Loan,125348.98
CUST104652,2022-11-18,Home Loan,33714.79
CUST104652,2021-04-07,Unsecured Others,64263.09
CUST104652,2021-04-06,Credit Card,158567.1
CUST104653,2021-05-08,Auto Loan,54919.98
CUST104654,2022-04-14,Auto Loan,37058.3
CUST104654,2021-12-28,Home Loan,23106.52
CUST104654,2021-04-05,Personal Loan,179803.18
CUST104654,2022-04-04,Personal Loan,114960.47
CUST104655,2022-08-30,Home Loan,73284.2
CUST104655,2022-08-19,Unsecured Others,115819.97
CUST104655,2021-01-18,Unsecured Others,128608.19
CUST104655,2022-01-19,Auto Loan,6659.98
CUST104655,2021-02-23,Unsecured Others,142857.79
CUST104656,2022-10-11,Auto Loan,170604.8
CUST104656,2022-03-28,Auto Loan,91711.26
CUST104656,2021-04-02,Home Loan,172627.2
CUST104656,2022-03-16,Personal Loan,100685.74
CUST104656,2021-11-22,Unsecured Others,173358.55
CUST104658,2022-11-07,Auto Loan,15400.43
CUST104658,2021-06-29,Personal Loan,52171.32
CUST104658,2021-12-24,Auto Loan,84488.46
CUST104658,2022-09-26,Unsecured Others,42410.88
CUST104658,2022-04-19,Unsecured Others,140515.82
CUST104658,2022-11-04,Unsecured Others,105303.27
CUST104659,2022-04-27,Home Loan,98255.88
CUST104659,2022-02-17,Personal Loan,85008.94
CUST104659,2022-01-31,Personal Loan,91653.67
CUST104659,2021-05-20,Home Loan,78689.1
CUST104660,2022-12-02,Credit Card,83041.89
CUST104660,2021-07-08,Home Loan,182724.76
CUST104660,2021-03-27,Auto Loan,182772.2
CUST104660,2021-08-02,Unsecured Others,33939.85
CUST104660,2022-08-10,Unsecured Others,160606.31
CUST104660,2022-02-26,Personal Loan,12337.6
CUST104660,2022-04-01,Personal Loan,123567.66
CUST104662,2021-07-16,Credit Card,37162.03
CUST104662,2021-11-18,Auto Loan,91439.22
CUST104663,2021-03-10,Unsecured Others,124090.2
CUST104663,2021-10-04,Auto Loan,106960.24
CUST104663,2022-12-08,Auto Loan,27132.24
CUST104664,2022-06-29,Unsecured Others,49447.66
CUST104664,2022-06-15,Auto Loan,73296.17
CUST104664,2021-11-17,Auto Loan,115496.84
CUST104665,2022-04-03,Unsecured Others,198027.78
CUST104665,2022-11-10,Personal Loan,135624.11
CUST104665,2021-01-06,Personal Loan,132412.91
CUST104665,2022-08-27,Personal Loan,196743.85
CUST104666,2022-03-04,Personal Loan,52959.86
CUST104666,2022-05-15,Personal Loan,56283.18
CUST104666,2022-05-25,Auto Loan,70396.51
CUST104666,2021-08-23,Credit Card,102210.63
CUST104666,2021-01-09,Unsecured Others,37833.4
CUST104666,2021-05-29,Credit Card,103674.94
CUST104666,2022-12-23,Auto Loan,156381.02
CUST104667,2021-06-07,Credit Card,181528.4
CUST104667,2022-11-02,Personal Loan,90763.06
CUST104667,2021-01-31,Personal Loan,69904.35
CUST104667,2021-06-07,Personal Loan,112572.41
CUST104667,2021-10-09,Credit Card,16770.33
CUST104667,2021-09-09,Unsecured Others,179811.46
CUST104668,2021-03-02,Auto Loan,188390.85
CUST104668,2022-08-19,Credit Card,197125.27
CUST104668,2022-05-30,Personal Loan,54684.65
CUST104668,2021-02-02,Unsecured Others,32313.22
CUST104669,2022-05-22,Home Loan,48726.89
CUST104669,2022-07-24,Auto Loan,73866.89
CUST104670,2022-03-11,Credit Card,113381.99
CUST104670,2022-10-05,Credit Card,23742.1
CUST104670,2022-11-20,Unsecured Others,32856.62
CUST104670,2022-10-06,Personal Loan,166055.95
CUST104670,2021-05-14,Personal Loan,42447.11
CUST104670,2022-06-21,Credit Card,53591.55
CUST104671,2022-01-04,Home Loan,182674.35
CUST104671,2022-11-27,Unsecured Others,153226.34
CUST104671,2022-05-27,Personal Loan,121289.35
CUST104671,2021-12-11,Auto Loan,188641.28
CUST104671,2021-12-19,Unsecured Others,148528.76
CUST104671,2022-08-30,Auto Loan,155455.26
CUST104672,2022-07-09,Credit Card,16813.75
CUST104672,2022-09-09,Unsecured Others,160237.63
CUST104672,2021-03-18,Home Loan,182245.37
CUST104672,2021-10-17,Unsecured Others,153237.99
CUST104672,2022-04-24,Auto Loan,71728.84
CUST104673,2021-04-26,Home Loan,66194.23
CUST104673,2021-03-20,Personal Loan,36010.28
CUST104673,2021-03-29,Home Loan,142842.83
CUST104673,2021-09-13,Credit Card,152770.3
CUST104673,2021-10-17,Personal Loan,111807.99
CUST104674,2022-11-26,Personal Loan,36974.15
CUST104674,2021-04-28,Auto Loan,65096.75
CUST104674,2022-01-01,Credit Card,167375.82
CUST104675,2021-01-18,Credit Card,120535.17
CUST104676,2021-08-02,Auto Loan,12131.81
CUST104676,2022-07-26,Credit Card,57097.88
CUST104676,2022-12-10,Personal Loan,122456.11
CUST104676,2021-10-25,Personal Loan,77078.05
CUST104676,2022-08-03,Auto Loan,82032.81
CUST104677,2021-05-06,Unsecured Others,170350.26
CUST104677,2022-09-28,Credit Card,121582.47
CUST104677,2021-08-25,Credit Card,14766.83
CUST104678,2022-08-06,Credit Card,57221.58
CUST104678,2021-10-15,Auto Loan,107025.63
CUST104678,2022-05-01,Personal Loan,29218.33
CUST104678,2022-02-18,Home Loan,26152.73
CUST104678,2022-01-06,Unsecured Others,24042.25
CUST104678,2021-12-30,Auto Loan,70149.77
CUST104679,2022-05-02,Unsecured Others,126774.88
CUST104679,2022-07-18,Unsecured Others,97628.03
CUST104679,2021-10-10,Credit Card,42124.25
CUST104679,2022-06-26,Credit Card,190121.31
CUST104679,2022-04-29,Home Loan,114618.73
CUST104679,2022-09-29,Auto Loan,91861.63
CUST104680,2021-05-26,Auto Loan,84937.45
CUST104681,2021-02-25,Auto Loan,77717.44
CUST104681,2021-04-08,Home Loan,104014.85
CUST104681,2021-11-18,Unsecured Others,165404.3
CUST104681,2022-07-30,Auto Loan,43189.74
CUST104681,2022-07-21,Credit Card,5691.62
CUST104681,2022-06-23,Personal Loan,111492.03
CUST104681,2021-02-27,Personal Loan,195132.48
CUST104682,2021-07-11,Credit Card,189092.98
CUST104682,2022-04-06,Home Loan,54995.81
CUST104682,2021-05-12,Personal Loan,146270.44
CUST104682,2021-08-26,Unsecured Others,92697.56
CUST104682,2021-03-21,Home Loan,51537.46
CUST104682,2022-04-22,Personal Loan,136906.17
CUST104684,2021-02-01,Unsecured Others,97641.45
CUST104684,2022-10-17,Unsecured Others,122684.67
CUST104684,2022-02-18,Unsecured Others,92093.73
CUST104684,2021-08-07,Auto Loan,53003.92
CUST104684,2022-06-27,Personal Loan,70196.17
CUST104685,2021-08-28,Credit Card,85138.73
CUST104685,2022-05-07,Home Loan,124751.56
CUST104685,2022-11-11,Credit Card,110413.33
CUST104685,2021-03-30,Home Loan,92625.45
CUST104685,2022-01-18,Auto Loan,96983.35
CUST104685,2021-10-29,Personal Loan,115309.14
CUST104685,2021-10-02,Personal Loan,33594.75
CUST104686,2022-10-06,Home Loan,177616.63
CUST104686,2021-09-01,Unsecured Others,136657.63
CUST104686,2022-03-05,Unsecured Others,136892.46
CUST104686,2021-10-04,Home Loan,54254.5
CUST104686,2021-03-05,Unsecured Others,196221.03
CUST104687,2021-11-12,Home Loan,194520.42
CUST104687,2021-04-11,Unsecured Others,157243.25
CUST104687,2022-12-26,Home Loan,104251.65
CUST104687,2022-04-08,Auto Loan,145888.87
CUST104687,2022-09-07,Home Loan,17723.33
CUST104688,2021-01-23,Unsecured Others,107175.4
CUST104688,2021-07-08,Home Loan,140008.93
CUST104688,2021-04-24,Credit Card,67445.67
CUST104689,2021-09-15,Personal Loan,16730.83
CUST104689,2022-02-15,Unsecured Others,11576.59
CUST104689,2022-06-17,Credit Card,64767.25
CUST104689,2022-03-08,Credit Card,54530.51
CUST104689,2022-10-24,Home Loan,50419.28
CUST104689,2022-01-05,Auto Loan,119040.2
CUST104689,2022-03-29,Home Loan,136099.53
CUST104690,2021-09-04,Home Loan,8772.23
CUST104690,2022-03-06,Credit Card,56352.84
CUST104691,2021-12-24,Personal Loan,77687.93
CUST104692,2021-10-14,Auto Loan,45000.98
CUST104692,2022-10-08,Personal Loan,77166.7
CUST104692,2021-12-03,Unsecured Others,82654.71
CUST104692,2022-08-02,Unsecured Others,109332.48
CUST104693,2022-04-10,Personal Loan,196040.35
CUST104693,2022-12-21,Unsecured Others,36622.59
CUST104693,2021-04-06,Personal Loan,125714.38
CUST104694,2022-08-20,Personal Loan,129243.49
CUST104694,2021-01-13,Home Loan,17391.1
CUST104694,2021-06-25,Auto Loan,83021.26
CUST104695,2021-06-28,Home Loan,32255.2
CUST104695,2022-08-11,Home Loan,9520.32
CUST104695,2022-04-13,Credit Card,174918.95
CUST104695,2021-10-16,Unsecured Others,19441.86
CUST104696,2021-08-11,Personal Loan,84990.81
CUST104699,2022-05-05,Unsecured Others,199554.24
CUST104699,2021-09-28,Home Loan,40804.79
CUST104699,2022-03-14,Home Loan,138559.93
CUST104701,2022-05-29,Home Loan,121284.58
CUST104701,2021-07-19,Unsecured Others,61377.51
CUST104701,2022-02-21,Personal Loan,193980.9
CUST104701,2021-06-18,Home Loan,6810.67
CUST104701,2022-02-13,Auto Loan,88829.91
CUST104702,2021-01-14,Home Loan,23889.78
CUST104702,2021-10-25,Credit Card,88488.57
CUST104702,2022-06-28,Unsecured Others,16903.76
CUST104704,2022-05-16,Personal Loan,77094.64
CUST104704,2021-04-04,Personal Loan,176268.36
CUST104704,2022-08-05,Credit Card,106904.48
CUST104704,2022-02-28,Auto Loan,113752.07
CUST104704,2021-05-23,Personal Loan,140458.87
CUST104705,2022-01-09,Credit Card,68764.86
CUST104705,2021-03-14,Credit Card,143677.71
CUST104706,2021-08-14,Auto Loan,131215.28
CUST104707,2022-04-11,Auto Loan,175210.32
CUST104707,2022-05-23,Home Loan,88564.94
CUST104707,2022-03-03,Personal Loan,152427.57
CUST104707,2022-08-02,Personal Loan,87264.4
CUST104707,2022-02-08,Home Loan,197242.12
CUST104707,2022-04-14,Auto Loan,82072.37
CUST104709,2021-11-20,Personal Loan,113411.81
CUST104709,2021-10-24,Unsecured Others,196192.35
CUST104709,2021-11-18,Auto Loan,160718.35
CUST104709,2022-06-24,Personal Loan,73174.6
CUST104711,2021-11-15,Auto Loan,163337.72
CUST104711,2021-10-25,Personal Loan,19249.99
CUST104711,2022-01-24,Home Loan,152910.3
CUST104712,2022-08-19,Home Loan,132625.58
CUST104712,2022-09-10,Personal Loan,103530.48
CUST104712,2021-11-24,Credit Card,128229.44
CUST104712,2022-07-09,Credit Card,165804.75
CUST104713,2021-09-22,Credit Card,160104.31
CUST104713,2021-10-15,Auto Loan,32536.6
CUST104713,2021-04-07,Auto Loan,42687.04
CUST104713,2021-05-25,Auto Loan,131183.39
CUST104714,2022-08-18,Personal Loan,113942.31
CUST104714,2022-01-24,Home Loan,117174.22
CUST104714,2021-07-01,Credit Card,85005.12
CUST104714,2021-01-22,Personal Loan,76130.01
CUST104714,2022-08-22,Auto Loan,16921.21
CUST104714,2022-09-27,Home Loan,21699.05
CUST104717,2022-11-20,Home Loan,12782.17
CUST104717,2022-09-27,Credit Card,123212.92
CUST104717,2022-03-21,Home Loan,138713.12
CUST104717,2022-06-02,Auto Loan,124651.35
CUST104717,2022-12-05,Home Loan,111959.5
CUST104717,2022-03-17,Home Loan,180878.29
CUST104717,2021-02-25,Personal Loan,164897.1
CUST104718,2022-12-02,Home Loan,86386.41
CUST104718,2021-08-11,Auto Loan,133364.4
CUST104718,2022-05-03,Auto Loan,163794.29
CUST104718,2021-09-02,Auto Loan,176825.11
CUST104718,2022-11-09,Home Loan,163611.71
CUST104719,2021-08-29,Credit Card,100777.01
CUST104719,2022-08-06,Unsecured Others,17776.26
CUST104720,2021-08-02,Auto Loan,40766.93
CUST104720,2022-05-24,Credit Card,106001.15
CUST104720,2021-01-14,Personal Loan,115393.13
CUST104722,2022-08-11,Auto Loan,38019.73
CUST104722,2022-02-07,Credit Card,149134.24
CUST104722,2021-09-16,Auto Loan,93850.31
CUST104722,2021-11-12,Credit Card,68770.39
CUST104722,2022-10-03,Home Loan,185652.58
CUST104723,2021-09-02,Personal Loan,100690.69
CUST104723,2022-12-14,Personal Loan,73730.74
CUST104723,2021-01-13,Home Loan,170407.41
CUST104727,2022-09-29,Home Loan,111138.6
CUST104727,2022-12-29,Personal Loan,159336.17
CUST104730,2021-10-06,Personal Loan,188077.78
CUST104730,2021-02-07,Credit Card,137419.75
CUST104731,2021-05-07,Credit Card,169854.42
CUST104731,2022-11-24,Personal Loan,169213.09
CUST104731,2021-01-09,Personal Loan,125084.02
CUST104731,2021-01-27,Personal Loan,60627.97
CUST104731,2021-12-24,Credit Card,183216.82
CUST104732,2021-07-23,Credit Card,176178.86
CUST104732,2022-06-21,Personal Loan,48213.66
CUST104732,2021-05-26,Unsecured Others,181271.34
CUST104732,2021-08-17,Credit Card,104058.98
CUST104732,2021-11-16,Credit Card,56284.64
CUST104732,2021-12-05,Unsecured Others,166676.89
CUST104732,2021-06-01,Credit Card,8494.17
CUST104733,2021-03-21,Credit Card,52563.82
CUST104733,2022-08-21,Personal Loan,84188.32
CUST104734,2021-05-22,Unsecured Others,199544.02
CUST104734,2022-09-08,Personal Loan,114792.12
CUST104734,2022-08-11,Credit Card,104984.83
CUST104735,2022-10-06,Home Loan,80986.56
CUST104735,2022-10-09,Personal Loan,8568.93
CUST104735,2022-03-07,Credit Card,24024.47
CUST104735,2022-03-31,Personal Loan,49450.71
CUST104736,2022-09-15,Credit Card,15696.57
CUST104736,2021-12-02,Personal Loan,97072.12
CUST104736,2021-07-21,Credit Card,88102.05
CUST104736,2022-09-10,Auto Loan,127768.67
CUST104736,2022-03-28,Credit Card,35330.7
CUST104736,2021-02-14,Home Loan,41483.2
CUST104736,2021-11-26,Unsecured Others,29676.69
CUST104737,2022-04-06,Personal Loan,116343.57
CUST104737,2021-08-01,Unsecured Others,29585.42
CUST104737,2022-05-23,Credit Card,10608.99
CUST104737,2021-02-06,Home Loan,49141.91
CUST104737,2022-12-16,Personal Loan,188923.05
CUST104738,2022-12-29,Auto Loan,70563.54
CUST104738,2022-03-22,Personal Loan,87108.6
CUST104739,2022-06-24,Unsecured Others,194401.81
CUST104739,2021-02-09,Home Loan,130174.18
CUST104739,2021-07-08,Auto Loan,69534.82
CUST104739,2022-04-21,Unsecured Others,6745.23
CUST104739,2022-02-08,Unsecured Others,197945.15
CUST104740,2021-10-18,Home Loan,70175.26
CUST104740,2021-12-14,Credit Card,106785.0
CUST104740,2022-01-27,Auto Loan,39906.73
CUST104740,2021-03-30,Credit Card,22502.25
CUST104740,2022-03-20,Home Loan,134877.19
CUST104740,2022-08-18,Home Loan,180188.07
CUST104741,2021-11-08,Unsecured Others,29821.36
CUST104741,2022-05-12,Personal Loan,137298.47
CUST104741,2021-05-02,Auto Loan,14052.95
CUST104741,2021-04-20,Auto Loan,88321.85
CUST104742,2021-09-04,Unsecured Others,46242.13
CUST104742,2022-04-21,Home Loan,7751.56
CUST104742,2022-08-10,Auto Loan,95519.36
CUST104742,2022-03-27,Credit Card,83474.98
CUST104742,2021-12-30,Unsecured Others,54715.26
CUST104743,2021-02-19,Unsecured Others,131962.23
CUST104744,2022-12-26,Personal Loan,44523.57
CUST104745,2022-03-23,Home Loan,159343.46
CUST104745,2022-11-13,Personal Loan,121188.2
CUST104745,2021-10-12,Home Loan,102279.38
CUST104745,2021-10-23,Unsecured Others,83489.06
CUST104745,2021-09-22,Personal Loan,179686.86
CUST104745,2022-01-24,Auto Loan,192576.04
CUST104747,2022-10-19,Home Loan,7770.12
CUST104747,2022-12-12,Credit Card,15449.3
CUST104748,2021-03-20,Auto Loan,154800.68
CUST104748,2022-05-23,Credit Card,161294.0
CUST104748,2022-07-17,Auto Loan,86975.52
CUST104748,2021-05-12,Auto Loan,172905.87
CUST104748,2021-03-12,Auto Loan,17505.56
CUST104749,2021-06-08,Unsecured Others,109005.6
CUST104749,2021-12-24,Auto Loan,20119.56
CUST104749,2022-04-10,Unsecured Others,80843.32
CUST104750,2021-04-21,Unsecured Others,31821.36
CUST104752,2021-07-01,Unsecured Others,120498.32
CUST104752,2021-01-28,Home Loan,196708.77
CUST104752,2022-11-12,Unsecured Others,6082.43
CUST104752,2022-01-02,Home Loan,174509.68
CUST104753,2022-12-31,Unsecured Others,20173.85
CUST104753,2021-01-14,Unsecured Others,125639.3
CUST104753,2022-05-22,Credit Card,186404.04
CUST104753,2021-04-14,Auto Loan,63249.07
CUST104753,2021-08-21,Unsecured Others,33426.37
CUST104754,2021-06-17,Unsecured Others,95775.04
CUST104754,2022-09-19,Home Loan,155138.59
CUST104754,2022-02-27,Personal Loan,84021.89
CUST104755,2021-01-11,Unsecured Others,169777.57
CUST104755,2021-01-19,Unsecured Others,24560.44
CUST104755,2022-10-02,Auto Loan,173831.86
CUST104755,2022-03-24,Personal Loan,48502.25
CUST104755,2022-02-12,Unsecured Others,9622.44
CUST104756,2022-05-22,Home Loan,32193.24
CUST104756,2021-02-21,Auto Loan,68173.98
CUST104756,2022-12-12,Unsecured Others,120352.6
CUST104756,2022-12-22,Auto Loan,17626.17
CUST104758,2022-03-14,Credit Card,188247.91
CUST104759,2022-05-08,Credit Card,135373.83
CUST104759,2022-02-10,Credit Card,179268.07
CUST104759,2021-11-14,Personal Loan,59098.68
CUST104759,2022-01-23,Personal Loan,142831.82
CUST104759,2022-11-08,Home Loan,47873.44
CUST104759,2021-04-28,Auto Loan,66476.41
CUST104760,2021-02-12,Auto Loan,7980.76
CUST104761,2022-12-12,Personal Loan,63810.17
CUST104761,2021-08-27,Personal Loan,114343.23
CUST104761,2021-07-16,Auto Loan,53920.81
CUST104762,2022-07-22,Auto Loan,124044.94
CUST104762,2021-01-27,Credit Card,116830.48
CUST104762,2022-09-18,Personal Loan,182032.91
CUST104762,2022-06-14,Personal Loan,115325.73
CUST104763,2021-05-27,Auto Loan,192688.03
CUST104763,2022-03-25,Home Loan,198878.31
CUST104763,2021-08-29,Auto Loan,9777.48
CUST104764,2021-03-26,Unsecured Others,98297.02
CUST104764,2022-12-13,Personal Loan,11014.67
CUST104764,2022-07-25,Auto Loan,22373.44
CUST104765,2022-07-07,Unsecured Others,107147.35
CUST104765,2022-12-05,Personal Loan,110731.71
CUST104765,2021-08-26,Auto Loan,24509.51
CUST104765,2022-03-27,Home Loan,90780.38
CUST104765,2022-07-14,Home Loan,63530.21
CUST104765,2021-09-16,Home Loan,40554.24
CUST104766,2021-09-09,Unsecured Others,169189.34
CUST104767,2021-09-24,Auto Loan,124861.49
CUST104767,2021-03-31,Personal Loan,49566.1
CUST104767,2021-08-26,Home Loan,195794.98
CUST104767,2022-10-10,Unsecured Others,26599.91
CUST104767,2022-10-25,Home Loan,191017.17
CUST104767,2022-08-24,Home Loan,47464.05
CUST104767,2021-03-26,Auto Loan,68612.81
CUST104768,2022-01-14,Unsecured Others,135600.83
CUST104768,2021-10-15,Unsecured Others,104266.77
CUST104768,2022-12-15,Auto Loan,92556.73
CUST104768,2022-06-03,Unsecured Others,97963.37
CUST104769,2022-11-17,Home Loan,70241.74
CUST104769,2022-10-11,Unsecured Others,187926.56
CUST104769,2021-06-23,Credit Card,74689.82
CUST104769,2021-10-06,Auto Loan,32530.23
CUST104769,2021-09-27,Auto Loan,152862.89
CUST104770,2022-01-03,Personal Loan,13343.38
CUST104770,2022-12-19,Home Loan,44188.69
CUST104770,2021-08-08,Personal Loan,81750.51
CUST104770,2021-08-20,Personal Loan,179645.67
CUST104770,2022-08-14,Credit Card,122035.86
CUST104770,2021-09-17,Credit Card,15400.0
CUST104771,2022-10-03,Credit Card,85750.91
CUST104771,2021-07-19,Home Loan,144768.27
CUST104771,2022-12-12,Credit Card,84330.84
CUST104771,2021-05-03,Home Loan,82441.28
CUST104773,2021-02-12,Credit Card,51757.44
CUST104773,2022-06-03,Home Loan,190489.53
CUST104773,2021-11-30,Auto Loan,13797.8
CUST104773,2022-01-24,Credit Card,124721.11
CUST104773,2022-01-17,Auto Loan,82171.08
CUST104773,2021-01-10,Unsecured Others,139442.68
CUST104774,2021-02-06,Credit Card,140973.43
CUST104774,2022-02-08,Auto Loan,122909.43
CUST104774,2022-08-25,Auto Loan,97452.52
CUST104775,2022-12-17,Unsecured Others,138058.73
CUST104775,2021-06-14,Home Loan,86341.32
CUST104775,2021-07-02,Unsecured Others,92443.52
CUST104775,2022-06-14,Credit Card,103873.89
CUST104775,2021-09-29,Personal Loan,80635.96
CUST104775,2022-06-13,Credit Card,61707.82
CUST104775,2022-03-14,Auto Loan,95792.75
CUST104776,2022-01-07,Auto Loan,113096.91
CUST104776,2022-09-23,Home Loan,179072.97
CUST104776,2022-11-17,Personal Loan,83668.04
CUST104776,2021-01-16,Auto Loan,143047.62
CUST104776,2021-09-09,Auto Loan,189006.08
CUST104776,2022-09-11,Credit Card,69371.39
CUST104776,2022-02-22,Personal Loan,69024.48
CUST104777,2021-05-14,Home Loan,103481.44
CUST104777,2021-01-05,Auto Loan,145855.72
CUST104777,2022-05-27,Personal Loan,74380.33
CUST104777,2022-07-19,Unsecured Others,143239.27
CUST104777,2022-11-03,Credit Card,82712.79
CUST104777,2022-03-29,Personal Loan,123984.82
CUST104777,2021-12-16,Unsecured Others,43362.98
CUST104778,2021-01-21,Unsecured Others,15987.49
CUST104779,2022-01-14,Unsecured Others,194292.05
CUST104779,2022-08-09,Unsecured Others,57061.13
CUST104779,2022-08-11,Auto Loan,17439.32
CUST104779,2021-11-26,Credit Card,119816.87
CUST104781,2021-06-19,Auto Loan,136902.16
CUST104781,2022-01-30,Personal Loan,173379.52
CUST104781,2021-12-15,Credit Card,32971.83
CUST104781,2022-10-02,Unsecured Others,150760.57
CUST104781,2022-01-05,Personal Loan,137460.08
CUST104781,2022-09-12,Home Loan,53261.94
CUST104782,2021-05-26,Credit Card,115161.2
CUST104782,2021-10-19,Personal Loan,93985.02
CUST104782,2021-09-10,Unsecured Others,8224.95
CUST104782,2022-08-26,Auto Loan,145890.06
CUST104783,2022-07-11,Personal Loan,40034.38
CUST104783,2022-07-11,Personal Loan,13626.9
CUST104783,2022-12-07,Personal Loan,72339.78
CUST104784,2022-10-28,Unsecured Others,88438.33
CUST104784,2022-11-21,Credit Card,174800.42
CUST104784,2022-02-15,Credit Card,184275.1
CUST104784,2021-08-22,Personal Loan,91474.16
CUST104784,2021-05-12,Personal Loan,79780.99
CUST104787,2021-08-19,Personal Loan,34655.69
CUST104787,2022-06-18,Credit Card,19166.09
CUST104787,2021-10-19,Credit Card,117998.39
CUST104787,2021-06-23,Unsecured Others,15079.51
CUST104787,2021-12-13,Home Loan,170443.94
CUST104788,2021-05-05,Auto Loan,157215.85
CUST104788,2022-02-26,Auto Loan,148365.09
CUST104788,2022-07-30,Home Loan,17582.55
CUST104789,2021-03-08,Unsecured Others,64154.32
CUST104789,2022-05-10,Credit Card,172205.82
CUST104789,2022-06-24,Auto Loan,185403.82
CUST104789,2021-12-25,Auto Loan,8935.3
CUST104789,2021-05-02,Auto Loan,130894.68
CUST104789,2022-11-28,Unsecured Others,21706.12
CUST104789,2021-11-15,Personal Loan,147257.58
CUST104790,2021-04-25,Credit Card,20418.42
CUST104790,2021-03-21,Unsecured Others,74027.73
CUST104790,2021-06-01,Credit Card,76565.25
CUST104790,2021-12-28,Personal Loan,174705.07
CUST104790,2021-10-02,Personal Loan,176793.16
CUST104790,2022-03-06,Unsecured Others,33542.21
CUST104790,2022-09-29,Unsecured Others,57891.89
CUST104791,2022-11-13,Personal Loan,54812.41
CUST104791,2022-12-10,Credit Card,102850.67
CUST104791,2021-10-11,Credit Card,29573.24
CUST104791,2021-01-05,Auto Loan,107144.64
CUST104792,2022-03-25,Home Loan,31231.41
CUST104792,2022-03-12,Unsecured Others,98715.84
CUST104793,2022-06-23,Unsecured Others,193095.79
CUST104793,2022-05-26,Home Loan,56721.67
CUST104793,2021-12-24,Credit Card,117143.78
CUST104793,2021-01-04,Home Loan,70125.38
CUST104793,2021-10-09,Credit Card,151568.77
CUST104793,2022-05-01,Personal Loan,198158.67
CUST104794,2021-11-07,Personal Loan,22679.28
CUST104794,2021-10-09,Home Loan,199647.47
CUST104794,2021-04-29,Home Loan,43189.59
CUST104795,2022-11-29,Personal Loan,18292.07
CUST104795,2021-09-06,Credit Card,73358.64
CUST104795,2022-02-06,Credit Card,184411.94
CUST104795,2022-10-22,Unsecured Others,149453.4
CUST104795,2022-11-01,Unsecured Others,96056.05
CUST104795,2021-08-09,Auto Loan,150883.77
CUST104796,2021-06-18,Credit Card,19190.48
CUST104797,2022-05-13,Unsecured Others,27935.13
CUST104798,2022-06-15,Unsecured Others,33281.3
CUST104798,2021-07-12,Unsecured Others,34549.18
CUST104798,2022-05-09,Home Loan,146173.29
CUST104798,2022-09-03,Auto Loan,167678.4
CUST104799,2021-09-24,Auto Loan,107606.78
CUST104800,2022-08-04,Personal Loan,104608.86
CUST104800,2021-12-24,Unsecured Others,127333.58
CUST104800,2022-02-27,Auto Loan,13176.17
CUST104800,2022-12-10,Auto Loan,54293.74
CUST104800,2021-02-25,Unsecured Others,50531.97
CUST104801,2021-10-30,Credit Card,99170.46
CUST104801,2022-08-22,Personal Loan,194698.15
CUST104801,2022-04-24,Credit Card,189091.02
CUST104801,2021-04-14,Auto Loan,166104.87
CUST104802,2022-04-12,Auto Loan,21184.83
CUST104803,2021-05-25,Unsecured Others,56336.3
CUST104803,2021-08-31,Auto Loan,101725.9
CUST104803,2022-09-07,Credit Card,126382.83
CUST104804,2021-09-07,Unsecured Others,192750.54
CUST104804,2021-12-22,Auto Loan,5477.41
CUST104804,2021-07-30,Credit Card,24402.05
CUST104806,2022-08-22,Personal Loan,60860.92
CUST104806,2022-03-15,Auto Loan,150073.13
CUST104806,2021-07-11,Unsecured Others,183323.48
CUST104806,2021-02-09,Home Loan,59785.25
CUST104806,2021-09-01,Credit Card,63698.06
CUST104807,2022-05-09,Auto Loan,12512.41
CUST104807,2021-06-04,Unsecured Others,159281.61
CUST104807,2021-06-05,Credit Card,169935.22
CUST104807,2021-06-16,Auto Loan,178032.14
CUST104807,2022-02-07,Auto Loan,21258.03
CUST104808,2021-04-25,Personal Loan,129760.73
CUST104808,2021-03-28,Home Loan,138868.36
CUST104808,2021-01-31,Unsecured Others,95741.83
CUST104808,2021-08-07,Home Loan,26879.21
CUST104808,2021-08-18,Unsecured Others,165740.53
CUST104808,2021-01-16,Personal Loan,53729.24
CUST104809,2021-08-19,Unsecured Others,58586.09
CUST104809,2022-03-21,Unsecured Others,83417.13
CUST104809,2021-10-27,Credit Card,192332.16
CUST104810,2022-05-27,Home Loan,76046.85
CUST104811,2021-07-16,Home Loan,154986.63
CUST104811,2021-08-03,Credit Card,132741.34
CUST104812,2021-04-20,Home Loan,90857.36
CUST104813,2021-08-13,Personal Loan,6003.27
CUST104813,2021-05-22,Unsecured Others,52686.93
CUST104813,2021-05-30,Unsecured Others,135342.89
CUST104814,2022-07-10,Home Loan,123665.93
CUST104814,2022-04-30,Auto Loan,25136.44
CUST104815,2021-11-23,Auto Loan,135609.66
CUST104815,2022-02-12,Personal Loan,87026.86
CUST104815,2021-08-20,Credit Card,100447.92
CUST104815,2021-08-08,Auto Loan,58201.14
CUST104817,2021-10-07,Personal Loan,188059.64
CUST104817,2021-07-02,Unsecured Others,170145.16
CUST104819,2021-06-03,Credit Card,39427.94
CUST104819,2022-02-12,Unsecured Others,165520.58
CUST104819,2021-05-09,Auto Loan,145922.41
CUST104819,2021-10-04,Unsecured Others,100070.41
CUST104819,2021-07-29,Home Loan,65946.48
CUST104819,2022-03-14,Unsecured Others,189303.69
CUST104820,2022-11-03,Unsecured Others,44631.76
CUST104820,2021-02-15,Credit Card,106993.17
CUST104820,2021-02-04,Credit Card,116669.22
CUST104821,2021-01-27,Credit Card,194437.72
CUST104821,2022-01-05,Auto Loan,196438.07
CUST104821,2021-02-13,Auto Loan,99099.87
CUST104822,2022-06-25,Home Loan,134510.07
CUST104822,2022-11-28,Unsecured Others,195279.86
CUST104823,2021-03-22,Home Loan,175945.32
CUST104823,2022-05-24,Unsecured Others,180773.86
CUST104823,2022-10-14,Personal Loan,7927.19
CUST104823,2021-11-05,Credit Card,91787.42
CUST104824,2021-09-09,Auto Loan,81751.32
CUST104824,2021-03-27,Auto Loan,46061.38
CUST104825,2021-03-15,Unsecured Others,150872.12
CUST104825,2022-11-17,Auto Loan,105166.05
CUST104825,2022-06-08,Credit Card,87443.7
CUST104825,2021-10-14,Unsecured Others,20487.29
CUST104825,2022-06-24,Auto Loan,68059.84
CUST104825,2022-02-16,Credit Card,20283.8
CUST104826,2022-08-20,Unsecured Others,80182.53
CUST104827,2022-10-29,Personal Loan,49044.82
CUST104828,2022-06-04,Home Loan,18977.64
CUST104828,2022-08-23,Credit Card,132812.69
CUST104828,2021-10-08,Personal Loan,148963.79
CUST104828,2021-02-06,Personal Loan,19323.35
CUST104829,2022-10-15,Credit Card,176001.26
CUST104829,2021-07-15,Unsecured Others,63865.19
CUST104829,2022-04-13,Personal Loan,173973.96
CUST104831,2022-06-11,Credit Card,95298.28
CUST104833,2021-06-15,Auto Loan,60642.9
CUST104833,2022-06-01,Unsecured Others,92118.7
CUST104833,2022-01-03,Unsecured Others,45302.66
CUST104833,2021-06-17,Personal Loan,143463.9
CUST104833,2022-01-05,Personal Loan,192177.84
CUST104833,2021-11-01,Unsecured Others,32127.7
CUST104833,2023-01-01,Auto Loan,165224.21
CUST104834,2021-05-06,Auto Loan,56634.68
CUST104834,2021-04-24,Home Loan,151070.39
CUST104834,2021-05-26,Personal Loan,43208.18
CUST104835,2021-09-02,Unsecured Others,80302.6
CUST104835,2022-12-22,Personal Loan,122045.38
CUST104835,2022-02-01,Personal Loan,195423.9
CUST104835,2021-11-29,Home Loan,138151.63
CUST104836,2021-03-07,Unsecured Others,62167.72
CUST104836,2022-04-10,Credit Card,163852.97
CUST104837,2022-08-12,Auto Loan,76184.78
CUST104837,2022-03-26,Personal Loan,89800.42
CUST104837,2022-10-23,Unsecured Others,144754.83
CUST104837,2021-05-07,Credit Card,197162.8
CUST104837,2021-01-29,Auto Loan,143284.88
CUST104838,2022-04-26,Personal Loan,87138.84
CUST104838,2022-09-08,Credit Card,159119.53
CUST104840,2021-08-11,Unsecured Others,180728.36
CUST104840,2021-01-09,Personal Loan,60297.96
CUST104841,2021-02-22,Personal Loan,77056.56
CUST104841,2022-08-09,Unsecured Others,63349.79
CUST104841,2022-02-17,Auto Loan,102738.07
CUST104841,2022-02-15,Unsecured Others,186136.19
CUST104841,2021-12-27,Personal Loan,104726.62
CUST104841,2022-01-27,Personal Loan,77476.77
CUST104841,2021-05-25,Personal Loan,64748.07
CUST104842,2021-12-20,Credit Card,137701.84
CUST104843,2022-02-09,Personal Loan,87424.78
CUST104843,2021-12-03,Credit Card,170930.99
CUST104844,2022-12-06,Auto Loan,199812.63
CUST104844,2022-03-22,Home Loan,150508.9
CUST104844,2021-08-23,Home Loan,187096.92
CUST104844,2021-03-13,Home Loan,16451.21
CUST104844,2022-03-28,Credit Card,124116.07
CUST104846,2022-03-02,Unsecured Others,74083.72
CUST104846,2021-02-01,Unsecured Others,62908.5
CUST104846,2022-05-02,Auto Loan,123045.56
CUST104846,2022-03-20,Auto Loan,28127.26
CUST104847,2022-06-09,Auto Loan,52589.04
CUST104847,2022-10-03,Unsecured Others,135499.05
CUST104847,2022-03-19,Unsecured Others,98206.5
CUST104847,2022-08-03,Personal Loan,97809.13
CUST104847,2022-02-19,Auto Loan,163600.74
CUST104847,2021-05-21,Home Loan,39091.71
CUST104848,2022-03-05,Auto Loan,47742.33
CUST104848,2021-10-28,Unsecured Others,47254.78
CUST104848,2022-01-01,Auto Loan,128817.47
CUST104849,2021-04-12,Home Loan,48728.37
CUST104849,2021-03-08,Auto Loan,79130.95
CUST104849,2022-02-02,Credit Card,113670.38
CUST104849,2021-02-19,Personal Loan,84915.77
CUST104849,2022-06-18,Credit Card,54683.24
CUST104849,2022-08-19,Home Loan,113378.0
CUST104851,2022-11-02,Home Loan,88236.27
CUST104851,2021-10-14,Unsecured Others,15546.89
CUST104851,2022-05-14,Home Loan,21595.59
CUST104851,2021-05-07,Auto Loan,172444.93
CUST104851,2022-08-28,Personal Loan,132863.9
CUST104851,2021-09-01,Personal Loan,84541.61
CUST104852,2021-11-23,Credit Card,135611.8
CUST104852,2022-08-18,Home Loan,53875.13
CUST104852,2021-05-19,Personal Loan,35074.43
CUST104852,2021-02-20,Home Loan,66684.69
CUST104852,2021-05-30,Credit Card,80718.13
CUST104853,2021-10-30,Unsecured Others,166482.63
CUST104853,2022-07-23,Personal Loan,20836.63
CUST104853,2022-04-28,Home Loan,196997.08
CUST104853,2021-08-03,Unsecured Others,48190.25
CUST104853,2022-06-27,Personal Loan,35960.8
CUST104854,2022-02-10,Unsecured Others,132166.26
CUST104856,2022-03-14,Auto Loan,185389.74
CUST104856,2021-10-03,Home Loan,41195.24
CUST104856,2021-01-17,Personal Loan,186464.35
CUST104856,2022-11-13,Home Loan,185509.14
CUST104856,2021-01-30,Credit Card,100757.52
CUST104856,2022-03-02,Personal Loan,173835.11
CUST104856,2022-07-21,Auto Loan,174835.75
CUST104857,2022-05-18,Home Loan,182181.43
CUST104857,2021-05-23,Auto Loan,14004.32
CUST104857,2021-07-03,Personal Loan,28954.65
CUST104857,2022-12-11,Personal Loan,107773.2
CUST104857,2021-07-18,Auto Loan,185773.26
CUST104857,2021-03-08,Auto Loan,159705.63
CUST104858,2022-08-02,Credit Card,90632.22
CUST104858,2021-04-03,Home Loan,88576.3
CUST104858,2022-06-18,Auto Loan,40632.51
CUST104859,2022-12-26,Personal Loan,53078.85
CUST104859,2021-01-03,Unsecured Others,67734.67
CUST104860,2022-11-11,Unsecured Others,152331.71
CUST104861,2021-11-14,Home Loan,26689.43
CUST104861,2021-06-16,Home Loan,19319.88
CUST104862,2021-09-22,Auto Loan,51583.2
CUST104862,2021-01-07,Unsecured Others,25125.56
CUST104862,2021-10-30,Unsecured Others,46728.59
CUST104863,2022-04-26,Personal Loan,49787.34
CUST104863,2021-02-27,Auto Loan,171372.52
CUST104863,2021-08-20,Personal Loan,39249.85
CUST104864,2021-12-28,Personal Loan,135435.0
CUST104864,2021-04-12,Credit Card,145204.6
CUST104864,2021-09-26,Unsecured Others,193111.15
CUST104866,2021-06-24,Auto Loan,51184.54
CUST104866,2022-03-18,Auto Loan,59032.37
CUST104866,2021-06-18,Personal Loan,93450.55
CUST104867,2022-04-08,Auto Loan,80565.99
CUST104867,2022-01-13,Auto Loan,177514.2
CUST104867,2022-08-26,Unsecured Others,92638.48
CUST104868,2022-02-22,Home Loan,11759.29
CUST104868,2021-08-25,Unsecured Others,184989.34
CUST104868,2022-02-06,Credit Card,56994.61
CUST104868,2021-07-02,Auto Loan,157069.08
CUST104868,2021-02-02,Home Loan,95740.65
CUST104868,2021-07-28,Credit Card,119620.98
CUST104869,2022-06-07,Personal Loan,51263.69
CUST104869,2022-10-21,Credit Card,66634.38
CUST104869,2021-11-15,Home Loan,83385.78
CUST104869,2022-05-12,Personal Loan,170933.93
CUST104869,2021-04-21,Auto Loan,155348.72
CUST104870,2022-04-26,Auto Loan,164488.45
CUST104870,2021-10-13,Home Loan,32891.31
CUST104870,2022-04-27,Auto Loan,145198.83
CUST104870,2022-07-20,Unsecured Others,10144.13
CUST104871,2021-12-15,Auto Loan,97434.15
CUST104871,2021-08-01,Credit Card,61767.04
CUST104871,2021-06-04,Credit Card,199773.6
CUST104871,2022-03-10,Auto Loan,17530.4
CUST104871,2022-08-08,Credit Card,175870.46
CUST104872,2022-03-06,Unsecured Others,131386.88
CUST104872,2022-04-05,Unsecured Others,189843.94
CUST104872,2021-10-18,Home Loan,129736.55
CUST104872,2021-12-10,Auto Loan,184545.05
CUST104872,2021-08-01,Personal Loan,122489.39
CUST104874,2021-12-24,Auto Loan,47126.52
CUST104874,2022-04-05,Auto Loan,148705.41
CUST104874,2021-07-26,Auto Loan,48115.5
CUST104874,2022-05-02,Auto Loan,97608.19
CUST104875,2022-03-07,Auto Loan,6275.42
CUST104875,2022-01-31,Home Loan,48664.44
CUST104877,2022-06-28,Unsecured Others,73717.48
CUST104877,2021-11-02,Credit Card,113922.32
CUST104877,2021-10-28,Unsecured Others,173580.06
CUST104877,2021-05-03,Auto Loan,133499.24
CUST104877,2022-09-03,Home Loan,150158.8
CUST104877,2022-10-04,Unsecured Others,7166.09
CUST104878,2021-07-01,Auto Loan,149469.15
CUST104878,2021-07-31,Home Loan,11104.21
CUST104878,2022-10-10,Home Loan,45375.12
CUST104879,2022-03-12,Auto Loan,178568.83
CUST104879,2022-07-31,Auto Loan,16810.74
CUST104879,2022-07-19,Credit Card,51372.87
CUST104879,2021-11-06,Home Loan,188131.75
CUST104879,2021-04-18,Credit Card,163887.57
CUST104879,2021-07-22,Home Loan,13844.94
CUST104879,2021-01-19,Credit Card,11373.63
CUST104880,2022-04-01,Personal Loan,67172.21
CUST104881,2021-03-27,Unsecured Others,72118.24
CUST104881,2022-09-11,Personal Loan,182341.28
CUST104881,2021-06-12,Auto Loan,187414.38
CUST104882,2022-08-30,Personal Loan,88480.56
CUST104882,2022-07-19,Home Loan,146594.57
CUST104882,2022-10-26,Personal Loan,75525.97
CUST104882,2021-05-10,Credit Card,77519.58
CUST104882,2022-03-15,Unsecured Others,193307.9
CUST104882,2021-04-13,Personal Loan,190812.72
CUST104883,2021-04-12,Home Loan,96078.58
CUST104883,2021-12-29,Auto Loan,148031.17
CUST104883,2022-03-07,Personal Loan,121871.19
CUST104883,2022-01-25,Auto Loan,86889.76
CUST104883,2022-03-22,Personal Loan,117126.8
CUST104883,2021-11-11,Credit Card,84408.81
CUST104883,2022-12-23,Credit Card,149353.86
CUST104884,2021-05-25,Auto Loan,75407.23
CUST104884,2021-08-16,Credit Card,161535.31
CUST104885,2021-05-22,Auto Loan,74626.41
CUST104885,2021-06-03,Personal Loan,96747.98
CUST104885,2021-12-27,Unsecured Others,117991.58
CUST104886,2021-03-05,Personal Loan,198472.77
CUST104886,2021-06-17,Auto Loan,102437.76
CUST104886,2021-11-14,Home Loan,111261.15
CUST104886,2022-03-06,Personal Loan,176300.6
CUST104886,2022-10-17,Auto Loan,138596.92
CUST104886,2022-11-12,Home Loan,173337.91
CUST104886,2021-03-02,Auto Loan,63639.61
CUST104887,2021-11-12,Credit Card,119190.62
CUST104888,2022-11-19,Home Loan,155563.56
CUST104889,2021-12-17,Credit Card,74278.75
CUST104889,2022-04-22,Home Loan,115037.43
CUST104889,2021-01-31,Unsecured Others,100955.75
CUST104889,2022-07-14,Credit Card,94868.33
CUST104889,2022-06-27,Unsecured Others,71906.01
CUST104889,2022-12-27,Personal Loan,167081.72
CUST104890,2022-11-17,Personal Loan,79337.7
CUST104890,2022-11-18,Credit Card,74843.52
CUST104891,2021-10-15,Home Loan,16285.84
CUST104891,2021-07-17,Credit Card,6821.55
CUST104891,2022-05-01,Auto Loan,47908.56
CUST104893,2021-02-27,Unsecured Others,175760.66
CUST104893,2022-11-08,Credit Card,25901.59
CUST104893,2021-01-06,Personal Loan,99236.94
CUST104893,2021-01-07,Home Loan,143260.55
CUST104893,2021-07-09,Home Loan,187625.25
CUST104894,2021-05-09,Unsecured Others,18353.88
CUST104894,2022-07-01,Auto Loan,15535.18
CUST104894,2021-08-22,Home Loan,123335.73
CUST104894,2021-01-29,Home Loan,79669.79
CUST104894,2022-12-09,Home Loan,106711.09
CUST104894,2022-05-10,Credit Card,49614.33
CUST104894,2022-07-11,Personal Loan,197445.34
CUST104895,2021-07-28,Auto Loan,197632.08
CUST104897,2021-09-02,Unsecured Others,187237.72
CUST104897,2021-01-04,Auto Loan,9767.57
CUST104897,2021-09-13,Auto Loan,76110.51
CUST104897,2021-09-04,Auto Loan,127713.43
CUST104897,2022-12-15,Auto Loan,10427.09
CUST104897,2021-05-12,Unsecured Others,108852.22
CUST104897,2021-10-18,Personal Loan,113732.72
CUST104900,2021-05-04,Credit Card,131983.39
CUST104900,2021-07-31,Auto Loan,198480.37
CUST104901,2022-06-22,Personal Loan,123459.64
CUST104901,2021-12-19,Credit Card,46658.64
CUST104901,2021-03-28,Home Loan,16003.59
CUST104902,2022-02-05,Home Loan,14462.59
CUST104902,2022-01-02,Personal Loan,194939.2
CUST104902,2021-01-24,Personal Loan,47077.95
CUST104903,2022-03-12,Auto Loan,22157.56
CUST104903,2022-10-14,Personal Loan,93209.92
CUST104903,2022-04-17,Auto Loan,118535.27
CUST104903,2022-11-05,Personal Loan,156717.94
CUST104903,2021-03-19,Home Loan,145745.08
CUST104904,2021-01-14,Personal Loan,92173.97
CUST104904,2021-03-18,Personal Loan,192176.69
CUST104904,2021-06-15,Home Loan,75291.93
CUST104904,2022-04-16,Credit Card,184701.42
CUST104904,2022-02-27,Auto Loan,64764.54
CUST104904,2022-09-26,Credit Card,56265.23
CUST104905,2022-03-05,Personal Loan,55183.36
CUST104906,2022-10-22,Home Loan,113948.69
CUST104906,2022-07-01,Unsecured Others,126042.25
CUST104906,2022-01-24,Unsecured Others,140002.65
CUST104907,2021-11-24,Unsecured Others,112573.46
CUST104907,2022-09-10,Personal Loan,146290.38
CUST104907,2021-03-30,Unsecured Others,191716.63
CUST104908,2021-12-12,Unsecured Others,103891.98
CUST104908,2021-06-23,Credit Card,160053.79
CUST104909,2022-02-09,Auto Loan,73847.9
CUST104909,2022-03-31,Personal Loan,63679.23
CUST104909,2021-07-10,Personal Loan,151945.48
CUST104909,2022-01-22,Credit Card,82092.72
CUST104909,2022-06-05,Auto Loan,190358.23
CUST104909,2021-08-22,Home Loan,123001.99
CUST104910,2021-05-25,Unsecured Others,59586.58
CUST104910,2021-02-13,Credit Card,166146.71
CUST104911,2022-09-15,Unsecured Others,118216.84
CUST104911,2021-09-19,Credit Card,80700.84
CUST104911,2021-12-07,Home Loan,183177.18
CUST104912,2021-01-16,Personal Loan,148320.55
CUST104912,2022-12-27,Home Loan,159672.99
CUST104912,2022-02-23,Auto Loan,5408.54
CUST104912,2022-09-28,Auto Loan,93274.46
CUST104913,2022-01-03,Auto Loan,15945.43
CUST104914,2022-03-04,Credit Card,167227.16
CUST104914,2021-02-10,Home Loan,11577.34
CUST104914,2022-12-01,Unsecured Others,181883.3
CUST104914,2022-05-10,Unsecured Others,124239.5
CUST104915,2022-11-18,Credit Card,72391.94
CUST104915,2022-08-28,Auto Loan,155280.5
CUST104915,2022-08-17,Credit Card,17177.82
CUST104915,2022-09-16,Auto Loan,150635.79
CUST104915,2022-08-04,Home Loan,161588.34
CUST104916,2021-01-17,Personal Loan,30485.95
CUST104916,2022-06-02,Auto Loan,47372.19
CUST104916,2021-01-08,Unsecured Others,64137.88
CUST104917,2021-08-27,Unsecured Others,77455.54
CUST104917,2021-03-22,Auto Loan,28799.99
CUST104917,2021-06-24,Personal Loan,46899.21
CUST104917,2021-04-19,Home Loan,142450.05
CUST104917,2022-03-22,Home Loan,150408.05
CUST104917,2021-01-09,Unsecured Others,89034.47
CUST104918,2021-01-15,Personal Loan,169324.23
CUST104918,2022-07-07,Personal Loan,158118.24
CUST104918,2022-04-02,Unsecured Others,131860.91
CUST104918,2022-06-16,Unsecured Others,31718.31
CUST104918,2022-05-12,Personal Loan,159452.33
CUST104919,2021-06-29,Personal Loan,31222.85
CUST104919,2022-06-12,Personal Loan,136679.14
CUST104919,2021-11-07,Unsecured Others,84818.54
CUST104919,2022-01-22,Auto Loan,117459.96
CUST104919,2022-06-01,Unsecured Others,53709.84
CUST104919,2022-10-24,Auto Loan,83214.1
CUST104920,2021-07-19,Credit Card,31524.65
CUST104920,2021-03-06,Credit Card,48386.17
CUST104920,2021-08-26,Home Loan,99054.6
CUST104920,2021-07-18,Auto Loan,148918.41
CUST104920,2021-03-27,Home Loan,177612.48
CUST104920,2021-10-26,Personal Loan,191905.27
CUST104921,2021-06-16,Unsecured Others,38548.37
CUST104921,2022-08-06,Personal Loan,54077.33
CUST104921,2022-11-14,Home Loan,133571.29
CUST104921,2021-03-31,Auto Loan,57199.48
CUST104921,2022-03-28,Unsecured Others,31411.47
CUST104921,2021-05-18,Unsecured Others,168146.07
CUST104921,2022-06-17,Auto Loan,174233.06
CUST104923,2021-01-09,Home Loan,130360.75
CUST104923,2021-08-02,Personal Loan,173007.51
CUST104923,2022-10-07,Home Loan,91597.8
CUST104923,2021-12-15,Home Loan,25077.15
CUST104924,2022-06-25,Personal Loan,152507.75
CUST104924,2022-05-09,Home Loan,65256.85
CUST104924,2021-10-15,Credit Card,103902.01
CUST104925,2022-02-18,Unsecured Others,84649.13
CUST104926,2021-09-22,Personal Loan,181432.35
CUST104926,2021-11-21,Personal Loan,31650.48
CUST104926,2022-02-25,Home Loan,159482.57
CUST104926,2021-03-10,Unsecured Others,164686.17
CUST104926,2021-10-28,Unsecured Others,11486.78
CUST104927,2021-06-18,Credit Card,113066.22
CUST104927,2022-10-12,Personal Loan,190769.66
CUST104927,2022-08-28,Auto Loan,128551.07
CUST104927,2021-04-19,Credit Card,131496.93
CUST104928,2021-08-30,Auto Loan,18303.73
CUST104928,2022-10-30,Personal Loan,108075.39
CUST104929,2021-02-24,Home Loan,42495.4
CUST104929,2022-09-19,Credit Card,184874.77
CUST104929,2021-03-19,Auto Loan,74861.8
CUST104929,2021-01-05,Personal Loan,48788.99
CUST104929,2021-04-05,Personal Loan,100807.29
CUST104929,2021-06-16,Credit Card,141255.88
CUST104929,2022-09-30,Unsecured Others,39400.38
CUST104930,2022-12-20,Credit Card,136638.26
CUST104930,2022-04-07,Auto Loan,108065.37
CUST104930,2021-11-09,Home Loan,92564.02
CUST104930,2022-06-21,Unsecured Others,100156.33
CUST104930,2021-12-24,Personal Loan,139173.41
CUST104930,2021-07-01,Credit Card,13357.69
CUST104930,2022-04-06,Auto Loan,39045.44
CUST104931,2021-05-01,Personal Loan,166924.91
CUST104931,2021-02-15,Personal Loan,33117.03
CUST104932,2022-02-28,Unsecured Others,118811.33
CUST104932,2022-07-04,Auto Loan,178596.48
CUST104932,2021-11-30,Home Loan,57440.58
CUST104932,2022-10-29,Credit Card,132347.56
CUST104932,2022-02-27,Credit Card,180073.24
CUST104932,2022-02-21,Credit Card,192971.55
CUST104933,2022-01-20,Home Loan,161266.53
CUST104933,2021-05-02,Unsecured Others,24258.05
CUST104933,2021-03-06,Auto Loan,21306.91
CUST104934,2021-05-30,Auto Loan,43908.17
CUST104934,2021-09-03,Home Loan,111090.79
CUST104935,2021-12-06,Home Loan,192606.99
CUST104935,2022-01-03,Unsecured Others,189698.78
CUST104935,2022-10-19,Home Loan,91320.93
CUST104935,2021-10-06,Unsecured Others,162864.9
CUST104935,2021-06-10,Auto Loan,5894.77
CUST104935,2022-04-16,Personal Loan,145895.87
CUST104935,2021-04-27,Unsecured Others,197686.76
CUST104937,2022-03-17,Personal Loan,46794.34
CUST104938,2021-09-09,Personal Loan,185070.88
CUST104938,2022-09-02,Auto Loan,5622.49
CUST104938,2022-11-02,Home Loan,98465.82
CUST104938,2022-01-06,Unsecured Others,153359.92
CUST104938,2021-02-13,Personal Loan,155292.94
CUST104938,2022-12-05,Credit Card,186126.29
CUST104939,2022-04-11,Unsecured Others,19225.79
CUST104939,2022-05-24,Home Loan,15103.09
CUST104939,2022-11-18,Unsecured Others,67266.21
CUST104939,2022-12-27,Home Loan,48357.74
CUST104939,2022-08-19,Personal Loan,177620.5
CUST104939,2022-03-28,Credit Card,85057.68
CUST104940,2021-09-16,Credit Card,84823.19
CUST104940,2021-07-03,Auto Loan,18481.67
CUST104940,2021-11-29,Unsecured Others,193523.93
CUST104940,2022-07-12,Home Loan,37571.69
CUST104940,2022-05-13,Home Loan,107166.25
CUST104940,2022-03-20,Credit Card,23576.68
CUST104940,2021-07-19,Home Loan,127373.34
CUST104941,2021-11-25,Credit Card,166495.83
CUST104941,2021-06-03,Home Loan,14217.7
CUST104941,2021-07-17,Unsecured Others,172868.23
CUST104941,2022-04-25,Unsecured Others,44185.15
CUST104941,2022-11-15,Personal Loan,96630.4
CUST104941,2022-11-15,Personal Loan,145502.21
CUST104942,2021-07-14,Auto Loan,78889.08
CUST104942,2021-03-13,Credit Card,91312.93
CUST104942,2022-06-17,Home Loan,19156.4
CUST104942,2021-02-23,Personal Loan,198566.82
CUST104942,2021-02-01,Personal Loan,86382.49
CUST104942,2022-03-19,Home Loan,113726.79
CUST104942,2021-01-06,Personal Loan,197835.38
CUST104943,2021-02-09,Credit Card,75502.57
CUST104943,2021-11-21,Personal Loan,193086.16
CUST104943,2021-12-18,Home Loan,171028.43
CUST104943,2022-07-07,Credit Card,37178.15
CUST104943,2022-05-26,Home Loan,81867.04
CUST104943,2022-01-21,Auto Loan,9296.4
CUST104943,2021-09-11,Unsecured Others,56305.43
CUST104944,2022-10-23,Home Loan,112874.31
CUST104944,2022-02-10,Personal Loan,80551.07
CUST104945,2021-03-11,Auto Loan,38993.64
CUST104945,2022-12-09,Credit Card,138995.34
CUST104945,2021-05-27,Credit Card,100823.44
CUST104945,2021-04-05,Unsecured Others,70170.2
CUST104945,2021-12-05,Auto Loan,144103.82
CUST104945,2021-09-06,Home Loan,58780.2
CUST104946,2022-06-06,Home Loan,18796.52
CUST104946,2021-03-07,Personal Loan,94254.07
CUST104947,2021-12-20,Auto Loan,105212.78
CUST104947,2021-11-18,Unsecured Others,8688.38
CUST104947,2021-03-21,Personal Loan,131053.81
CUST104947,2022-12-31,Personal Loan,123363.24
CUST104947,2021-01-05,Unsecured Others,122152.62
CUST104948,2022-09-01,Home Loan,109539.52
CUST104949,2021-01-21,Unsecured Others,52363.34
CUST104949,2022-07-05,Home Loan,112781.37
CUST104949,2022-07-22,Home Loan,109959.82
CUST104949,2021-07-15,Personal Loan,118052.25
CUST104949,2021-07-18,Auto Loan,197394.67
CUST104949,2021-10-28,Unsecured Others,27475.03
CUST104949,2021-03-17,Auto Loan,145355.96
CUST104950,2022-10-21,Home Loan,42118.11
CUST104950,2021-04-26,Personal Loan,105535.21
CUST104950,2021-05-31,Personal Loan,8867.29
CUST104950,2022-05-16,Auto Loan,121775.07
CUST104950,2021-12-18,Credit Card,47168.34
CUST104950,2022-06-10,Auto Loan,153525.63
CUST104950,2022-12-28,Personal Loan,72073.42
CUST104951,2021-08-02,Auto Loan,17634.33
CUST104951,2021-12-30,Auto Loan,53025.72
CUST104951,2022-04-02,Credit Card,55472.7
CUST104952,2022-06-23,Unsecured Others,21418.02
CUST104952,2021-07-08,Credit Card,187949.45
CUST104952,2022-06-17,Home Loan,196474.6
CUST104952,2021-09-19,Credit Card,152941.22
CUST104952,2022-07-10,Unsecured Others,105113.27
CUST104952,2022-06-09,Personal Loan,117611.95
CUST104952,2021-04-06,Auto Loan,122885.0
CUST104954,2022-02-26,Home Loan,12089.09
CUST104955,2021-07-19,Unsecured Others,127603.54
CUST104955,2022-07-30,Home Loan,175148.14
CUST104955,2021-04-25,Auto Loan,149410.32
CUST104955,2022-12-05,Home Loan,26148.58
CUST104955,2022-09-15,Personal Loan,84302.99
CUST104955,2021-04-09,Auto Loan,173275.26
CUST104955,2021-10-29,Home Loan,15220.62
CUST104958,2021-09-15,Unsecured Others,157841.18
CUST104958,2022-09-11,Unsecured Others,179856.7
CUST104958,2022-04-24,Home Loan,22116.91
CUST104959,2022-12-14,Credit Card,175452.44
CUST104959,2021-04-20,Credit Card,123547.76
CUST104959,2022-04-06,Home Loan,26181.38
CUST104959,2022-07-14,Auto Loan,109655.21
CUST104960,2021-01-15,Home Loan,6494.16
CUST104960,2021-12-02,Unsecured Others,40339.22
CUST104960,2021-02-12,Unsecured Others,56459.88
CUST104960,2022-11-10,Personal Loan,106353.56
CUST104961,2021-04-04,Auto Loan,147746.95
CUST104961,2021-12-25,Home Loan,13609.02
CUST104961,2022-08-28,Home Loan,194842.74
CUST104961,2022-11-26,Unsecured Others,115287.97
CUST104961,2021-12-25,Auto Loan,55274.35
CUST104961,2022-04-16,Auto Loan,38371.43
CUST104961,2022-04-04,Unsecured Others,19439.8
CUST104962,2022-11-03,Auto Loan,158666.12
CUST104962,2022-03-02,Personal Loan,126598.02
CUST104962,2021-05-03,Auto Loan,148471.54
CUST104962,2021-09-29,Home Loan,65085.95
CUST104962,2022-07-30,Unsecured Others,135514.67
CUST104962,2022-05-25,Personal Loan,12119.45
CUST104962,2021-10-09,Credit Card,29733.11
CUST104963,2021-08-30,Home Loan,139976.54
CUST104963,2022-03-27,Auto Loan,111292.11
CUST104963,2021-05-20,Home Loan,83870.52
CUST104963,2021-08-17,Home Loan,79155.6
CUST104963,2021-12-03,Home Loan,131880.15
CUST104964,2022-02-22,Unsecured Others,40428.93
CUST104964,2022-02-28,Auto Loan,189192.37
CUST104964,2022-09-25,Home Loan,195244.5
CUST104964,2021-06-07,Home Loan,56576.5
CUST104964,2021-06-02,Home Loan,82629.24
CUST104964,2021-12-03,Credit Card,62607.58
CUST104965,2021-02-25,Personal Loan,80497.03
CUST104965,2022-01-27,Home Loan,167981.46
CUST104965,2021-02-27,Home Loan,26682.68
CUST104965,2022-06-26,Home Loan,187153.73
CUST104965,2022-03-12,Personal Loan,74880.97
CUST104965,2021-01-15,Home Loan,198040.09
CUST104965,2021-05-23,Home Loan,7288.57
CUST104966,2021-04-21,Auto Loan,153930.33
CUST104966,2021-08-26,Unsecured Others,198469.69
CUST104966,2021-03-08,Unsecured Others,9900.28
CUST104966,2022-02-15,Unsecured Others,25595.36
CUST104966,2022-07-01,Credit Card,59223.46
CUST104969,2022-06-07,Auto Loan,45550.73
CUST104969,2021-10-07,Unsecured Others,170950.63
CUST104969,2021-09-18,Auto Loan,107287.23
CUST104969,2021-06-15,Auto Loan,94112.64
CUST104969,2022-10-10,Personal Loan,6971.26
CUST104969,2022-10-08,Credit Card,145914.42
CUST104970,2021-08-25,Auto Loan,59891.4
CUST104970,2021-09-14,Personal Loan,179928.42
CUST104970,2022-11-03,Personal Loan,62169.37
CUST104970,2021-10-10,Credit Card,149946.4
CUST104970,2022-10-01,Auto Loan,199012.52
CUST104971,2022-12-05,Credit Card,70709.08
CUST104971,2022-07-03,Personal Loan,69364.02
CUST104971,2022-03-26,Auto Loan,74707.06
CUST104971,2021-08-14,Personal Loan,53058.97
CUST104971,2022-01-22,Home Loan,156017.4
CUST104971,2022-09-05,Home Loan,191641.32
CUST104971,2021-09-08,Unsecured Others,120142.39
CUST104972,2022-08-12,Home Loan,155512.76
CUST104972,2022-04-23,Personal Loan,28485.77
CUST104972,2021-08-03,Personal Loan,85917.54
CUST104972,2022-06-10,Unsecured Others,58216.33
CUST104973,2021-12-01,Credit Card,186617.7
CUST104973,2022-05-19,Auto Loan,38584.11
CUST104973,2022-07-28,Personal Loan,72061.21
CUST104973,2021-02-24,Credit Card,93379.71
CUST104974,2022-09-12,Personal Loan,106200.79
CUST104974,2022-12-29,Credit Card,155994.34
CUST104975,2021-07-21,Personal Loan,195084.46
CUST104975,2022-06-12,Personal Loan,123267.96
CUST104975,2022-06-10,Auto Loan,90527.26
CUST104975,2022-09-03,Credit Card,194302.81
CUST104975,2022-12-29,Unsecured Others,178598.31
CUST104975,2022-08-16,Auto Loan,82444.46
CUST104975,2022-05-29,Auto Loan,190119.09
CUST104976,2021-10-10,Home Loan,82004.32
CUST104977,2021-02-11,Auto Loan,191930.43
CUST104977,2021-12-08,Credit Card,53160.59
CUST104977,2022-06-07,Auto Loan,131490.54
CUST104977,2021-07-08,Home Loan,172400.01
CUST104977,2022-07-06,Unsecured Others,75911.09
CUST104977,2022-08-25,Auto Loan,44773.25
CUST104977,2021-05-28,Auto Loan,15791.35
CUST104978,2021-08-17,Home Loan,112155.69
CUST104978,2021-03-02,Unsecured Others,15116.24
CUST104979,2021-02-22,Home Loan,28978.46
CUST104979,2022-10-21,Auto Loan,115208.57
CUST104981,2022-03-27,Unsecured Others,183363.94
CUST104981,2021-04-04,Auto Loan,49853.16
CUST104981,2021-06-30,Home Loan,96713.05
CUST104981,2022-08-20,Personal Loan,37278.41
CUST104981,2021-10-21,Home Loan,156115.61
CUST104981,2022-05-05,Auto Loan,9633.11
CUST104983,2022-08-26,Home Loan,105600.96
CUST104983,2021-10-08,Credit Card,166027.53
CUST104983,2021-01-09,Credit Card,123682.25
CUST104983,2022-12-25,Home Loan,58839.25
CUST104983,2022-03-06,Credit Card,158218.78
CUST104983,2022-10-11,Auto Loan,106190.03
CUST104983,2021-05-18,Auto Loan,167538.84
CUST104984,2022-05-24,Credit Card,86868.87
CUST104984,2021-12-02,Credit Card,26018.64
CUST104985,2022-03-24,Credit Card,196975.58
CUST104985,2021-08-17,Unsecured Others,71012.0
CUST104985,2021-08-14,Credit Card,167233.92
CUST104986,2022-05-27,Home Loan,161903.5
CUST104986,2021-09-30,Unsecured Others,59608.63
CUST104986,2022-05-04,Personal Loan,24837.56
CUST104986,2022-05-07,Unsecured Others,130893.94
CUST104986,2022-05-23,Auto Loan,92329.38
CUST104986,2021-09-14,Credit Card,157238.53
CUST104987,2021-05-02,Home Loan,25792.46
CUST104988,2022-02-27,Personal Loan,26813.19
CUST104988,2022-03-11,Home Loan,7114.14
CUST104988,2021-12-06,Home Loan,88512.53
CUST104988,2022-06-27,Credit Card,188253.52
CUST104989,2022-03-19,Credit Card,179626.28
CUST104989,2021-08-30,Credit Card,11651.11
CUST104989,2021-06-30,Auto Loan,68002.87
CUST104989,2022-06-29,Unsecured Others,177527.46
CUST104989,2021-12-20,Unsecured Others,135142.23
CUST104989,2021-03-09,Home Loan,42634.99
CUST104989,2022-08-12,Unsecured Others,189638.53
CUST104990,2022-01-22,Unsecured Others,170590.83
CUST104990,2021-07-08,Credit Card,80345.31
CUST104990,2021-05-07,Auto Loan,134406.98
CUST104990,2021-11-23,Personal Loan,68701.95
CUST104991,2021-11-07,Auto Loan,97831.45
CUST104991,2022-01-26,Unsecured Others,103712.67
CUST104991,2022-08-19,Unsecured Others,52878.54
CUST104991,2021-10-16,Credit Card,121456.29
CUST104991,2022-03-21,Personal Loan,145951.1
CUST104991,2022-07-01,Personal Loan,106794.57
CUST104991,2023-01-01,Unsecured Others,55187.93
CUST104992,2022-07-21,Personal Loan,146593.97
CUST104992,2022-07-21,Personal Loan,6153.88
CUST104992,2022-01-27,Unsecured Others,142444.88
CUST104992,2021-11-16,Personal Loan,104230.2
CUST104993,2021-02-21,Unsecured Others,183815.93
CUST104993,2021-04-17,Credit Card,134653.23
CUST104994,2022-01-19,Home Loan,85656.04
CUST104994,2021-02-14,Unsecured Others,155281.58
CUST104994,2022-04-02,Unsecured Others,79095.65
CUST104994,2021-09-14,Credit Card,14792.44
CUST104994,2022-03-18,Credit Card,43918.56
CUST104994,2022-11-30,Personal Loan,150275.88
CUST104995,2022-07-05,Auto Loan,139919.3
CUST104995,2021-06-10,Auto Loan,8743.09
CUST104995,2022-01-06,Unsecured Others,10227.37
CUST104995,2022-05-10,Home Loan,182730.19
CUST104995,2021-04-10,Personal Loan,21145.16
CUST104995,2022-03-31,Unsecured Others,150375.23
CUST104997,2021-01-30,Credit Card,136032.83
CUST104997,2021-01-16,Auto Loan,136655.87
CUST104997,2021-05-12,Personal Loan,87940.05
CUST104997,2022-03-18,Credit Card,98343.72
CUST104997,2021-07-13,Credit Card,137422.78
CUST104998,2022-10-24,Home Loan,69248.41
CUST104998,2021-08-15,Credit Card,10088.6
CUST104998,2022-11-10,Auto Loan,102982.22
CUST104998,2021-01-19,Credit Card,193937.02
CUST104998,2022-08-02,Unsecured Others,148283.92
CUST104998,2022-04-14,Auto Loan,100449.18
CUST104998,2022-08-21,Credit Card,82901.98
CUST104999,2022-11-24,Personal Loan,36717.96
CUST104999,2022-02-27,Personal Loan,161181.6
CUST104999,2022-04-30,Auto Loan,80067.65
CUST104999,2021-10-06,Home Loan,158114.75
